{
"type": "FeatureCollection",
"name": "(R) ORLAND 424 STATES",
"crs": { "type": "name", "properties": { "name": "urn:ogc:def:crs:OGC:1.3:CRS84" } },
"features": [
{ "type": "Feature", "properties": { "STATE": "AQUALAND", "County": "Silvergate", "Longitude": -20.19, "Latitude": -42.13 }, "geometry": { "type": "MultiPolygon", "coordinates": [ [ [ [ -20.571488310057664, -41.661228516230089 ], [ -20.505061564517177, -41.661228516230089 ], [ -20.447491718382086, -41.642038567518398 ], [ -20.392874172048792, -41.656800066527396 ], [ -20.1673369744178, -41.661121187827717 ], [ -20.1673778793471, -41.661260622446044 ], [ -20.163456303343576, -41.660157917900001 ], [ -20.159019041200001, -41.660157917900001 ], [ -20.1703960573, -41.665846426 ], [ -20.193372747117078, -41.679118505345635 ], [ -20.198410467800002, -41.710817643600002 ], [ -20.203404837199997, -41.755766968200007 ], [ -20.194336935499997, -41.761812236 ], [ -20.078584687499998, -41.803152324600006 ], [ -19.193806796499999, -41.946146731200002 ], [ -18.881006532, -41.946146731200002 ], [ -18.884319392599998, -41.953766310500001 ], [ -18.884319392567797, -41.953766310500001 ], [ -18.966772414275468, -42.050150587988213 ], [ -18.9680150666, -42.146266360600002 ], [ -18.97033282421128, -42.151597203125561 ], [ -20.046980997301965, -42.105140366318572 ], [ -20.313498576053753, -42.595914992335231 ], [ -20.317762124938611, -42.599393712898298 ], [ -20.383450892891382, -42.74543931128219 ], [ -20.4744194982, -42.907759970500003 ], [ -20.4807564561, -42.920296126300002 ], [ -20.4819641791, -42.914982144900002 ], [ -20.477076716900001, -42.900319758300007 ], [ -20.499681229700002, -42.837027122500004 ], [ -20.521093174699999, -42.742814564300005 ], [ -20.524631325, -42.723949111600007 ], [ -20.525442208199998, -42.723678817200003 ], [ -20.641738766, -42.687110678600007 ], [ -20.653430693299999, -42.687110678600007 ], [ -20.707608523474448, -42.687110678600007 ], [ -20.773671855303284, -42.510285726809954 ], [ -20.8413622341, -42.329105825100001 ], [ -20.875793381800001, -42.284837206600002 ], [ -20.877417982736727, -42.284837206600002 ], [ -20.596135834480464, -41.683200286785549 ], [ -20.577392909661263, -41.678942315040892 ], [ -20.571488310057664, -41.661228516230089 ] ] ] ] } },
{ "type": "Feature", "properties": { "STATE": "AQUALAND", "County": "Lakehurst", "Longitude": -19.55, "Latitude": -42.44 }, "geometry": { "type": "MultiPolygon", "coordinates": [ [ [ [ -18.984228684906796, -42.840255843740238 ], [ -19.076479980515742, -42.823009127397171 ], [ -19.088861194981131, -42.820835897957537 ], [ -19.249299517812759, -42.792674744025632 ], [ -20.313498576053753, -42.595914992335231 ], [ -20.046980997301965, -42.105140366318572 ], [ -18.970332824211276, -42.151597203125561 ], [ -18.970377613676696, -42.151700218896401 ], [ -18.952073467565221, -42.152385085344754 ], [ -18.973993609699999, -42.158223446800001 ], [ -18.980220295599892, -42.610362082457051 ], [ -18.984159598881085, -42.836293542405123 ], [ -18.9841664728525, -42.836687786332746 ], [ -18.984228684906796, -42.840255843740238 ] ], [ [ -18.97068338238709, -42.151688778279102 ], [ -18.9703780362, -42.151701190700003 ], [ -18.970377613676696, -42.151700218896401 ], [ -18.97068338238709, -42.151688778279102 ] ], [ [ -18.970725420899999, -42.151687069400005 ], [ -18.970725487636251, -42.151687202872509 ], [ -18.97068338238709, -42.151688778279102 ], [ -18.970725420899999, -42.151687069400005 ] ] ] ] } },
{ "type": "Feature", "properties": { "STATE": "ORLAY", "County": "Stormmark", "Longitude": -20.7, "Latitude": -36.74 }, "geometry": { "type": "MultiPolygon", "coordinates": [ [ [ [ -21.1237949458, -36.172436363800003 ], [ -20.25136989305264, -36.432430584813808 ], [ -20.271451119181698, -37.223938964279455 ], [ -21.100198946349252, -37.170986601399512 ], [ -21.1237949458, -36.172436363800003 ] ] ], [ [ [ -21.1237949458, -36.172436363798006 ], [ -21.1237949458, -36.172436363800003 ], [ -21.129249112099998, -36.17081095 ], [ -21.1237949458, -36.172436363798006 ] ] ] ] } },
{ "type": "Feature", "properties": { "STATE": "ORLAY", "County": "North Havens", "Longitude": -16.54, "Latitude": -37.31 }, "geometry": { "type": "MultiPolygon", "coordinates": [ [ [ [ -16.370257238302543, -36.828480244833244 ], [ -16.172038299626159, -36.999896030843644 ], [ -16.187010276013957, -37.042129928032814 ], [ -16.272173967699999, -37.199904886200002 ], [ -16.133146479377309, -37.329826251506866 ], [ -15.995967157993924, -37.458020502449756 ], [ -16.59400266895636, -37.736121525172472 ], [ -17.151895543458131, -37.292791158130825 ], [ -16.869954960101889, -37.159859782386732 ], [ -16.370257238302543, -36.828480244833244 ] ] ] ] } },
{ "type": "Feature", "properties": { "STATE": "ORLAY", "County": "Lavard", "Longitude": -16.07, "Latitude": -36.7 }, "geometry": { "type": "MultiPolygon", "coordinates": [ [ [ [ -15.726441854626891, -36.396781592438096 ], [ -15.699830720518342, -36.654844527018895 ], [ -15.755416429599336, -36.676152382166606 ], [ -15.868574797454498, -36.725659168103242 ], [ -15.951086107348887, -36.761021158057979 ], [ -15.957980529215986, -36.767142590814451 ], [ -15.960778239948887, -36.767366526257973 ], [ -16.016019313749311, -36.821928758067457 ], [ -16.028882485249312, -36.831745137967459 ], [ -16.052850597710773, -36.865757541491043 ], [ -16.077482367855875, -36.9006525491966 ], [ -16.077482367855879, -36.900652549196607 ], [ -16.182284091894424, -37.038573936514872 ], [ -16.187010276013957, -37.042129928032814 ], [ -16.172038299626159, -36.999896030843644 ], [ -16.370257238302543, -36.828480244833244 ], [ -16.422549584565907, -36.783748237788679 ], [ -16.481807980397093, -36.732618519293283 ], [ -16.483454969199805, -36.720609343405954 ], [ -16.492109008860822, -36.702339704121592 ], [ -16.498515568366166, -36.69547957782634 ], [ -16.501166074915925, -36.691057004227048 ], [ -16.476686687162552, -36.683622574168794 ], [ -16.337059791282453, -36.665042182426276 ], [ -16.09064719166264, -36.550999987560914 ], [ -15.911438028302772, -36.502124761190039 ], [ -15.726441854626891, -36.396781592438096 ] ] ] ] } },
{ "type": "Feature", "properties": { "STATE": "ORLAY", "County": "Camphor's", "Longitude": -14.97, "Latitude": -37.01 }, "geometry": { "type": "MultiPolygon", "coordinates": [ [ [ [ -14.9537880684, -36.614996000800005 ], [ -14.522056346554983, -36.90725438347576 ], [ -14.539489336713128, -36.942703584890943 ], [ -14.812917008099999, -37.183914069800004 ], [ -14.826389353419732, -37.207574150350197 ], [ -14.824786650562407, -37.208726754131341 ], [ -14.82478665056251, -37.208726754131554 ], [ -14.826389353419849, -37.207574150350403 ], [ -14.9277632956, -37.423992462 ], [ -14.986582240553997, -37.434853905869296 ], [ -15.011649597752211, -37.425790424296373 ], [ -15.3254505152, -37.145245626900007 ], [ -15.270519967599999, -36.882405693700001 ], [ -14.9537880684, -36.614996000800005 ] ] ] ] } },
{ "type": "Feature", "properties": { "STATE": "AUSTINAS", "County": "New Orchester", "Longitude": -12.23, "Latitude": -37.49 }, "geometry": { "type": "MultiPolygon", "coordinates": [ [ [ [ -12.202428471299999, -37.184323475300005 ], [ -12.155666377799999, -37.215603375900002 ], [ -12.0707685668, -37.214121479100001 ], [ -11.8997874274, -37.279075934300003 ], [ -11.7292508571, -37.318561046200003 ], [ -11.6103939218, -37.316486390700007 ], [ -11.491471329293471, -37.366060644970894 ], [ -11.6980295803, -37.529213635100007 ], [ -11.747524826327915, -37.570246763405386 ], [ -11.790006669591568, -37.605465558444877 ], [ -11.8778606161, -37.466219147 ], [ -12.238815500699999, -37.706590524200003 ], [ -12.633365526, -37.840690006400003 ], [ -12.825069123367633, -37.572845101669643 ], [ -12.658902839452818, -37.469158979248952 ], [ -12.488581538939329, -37.36288016744772 ], [ -12.202428471299999, -37.184323475300005 ] ] ] ] } },
{ "type": "Feature", "properties": { "STATE": "NEW ZALES", "County": "Montclair", "Longitude": -8.33, "Latitude": -31.74 }, "geometry": { "type": "MultiPolygon", "coordinates": [ [ [ [ -10.14710349, -31.004039954283371 ], [ -8.400070873299999, -31.146265321500003 ], [ -8.399030379099999, -31.114172689500002 ], [ -6.966514088299999, -31.219504769700002 ], [ -6.9691882377, -31.244240651100007 ], [ -6.633810762097008, -31.271236555805146 ], [ -6.549522940156436, -32.333505954724785 ], [ -7.078725809503743, -32.589107340592349 ], [ -7.0821630727, -32.528221788600007 ], [ -7.801296788, -32.379553108200007 ], [ -7.952313737361933, -32.436293431796301 ], [ -10.405906013357557, -31.990070858644962 ], [ -10.050020095877507, -31.507325246537718 ], [ -10.115826813806937, -31.443319950749711 ], [ -10.112511925972129, -31.436158965115311 ], [ -10.113663959431708, -31.434002727529197 ], [ -10.135069834526025, -31.425344008118685 ], [ -10.14710349, -31.419327180400003 ], [ -10.14710349, -31.004039954283371 ] ] ] ] } },
{ "type": "Feature", "properties": { "STATE": "NORTH ORLE", "County": "Norford", "Longitude": -25.99, "Latitude": -32.76 }, "geometry": { "type": "MultiPolygon", "coordinates": [ [ [ [ -26.522664388899997, -33.043023463200001 ], [ -26.527716360399999, -33.043182580400007 ], [ -26.520963542300002, -32.611002223700005 ], [ -26.518218469300002, -32.488846477100005 ], [ -25.462364839099997, -32.480191939100003 ], [ -25.427719261100002, -33.008537002500006 ], [ -25.735931691600001, -33.018244480600003 ], [ -26.001956220799997, -33.014021869100006 ], [ -26.001529512399998, -33.026609766300005 ], [ -26.003071330600001, -33.026658327500002 ], [ -26.522664388899997, -33.043023463200001 ] ] ] ] } },
{ "type": "Feature", "properties": { "STATE": "WESTVALE", "County": "Qorshend", "Longitude": -8.25, "Latitude": -39.61 }, "geometry": { "type": "MultiPolygon", "coordinates": [ [ [ [ -7.926325493, -38.520807700300004 ], [ -7.76912830260001, -38.53233617315 ], [ -7.654778419957252, -38.540722325053181 ], [ -7.6119311122, -38.543864646 ], [ -7.677858054086831, -39.128722196281601 ], [ -7.6860829311, -39.201687531600001 ], [ -7.81337955811828, -39.968902780818091 ], [ -7.8927038658, -40.446989434900004 ], [ -7.8634206928, -40.489295375200001 ], [ -8.950529209299999, -40.351274964800005 ], [ -8.771697153, -39.149275198200002 ], [ -8.765362731919959, -39.148768176019708 ], [ -8.754155679514282, -39.147871136799608 ], [ -8.5436579965, -39.131022399900004 ], [ -8.515620068901486, -39.101988275948578 ], [ -8.3754304314, -38.956817656700004 ], [ -8.16352715595, -38.831803811100002 ], [ -7.9516238805, -38.706789965500008 ], [ -7.926325493, -38.520807700300004 ] ] ] ] } },
{ "type": "Feature", "properties": { "STATE": "ORVILLE", "County": "Fairwyn", "Longitude": -17.41, "Latitude": -34.08 }, "geometry": { "type": "MultiPolygon", "coordinates": [ [ [ [ -16.441445095138171, -33.525187885198036 ], [ -16.4345492458, -33.525067517700002 ], [ -16.40781185247846, -33.829808916693715 ], [ -16.40766033350868, -33.831535865251098 ], [ -16.415769303893462, -33.83029482662198 ], [ -16.360057126932759, -34.374096899308398 ], [ -16.34532756764731, -34.541978130258151 ], [ -16.3810743921, -34.542602093400006 ], [ -16.379992203436487, -34.55067775928638 ], [ -17.199804867911027, -34.608778251683304 ], [ -17.198740925444874, -34.61875595019896 ], [ -17.202958669499999, -34.619009237800007 ], [ -18.332419656699003, -34.675189911511922 ], [ -18.408346811439579, -34.020659585460621 ], [ -18.409579839620378, -34.020706984917062 ], [ -18.447930010402651, -33.71335067606784 ], [ -18.463586654977327, -33.577014749439428 ], [ -18.466789865700001, -33.549404411770098 ], [ -16.681040189056219, -33.529370033122383 ], [ -16.441445095138171, -33.525187885198036 ] ] ] ] } },
{ "type": "Feature", "properties": { "STATE": "ARDENLAND", "County": "Oakvale", "Longitude": -19.73, "Latitude": -36.27 }, "geometry": { "type": "MultiPolygon", "coordinates": [ [ [ [ -19.534229226800001, -36.644000182600003 ], [ -19.842599737900002, -36.394113733900006 ], [ -19.927667465100001, -36.378163535100008 ], [ -19.980834794700002, -36.314362739600007 ], [ -20.0446355901, -36.223978279500002 ], [ -20.108436385499999, -36.192077881800003 ], [ -20.108436385499999, -36.133593819300003 ], [ -20.108436385499999, -36.096376688600003 ], [ -19.501645830439486, -36.040286805439209 ], [ -19.4781426863, -36.038114245900005 ], [ -19.475745164300001, -36.037892626200005 ], [ -19.475760679947228, -36.038053424725661 ], [ -19.495286970400002, -36.240416798300004 ], [ -19.533843225296053, -36.639999803858473 ], [ -19.533928048500002, -36.640878880700001 ], [ -19.534229226800001, -36.644000182600003 ] ] ] ] } },
{ "type": "Feature", "properties": { "STATE": "ORVILLE", "County": "Brayhurst", "Longitude": -17.69, "Latitude": -35.09 }, "geometry": { "type": "MultiPolygon", "coordinates": [ [ [ [ -18.443083416209944, -34.720817888303266 ], [ -18.327429597763533, -34.677447706385863 ], [ -17.199804867911027, -34.619620797162661 ], [ -17.077362210099999, -35.630715495100006 ], [ -17.287988003927389, -35.701661023076554 ], [ -17.611457489670507, -35.810615928519695 ], [ -17.620680287179752, -35.813722462751919 ], [ -17.616287226581065, -35.545745766232024 ], [ -17.620680287179752, -35.242624584922631 ], [ -18.408650716678142, -35.290353196042176 ], [ -18.410538923399997, -35.290467567700006 ], [ -18.442481087080971, -34.731360888534205 ], [ -18.443083416209944, -34.720817888303266 ] ] ] ] } },
{ "type": "Feature", "properties": { "STATE": "AQUALAND", "County": "Fairvale", "Longitude": -18.99, "Latitude": -43.8 }, "geometry": { "type": "MultiPolygon", "coordinates": [ [ [ [ -19.3457383535, -44.135748582500007 ], [ -19.0329380891, -43.474399451900005 ], [ -19.036978871599999, -43.425236597400001 ], [ -19.03819588789705, -43.410429565803916 ], [ -19.0741205267, -42.973346460900004 ], [ -19.085756838199998, -42.831771337800006 ], [ -19.085538584805839, -42.823009878394167 ], [ -19.088861194981131, -42.820835897957537 ], [ -19.076479980515742, -42.823009127397171 ], [ -18.984228684906796, -42.840255843740238 ], [ -18.9841664728525, -42.836687786332746 ], [ -18.984159598881085, -42.836293542405123 ], [ -18.983394880604081, -42.840878372445736 ], [ -18.809031576020061, -42.904628048034994 ], [ -18.794490079453727, -42.910660565299182 ], [ -18.723054563200002, -42.996587988500004 ], [ -18.654616641400001, -43.059322750100002 ], [ -18.617042880500001, -43.129102591900001 ], [ -18.608991360299999, -43.139166992200003 ], [ -18.604424872898953, -43.137897958512426 ], [ -18.518148003261274, -43.352536467902922 ], [ -18.4752170979, -43.455859959800001 ], [ -18.450152783699998, -43.468392116900006 ], [ -18.431023015272388, -43.477957001158806 ], [ -18.45355974203833, -43.502135534173497 ], [ -18.453800278199843, -43.504059506792146 ], [ -18.453859187924891, -43.504227172932609 ], [ -18.455150177698343, -43.5079419424086 ], [ -18.554073741349026, -43.791079839614547 ], [ -18.595276289182504, -43.872013415725547 ], [ -18.781470816074183, -44.225728125678366 ], [ -18.898606321937745, -44.301601851319681 ], [ -18.913946052137746, -44.318475554619681 ], [ -19.478789556937748, -44.679975397619678 ], [ -19.484262066837744, -44.683477804019681 ], [ -19.658372827299999, -44.530738068100007 ], [ -19.648237214400854, -44.496276984221574 ], [ -19.645724583368299, -44.497828809256916 ], [ -19.563370724800002, -44.207730919400007 ], [ -19.5443096244, -44.142923178100006 ], [ -19.541537100699998, -44.142230047100007 ], [ -19.5156112423, -44.135748582500007 ], [ -19.3457383535, -44.135748582500007 ] ] ], [ [ [ -18.604424872898953, -43.137897958512426 ], [ -18.605315325581, -43.135622024088043 ], [ -18.604364592053827, -43.137889452820524 ], [ -18.604424872898953, -43.137897958512426 ] ] ] ] } },
{ "type": "Feature", "properties": { "STATE": "BAYBAR", "County": "Bayhaven", "Longitude": -8.68, "Latitude": -45.15 }, "geometry": { "type": "MultiPolygon", "coordinates": [ [ [ [ -7.3860947385, -45.057149325300003 ], [ -9.914969454, -45.841972512900007 ], [ -9.9096897065, -45.837931889800004 ], [ -10.080353389100001, -45.607535918300002 ], [ -10.100078907974623, -45.557232328561675 ], [ -8.194606991700001, -44.472383873500007 ], [ -8.1863412246, -44.481972163400002 ], [ -7.7419005337, -44.654810209800004 ], [ -7.5111332519, -44.744553041700001 ], [ -7.5361409546, -44.807072298400001 ], [ -7.3860947385, -45.057149325300003 ] ] ] ] } },
{ "type": "Feature", "properties": { "STATE": "WEST VILLE", "County": "Brisemont", "Longitude": -15.78, "Latitude": -33.36 }, "geometry": { "type": "MultiPolygon", "coordinates": [ [ [ [ -15.211422037353497, -33.756753153117081 ], [ -16.40781185247846, -33.829808916693715 ], [ -16.4345492458, -33.525067517700002 ], [ -16.441445095138171, -33.525187885198036 ], [ -16.441441534161321, -33.521469100194921 ], [ -16.435170491769899, -33.521262308193762 ], [ -16.441384571118217, -33.461981684435692 ], [ -16.4413818126, -33.459100919800001 ], [ -16.445549360271386, -33.422250730744629 ], [ -16.495885788035771, -32.977167188635484 ], [ -16.492228450402397, -32.976944930107592 ], [ -16.490039993122444, -32.97681193629019 ], [ -16.4899453564, -32.977965148100004 ], [ -16.415588110676577, -32.972287452239264 ], [ -15.140435659682549, -32.874920642557385 ], [ -15.139005713066599, -33.02617780581388 ], [ -15.074746493695445, -33.717930847188349 ], [ -15.211422037353497, -33.756753153117081 ] ] ] ] } },
{ "type": "Feature", "properties": { "STATE": "UGHAMPTON", "County": "Throg'dun", "Longitude": -5.18, "Latitude": -36.25 }, "geometry": { "type": "MultiPolygon", "coordinates": [ [ [ [ -5.6848889427, -36.821876833300003 ], [ -5.678478415982017, -36.265630170981801 ], [ -5.672132701105378, -35.715007285306704 ], [ -5.672045713426362, -35.707459293036479 ], [ -5.6719659286, -35.700536298200007 ], [ -4.679471459789859, -35.714712148467591 ], [ -4.6480839575, -35.715160457800003 ], [ -4.6783841626, -36.771812141100007 ], [ -5.6848889427, -36.821876833300003 ] ] ] ] } },
{ "type": "Feature", "properties": { "STATE": "NORTH ORLE", "County": "Redmarsh", "Longitude": -24.63, "Latitude": -34.09 }, "geometry": { "type": "MultiPolygon", "coordinates": [ [ [ [ -24.380592619799998, -34.770507890200001 ], [ -24.36417860456644, -34.776853215919715 ], [ -24.364058491499996, -34.786582374300004 ], [ -24.856040780395638, -34.861826724404949 ], [ -24.901449086927677, -33.529849730472328 ], [ -24.9096160478, -33.392370449600001 ], [ -24.734540063799997, -33.392370449600001 ], [ -24.557171853404974, -33.392370449600001 ], [ -24.547976582604974, -33.392370449600001 ], [ -24.373991311527803, -33.386551605888016 ], [ -24.37919419376999, -33.560590490606351 ], [ -24.374386221834015, -33.950036217364413 ], [ -24.367671924948645, -34.493894265001813 ], [ -24.380592619799998, -34.770507890200001 ] ] ], [ [ [ -24.372762192800003, -32.322141458200001 ], [ -24.372331775698953, -32.322249062474953 ], [ -24.372238291400002, -32.327717893700004 ], [ -24.699168077400003, -32.327717893700004 ], [ -24.372712099015644, -32.320463316431436 ], [ -24.372762192800003, -32.322141458200001 ] ] ], [ [ [ -24.7661897379, -31.589058931600007 ], [ -24.350961065141384, -31.639976126185111 ], [ -24.774568507300003, -31.601627085600008 ], [ -24.7661897379, -31.589058931600007 ] ] ] ] } },
{ "type": "Feature", "properties": { "STATE": "ORVILLE", "County": "Thornvale", "Longitude": -18.95, "Latitude": -33.92 }, "geometry": { "type": "MultiPolygon", "coordinates": [ [ [ [ -18.485417915299998, -33.531415513270098 ], [ -18.47745022983128, -33.548614929994081 ], [ -18.465188424168861, -33.575083834446239 ], [ -18.464935680725979, -33.577059234505349 ], [ -18.447930010402651, -33.71335067606784 ], [ -18.409579839620378, -34.020706984917062 ], [ -18.412620180637486, -34.020823860195215 ], [ -18.768342974448544, -34.034498379020128 ], [ -18.768288762804577, -34.041931305036762 ], [ -18.769724958899999, -34.041993520300004 ], [ -18.767257161569873, -34.183373532119688 ], [ -18.766788424506018, -34.24764179004422 ], [ -18.772061296006264, -34.286405548563096 ], [ -18.799216471169867, -34.475879783938758 ], [ -19.0922468286, -34.450532310300005 ], [ -19.202258537473575, -34.451918064565987 ], [ -19.276975212445343, -34.204959937545922 ], [ -19.472174468095105, -33.559775410943402 ], [ -19.474599264950633, -33.551760823971058 ], [ -18.485417915299998, -33.531415513270098 ] ] ] ] } },
{ "type": "Feature", "properties": { "STATE": "BAYBAR", "County": "New Guernsey", "Longitude": -6.52, "Latitude": -43.03 }, "geometry": { "type": "MultiPolygon", "coordinates": [ [ [ [ -6.0248638994, -42.704073741200006 ], [ -6.6795105703, -43.500560524200004 ], [ -6.8453603717, -43.430200002400007 ], [ -6.7987984221, -42.918018556300005 ], [ -6.7965750607, -42.899490544600006 ], [ -6.3065022353, -42.660430629800004 ], [ -6.293673095656453, -42.660430629800004 ], [ -6.0957839554, -42.660430629800004 ], [ -6.079655112053862, -42.670356071862663 ], [ -6.0248638994, -42.704073741200006 ] ] ] ] } },
{ "type": "Feature", "properties": { "STATE": "AUSTINAS", "County": "Dravenia", "Longitude": -12.62, "Latitude": -38.07 }, "geometry": { "type": "MultiPolygon", "coordinates": [ [ [ [ -12.783177884620592, -37.631374805886516 ], [ -12.633365526, -37.840690006400003 ], [ -12.238815500699999, -37.706590524200003 ], [ -12.247521967899999, -37.744193838 ], [ -11.987294440448714, -38.107352242786881 ], [ -12.187627673348761, -38.204089900896562 ], [ -12.220323674608267, -38.227043463261367 ], [ -12.220323674608387, -38.227043463261452 ], [ -12.5810977917, -38.480317590900007 ], [ -12.784403366199999, -38.633671670100007 ], [ -12.781937225335405, -38.63626949151412 ], [ -12.7865458399, -38.639672933800007 ], [ -12.906540211, -38.523795716700008 ], [ -12.874372396459968, -38.395431523135969 ], [ -12.842204581099999, -38.267067326300001 ], [ -13.032195667615941, -38.083595066750298 ], [ -13.222186756100001, -37.900122805300008 ], [ -13.217097926965144, -37.895641993764144 ], [ -13.226716308745512, -37.885965654158248 ], [ -13.122320379970144, -37.812188548057541 ], [ -13.076660852468795, -37.771984459429632 ], [ -13.066997607599999, -37.779442241900007 ], [ -12.8345569809, -37.578765431200004 ], [ -12.825069123367633, -37.572845101669643 ], [ -12.821421795199999, -37.585680258600007 ], [ -12.783177884620592, -37.631374805886516 ] ] ] ] } },
{ "type": "Feature", "properties": { "STATE": "UGHAMPTON", "County": "Lothirien", "Longitude": -7.39, "Latitude": -34.46 }, "geometry": { "type": "MultiPolygon", "coordinates": [ [ [ [ -6.99420679752443, -35.549002495679375 ], [ -7.666401623066863, -34.634295389017517 ], [ -7.860338176896827, -34.354111670893829 ], [ -7.856452439, -34.350997261600007 ], [ -8.119099527064279, -33.957698618434804 ], [ -7.041029056681349, -33.854992100143029 ], [ -6.99420679752443, -35.549002495679375 ] ] ] ] } },
{ "type": "Feature", "properties": { "STATE": "MARCENNE", "County": "Brumeux", "Longitude": -10.9, "Latitude": -34.79 }, "geometry": { "type": "MultiPolygon", "coordinates": [ [ [ [ -10.236131145938881, -35.244548614389977 ], [ -10.239611926954261, -35.208826243348064 ], [ -10.234030280825294, -35.244626047648168 ], [ -10.236131145938881, -35.244548614389977 ] ] ], [ [ [ -10.262365713685826, -34.449101075093516 ], [ -10.3061640792, -34.477841635200001 ], [ -10.239967334185895, -35.207349137840389 ], [ -10.2433868058, -35.193137495800002 ], [ -11.488548575404321, -35.153203483497073 ], [ -11.581435099758531, -34.873226403756377 ], [ -11.607232563341622, -34.795468100612553 ], [ -11.609577045820767, -34.788401398929203 ], [ -11.618934077199999, -34.702190388200002 ], [ -11.689637216796935, -34.547085308901202 ], [ -11.684070275694403, -34.525793048157553 ], [ -11.472588970996918, -34.495928468650497 ], [ -10.633717040699999, -34.370620221200006 ], [ -10.633661759692867, -34.370381462009234 ], [ -10.57410155530026, -34.328164037288758 ], [ -10.39926276819147, -34.325112214879013 ], [ -10.398410527029961, -34.325935214601785 ], [ -10.3988475365, -34.330610374900004 ], [ -10.300985773800001, -34.460348312 ], [ -10.263631095648833, -34.436912632343919 ], [ -10.262365713685826, -34.449101075093516 ] ] ] ] } },
{ "type": "Feature", "properties": { "STATE": "HILLTON", "County": "Brindlefort", "Longitude": -21.43, "Latitude": -37.56 }, "geometry": { "type": "MultiPolygon", "coordinates": [ [ [ [ -21.034666641081806, -38.102710251528279 ], [ -21.034648819981804, -38.103042912428279 ], [ -21.033210398136116, -38.108718941299692 ], [ -21.036122396396088, -38.102758033900898 ], [ -21.034666641081806, -38.102710251528279 ] ] ], [ [ [ -21.045664769060615, -38.083224643170574 ], [ -21.036122396396088, -38.102758033900898 ], [ -21.624448702888067, -38.122068715114189 ], [ -21.633096785281808, -38.109574671028277 ], [ -21.694225298912009, -38.134298010463283 ], [ -21.758254272471532, -37.760795664680522 ], [ -21.806121365999811, -37.481570952418103 ], [ -21.798129144499999, -37.472372808 ], [ -21.811250595152998, -37.415029385917975 ], [ -21.776865985299999, -37.346260166300006 ], [ -21.7539437726, -37.300415741 ], [ -21.754774105558425, -37.296264076207876 ], [ -21.7546048122, -37.295952779300002 ], [ -21.795265007200001, -36.876873086900005 ], [ -21.733283155400002, -36.938854938700004 ], [ -21.650640686300001, -36.980176173200007 ], [ -21.423373896299999, -37.000836790500003 ], [ -21.100198946349252, -37.170986601399512 ], [ -21.100198946349252, -37.17098660139952 ], [ -21.098475374374956, -37.193381251037223 ], [ -21.097902386127409, -37.198907496291291 ], [ -21.044216697586755, -37.925708510012221 ], [ -21.060117934799997, -37.924574383500001 ], [ -21.045664769060615, -38.083224643170574 ] ] ], [ [ [ -21.835822551908834, -36.891021844455821 ], [ -21.836586241699997, -36.887203395500002 ], [ -21.8280860375, -36.891453497600004 ], [ -21.823586701049575, -36.893703165827588 ], [ -21.835822551908834, -36.891021844455821 ] ] ] ] } },
{ "type": "Feature", "properties": { "STATE": "AUSTINAS", "County": "North Corwin", "Longitude": -14.07, "Latitude": -38.64 }, "geometry": { "type": "MultiPolygon", "coordinates": [ [ [ [ -14.025774909694992, -38.299622671975527 ], [ -13.990228652500001, -38.336807502800006 ], [ -13.961248165610039, -38.401296253533538 ], [ -13.959963490940961, -38.404154972395723 ], [ -13.948691311800001, -38.429238358800006 ], [ -13.959076108582799, -38.471102921447965 ], [ -13.973557517, -38.529482285300006 ], [ -13.9588602598, -38.609073651900005 ], [ -13.876089844442941, -38.657102150360124 ], [ -13.8774519353, -38.658714770600007 ], [ -13.888707883009417, -38.70088324822602 ], [ -13.895907064399999, -38.727853746600005 ], [ -13.875050262199998, -38.796306530300001 ], [ -13.811164365955124, -38.834701219396294 ], [ -13.795568659099999, -38.844074059900002 ], [ -13.796715369762044, -38.849921725342604 ], [ -13.8226509345, -38.982180463900001 ], [ -13.823809255280111, -38.98384966813898 ], [ -14.026664385885862, -38.892968123553175 ], [ -14.369761287419216, -38.746891833861646 ], [ -14.360389929588045, -38.729953126196691 ], [ -14.347471352821735, -38.706602828488073 ], [ -14.289522455583754, -38.601860330388632 ], [ -14.104937615200001, -38.245653862300003 ], [ -14.0715616765, -38.251725275400005 ], [ -14.025774909694992, -38.299622671975527 ] ] ] ] } },
{ "type": "Feature", "properties": { "STATE": "ORLAY", "County": "Arfield", "Longitude": -11.36, "Latitude": -36.18 }, "geometry": { "type": "MultiPolygon", "coordinates": [ [ [ [ -11.560004727450291, -36.547084031448328 ], [ -12.0055301842, -36.211914172100002 ], [ -11.986086288716235, -36.204694730698549 ], [ -11.9685420902, -36.211268542500001 ], [ -11.302772247809507, -35.950982933017031 ], [ -10.865578107862589, -35.775181626498316 ], [ -10.840263690763486, -35.768692278114948 ], [ -10.870344373058987, -35.898611028492823 ], [ -10.941879316351063, -36.207571122867051 ], [ -11.5434597871, -36.528725171900007 ], [ -11.560004727450291, -36.547084031448328 ] ] ] ] } },
{ "type": "Feature", "properties": { "STATE": "NEW ZALES", "County": "Beaupré", "Longitude": -13.06, "Latitude": -30.5 }, "geometry": { "type": "MultiPolygon", "coordinates": [ [ [ [ -14.579287642299999, -30.060118161600002 ], [ -14.5107045148, -30.066519253500005 ], [ -14.4982311648, -30.032217540800005 ], [ -14.482842273121328, -29.980715145118218 ], [ -14.429785265433207, -29.843991317614183 ], [ -14.402644620068354, -29.774051962250894 ], [ -14.400845784037561, -29.769416500171538 ], [ -14.313937373254452, -29.783389567188848 ], [ -14.304660264220523, -29.784881133598702 ], [ -14.129034540399999, -29.802853023300003 ], [ -13.92288114000738, -29.824553381188935 ], [ -13.923280951984452, -29.836777909904029 ], [ -13.893974156789277, -29.838627541793137 ], [ -13.878163623175894, -29.839625387752079 ], [ -11.7234254457, -29.976302893500005 ], [ -11.723164778799999, -29.975911893100005 ], [ -11.700438273, -30.862245619 ], [ -11.705310107599999, -31.208145881200004 ], [ -11.711061958139748, -31.207187239443599 ], [ -12.1400782209, -31.135684529 ], [ -12.521034766689112, -31.148383080522805 ], [ -13.032200455720364, -31.165421936819143 ], [ -13.226998504200001, -31.171915205100007 ], [ -14.113675068521761, -31.117628884794634 ], [ -14.1146500688, -31.117569190900007 ], [ -14.291559183899999, -30.714948446300006 ], [ -14.513029445899999, -30.068993515400003 ], [ -14.5782241175, -30.062538597400007 ], [ -14.579287642299999, -30.060118161600002 ] ] ] ] } },
{ "type": "Feature", "properties": { "STATE": "NEW ZALES", "County": "Lavender Hill", "Longitude": -5.45, "Latitude": -31.17 }, "geometry": { "type": "MultiPolygon", "coordinates": [ [ [ [ -5.537319744099999, -30.941408236800001 ], [ -5.436792983861096, -30.899646330102151 ], [ -5.426263234, -30.931235579800003 ], [ -5.404483669153407, -30.920584292915343 ], [ -5.400171032537452, -30.922745475795665 ], [ -5.400170970432839, -30.922745506918034 ], [ -5.087330018799999, -31.079518861400004 ], [ -5.087330018799999, -31.227802143100007 ], [ -5.076522894238788, -31.223820570924786 ], [ -5.076184931382993, -31.233689698555452 ], [ -5.272575879143062, -31.307881834341124 ], [ -5.553170687887226, -31.414127665210415 ], [ -5.775227625405179, -31.384239274243548 ], [ -5.775097227499632, -31.383672114002678 ], [ -5.773234536753867, -31.383924853448349 ], [ -5.765932639383838, -31.352962248425357 ], [ -5.738537873, -31.355200929900008 ], [ -5.70708986968971, -30.990543835520995 ], [ -5.6833923008, -30.991778083900002 ], [ -5.678204645052222, -30.98998923709177 ], [ -5.537319744099999, -30.941408236800001 ] ] ] ] } },
{ "type": "Feature", "properties": { "STATE": "NOVA", "County": "Cyriettes", "Longitude": -13.11, "Latitude": -41.52 }, "geometry": { "type": "MultiPolygon", "coordinates": [ [ [ [ -13.7634750236, -41.215491442500003 ], [ -13.770633827899999, -41.190435627500001 ], [ -13.7235604996, -41.195479198400001 ], [ -13.7169584317, -41.221379618700006 ], [ -13.358544418099999, -41.266748481100002 ], [ -13.358544418099999, -41.234588064200004 ], [ -13.355402706164679, -41.210471351207858 ], [ -13.3567148355, -41.128759434700001 ], [ -13.187823834035054, -41.028378423096179 ], [ -12.774710822599999, -40.919592278500005 ], [ -12.732273532818844, -40.908044381301927 ], [ -12.548692837800001, -40.881922614300002 ], [ -12.433108768343541, -41.028767475445285 ], [ -12.428252253143542, -41.036399142145285 ], [ -12.45578164700699, -41.149437463409903 ], [ -12.6254582364, -41.414538062399998 ], [ -13.025257518139414, -42.095311008501518 ], [ -13.184591864067647, -42.366623432127689 ], [ -13.184806431088507, -42.366988794022021 ], [ -13.3312324495, -42.200175175300004 ], [ -13.389069559599999, -42.151977583500006 ], [ -13.465382413299999, -42.121452442100001 ], [ -13.480644984, -42.121452442100001 ], [ -13.480644984, -42.014614446900005 ], [ -13.526432696200001, -41.968826734800004 ], [ -13.530107018799999, -41.954412084600001 ], [ -13.556957837700001, -41.938301593300004 ], [ -13.7634750236, -41.215491442500003 ] ] ] ] } },
{ "type": "Feature", "properties": { "STATE": "AQUALAND", "County": "Hohenmark", "Longitude": -23.17, "Latitude": -41.51 }, "geometry": { "type": "MultiPolygon", "coordinates": [ [ [ [ -22.784071651399998, -40.941897486900004 ], [ -22.785110755968766, -40.97499327556379 ], [ -22.785239439288866, -40.97909187747026 ], [ -22.776675906094532, -40.992454742524494 ], [ -22.675532463055895, -40.998278939867816 ], [ -22.55665146241034, -41.010216413042627 ], [ -22.557425920327113, -41.012065319670327 ], [ -22.6419133363, -41.213766845300007 ], [ -22.765905871551467, -41.51018987909859 ], [ -22.76851663063621, -41.511916637853872 ], [ -22.763024804285561, -41.513975254385905 ], [ -22.906568375844937, -41.820025590449944 ], [ -23.03156434310943, -42.092076794797855 ], [ -23.26773579230575, -42.273605817660183 ], [ -23.26893875262876, -42.276224036566127 ], [ -23.67587306671463, -41.85452507092571 ], [ -23.679140327100001, -41.839582017400005 ], [ -23.673346524799999, -41.830167088700001 ], [ -23.629702207699999, -41.768337639500004 ], [ -23.628633607777111, -41.766200439634133 ], [ -23.622839709916697, -41.757911644005546 ], [ -23.650486171139534, -41.56819579877542 ], [ -23.64107816596244, -41.482228512284266 ], [ -23.640335673599999, -41.475917327200001 ], [ -23.6441049795, -41.464609409600001 ], [ -23.642877709700002, -41.452336712100006 ], [ -23.637776505849768, -41.441952486153269 ], [ -23.622895293199999, -41.397385066500007 ], [ -23.6052829313, -41.353354161800006 ], [ -23.602502032, -41.341303598400003 ], [ -23.581101595255159, -41.286262975852189 ], [ -23.597069768943044, -41.174183297066676 ], [ -23.602398998399998, -41.135546383400005 ], [ -23.5976596165, -41.145376212500004 ], [ -23.244002914100001, -40.999984012700004 ], [ -22.889038053347313, -40.854054014397505 ], [ -22.888813035846894, -40.854524529743415 ], [ -22.889734469438558, -40.854904148249339 ], [ -22.881286654, -40.870262319700004 ], [ -22.789658401400001, -40.880443236700003 ], [ -22.789352629500002, -40.883806727900001 ], [ -22.788254802600001, -40.895882824200001 ], [ -22.78918145, -40.895909299800003 ], [ -22.784071651399998, -40.941897486900004 ] ] ] ] } },
{ "type": "Feature", "properties": { "STATE": "HILLTON", "County": "Silverwyn", "Longitude": -21.58, "Latitude": -38.78 }, "geometry": { "type": "MultiPolygon", "coordinates": [ [ [ [ -21.845452913835629, -38.597511207112909 ], [ -21.8394976266, -38.598725942500003 ], [ -21.740424766099999, -38.283258525200004 ], [ -21.635176354491229, -38.137728654719396 ], [ -21.442932210800556, -38.559151478892133 ], [ -21.36642951924469, -38.694728241327127 ], [ -21.134536112699998, -39.113632459600005 ], [ -21.1077339235, -39.170732775800005 ], [ -21.20071817287262, -39.186230150695444 ], [ -21.323811338688429, -39.203591982212181 ], [ -21.466727583899999, -39.042811206300001 ], [ -21.487108146881422, -39.051869234271436 ], [ -21.4985031822, -39.032712007200004 ], [ -21.49891720430362, -39.032941146763207 ], [ -21.503067038099999, -39.024641479200007 ], [ -21.723699438099999, -39.157020919200001 ], [ -21.819951113056298, -39.195581989948877 ], [ -21.873852809885655, -39.053127505443477 ], [ -21.883395506278099, -39.027512899337445 ], [ -21.883878122793298, -38.89630155301964 ], [ -21.884631306300001, -38.691529816400006 ], [ -21.888409821, -38.658782689300004 ], [ -21.913586632204225, -38.648478693670405 ], [ -21.910928194144045, -38.644096793768561 ], [ -21.878960009704386, -38.591403678079139 ], [ -21.848291852199999, -38.606737756800001 ], [ -21.845452913835629, -38.597511207112909 ] ] ], [ [ [ -21.914028371051877, -38.649206811222648 ], [ -21.917876722113991, -38.646722908661644 ], [ -21.913586632204225, -38.648478693670405 ], [ -21.914028371051877, -38.649206811222648 ] ] ] ] } },
{ "type": "Feature", "properties": { "STATE": "MARCENNE", "County": "Montrelais", "Longitude": -10.85, "Latitude": -35.43 }, "geometry": { "type": "MultiPolygon", "coordinates": [ [ [ [ -11.417878654687861, -35.635544082611361 ], [ -11.416170144333492, -35.635974945141108 ], [ -11.41787185101694, -35.635598213668949 ], [ -11.417878654687861, -35.635544082611361 ] ] ], [ [ [ -10.135411808526356, -35.526780124032214 ], [ -10.136260315199999, -35.52708323 ], [ -10.136310403913486, -35.526938523833969 ], [ -10.130173075530983, -35.524908728928466 ], [ -10.135411808526356, -35.526780124032214 ] ] ], [ [ [ -10.81447805370572, -35.751228500650207 ], [ -10.837836872, -35.758210825 ], [ -10.838085407391006, -35.759284251696485 ], [ -10.839113884259051, -35.7637262529841 ], [ -10.846385255729199, -35.762116484094314 ], [ -10.846385255729224, -35.762116484094307 ], [ -10.846385255729254, -35.7621164840943 ], [ -11.416170144333492, -35.635974945141108 ], [ -11.424425714648823, -35.568183552137668 ], [ -11.498608363399999, -35.158870301500002 ], [ -11.488548575404321, -35.153203483497073 ], [ -10.2433868058, -35.193137495800002 ], [ -10.239967334185895, -35.207349137840389 ], [ -10.239611926954261, -35.208826243348064 ], [ -10.236131145938881, -35.244548614389977 ], [ -10.159584101792001, -35.45970086977907 ], [ -10.136310403913486, -35.526938523833969 ], [ -10.81447805370572, -35.751228500650207 ] ] ] ] } },
{ "type": "Feature", "properties": { "STATE": "NEW CALIPHATE", "County": "Valecroft", "Longitude": -2.39, "Latitude": -42.03 }, "geometry": { "type": "MultiPolygon", "coordinates": [ [ [ [ -1.812025032499999, -42.466432504200007 ], [ -2.0796579306, -42.296120659900005 ], [ -2.1171304636, -42.266142633600005 ], [ -2.125511894, -42.266940865 ], [ -2.1267662578, -42.266142633600005 ], [ -2.139613983399999, -42.268283921200002 ], [ -2.2896880296, -42.282576687500004 ], [ -3.2059752077, -42.227599456800007 ], [ -2.2905747591, -41.514550686300005 ], [ -2.300210553299999, -41.485643303700002 ], [ -1.7316986958, -42.362500575500007 ], [ -1.779617239899999, -42.428388573700005 ], [ -1.8087850493, -42.468494311700006 ], [ -1.812025032499999, -42.466432504200007 ] ] ] ] } },
{ "type": "Feature", "properties": { "STATE": "WEST VILLE", "County": "Serelune", "Longitude": -15.3, "Latitude": -31.97 }, "geometry": { "type": "MultiPolygon", "coordinates": [ [ [ [ -15.632413954739535, -32.043658269403224 ], [ -15.608630941542906, -32.008782569037727 ], [ -15.5828956613, -32.018248277600001 ], [ -15.115995748594145, -31.261118064530322 ], [ -15.128883607143543, -31.630951580392249 ], [ -15.066309823356615, -32.334446458955782 ], [ -15.08324824819913, -32.317828102715836 ], [ -15.487556810108838, -32.382059942583147 ], [ -15.641844658366205, -32.058537980274615 ], [ -15.632413954739535, -32.043658269403224 ] ] ] ] } },
{ "type": "Feature", "properties": { "STATE": "AQUALAND", "County": "Ashford", "Longitude": -18.25, "Latitude": -43.24 }, "geometry": { "type": "MultiPolygon", "coordinates": [ [ [ [ -18.351693153, -43.517621932200001 ], [ -18.431073704450075, -43.47791980138615 ], [ -18.431023015272388, -43.477957001158806 ], [ -18.431081222371432, -43.477927897609149 ], [ -18.450152783699998, -43.468392116900006 ], [ -18.4752170979, -43.455859959800001 ], [ -18.518148003261274, -43.352536467902922 ], [ -18.604424872898953, -43.137897958512426 ], [ -18.604364592053827, -43.137889452820524 ], [ -18.584556280400001, -43.135094478800006 ], [ -18.367133646199999, -42.992645166800003 ], [ -18.351423251100002, -42.978243971200001 ], [ -18.300434585421282, -42.909532322971117 ], [ -18.266770441, -42.876841468500004 ], [ -18.26663732865077, -42.876919499873758 ], [ -18.263106331099998, -42.878989394900003 ], [ -18.266801751399999, -42.888227945700002 ], [ -18.134505704799999, -42.954375969 ], [ -18.053840538585959, -43.003082269402249 ], [ -18.045821685067764, -43.005074783949844 ], [ -18.045106665300001, -43.025872654500006 ], [ -18.072894306400002, -43.127760671900006 ], [ -18.027269025300001, -43.184792273300005 ], [ -17.943410023200002, -43.289616025900003 ], [ -17.937435256176975, -43.298755275627386 ], [ -17.935177739499885, -43.300935416023513 ], [ -17.9319813366, -43.369099093800003 ], [ -17.9270795927, -43.486740946 ], [ -17.937470019725943, -43.481482021502039 ], [ -17.936944127304315, -43.486740946 ], [ -17.988763301883022, -43.486740946 ], [ -18.042883291, -43.486740946 ], [ -18.124858802897325, -43.487884605672392 ], [ -18.152597780699999, -43.491960267600007 ], [ -18.274490687499998, -43.517621932200001 ], [ -18.351693153, -43.517621932200001 ] ] ] ] } },
{ "type": "Feature", "properties": { "STATE": "FLORENTIA", "County": "Cloverden", "Longitude": -22.61, "Latitude": -32.64 }, "geometry": { "type": "MultiPolygon", "coordinates": [ [ [ [ -23.009299496, -32.183038263100002 ], [ -22.2469781416, -32.169731894400002 ], [ -22.246197501303737, -32.214454747177719 ], [ -22.236559972191266, -32.766588422189429 ], [ -22.235800791899997, -32.810081832100003 ], [ -22.389862516098283, -33.113789930546211 ], [ -22.499630973627724, -33.330180923696027 ], [ -22.501188148699999, -33.333250645800007 ], [ -22.619155256451336, -33.219331134051821 ], [ -22.966564782599999, -32.883841654400001 ], [ -23.008121035105319, -32.202363755791993 ], [ -23.009299496, -32.183038263100002 ] ] ] ] } },
{ "type": "Feature", "properties": { "STATE": "FLORENTIA", "County": "Petalbrook", "Longitude": -21.66, "Latitude": -32.36 }, "geometry": { "type": "MultiPolygon", "coordinates": [ [ [ [ -22.161202510817098, -31.787922830113899 ], [ -22.161614647046697, -31.842570891383765 ], [ -21.198932733199999, -31.893932128700001 ], [ -21.199028318506564, -31.888456050160642 ], [ -21.150511833762174, -31.892453862034536 ], [ -21.091996312888991, -32.421249984672912 ], [ -21.086608811838346, -32.475797957988277 ], [ -21.089155587735661, -32.475890568020908 ], [ -21.060129750242758, -32.743896122936164 ], [ -21.0448254155, -32.898851163373287 ], [ -22.224094000599997, -32.788265897900004 ], [ -22.224448920547765, -32.767932547758328 ], [ -22.234106562385875, -32.21464661871314 ], [ -22.2156869053, -32.214938920900003 ], [ -22.236773595990751, -32.061852366181931 ], [ -22.1625705001467, -31.787810106283764 ], [ -22.161202510817098, -31.787922830113899 ] ] ] ] } },
{ "type": "Feature", "properties": { "STATE": "ORLAVIA", "County": "Orlandell", "Longitude": -15.73, "Latitude": -39.14 }, "geometry": { "type": "MultiPolygon", "coordinates": [ [ [ [ -14.094196604, -39.536527212 ], [ -14.1049856925, -39.559081071300007 ], [ -14.108699611817919, -39.566363199957173 ], [ -14.1161650539, -39.559276207800004 ], [ -15.989928979501192, -39.76032533285742 ], [ -15.991283426577743, -39.758824603819043 ], [ -15.984143166, -39.757386846500005 ], [ -16.413275052934495, -39.291257359155288 ], [ -16.930117034345137, -38.729855852606448 ], [ -16.056913040200001, -38.279176905100002 ], [ -16.055536550831533, -38.280859235681859 ], [ -16.0614559116, -38.30721312 ], [ -15.696106023799999, -38.736963847700004 ], [ -15.682789212898184, -38.727139727910888 ], [ -15.41231832346269, -38.880658896901053 ], [ -14.9728214343, -39.171649569400003 ], [ -14.938772773767628, -39.147280053324216 ], [ -14.912002951376222, -39.15953238519964 ], [ -14.09147337205976, -39.535082158089175 ], [ -14.094196604, -39.536527212 ] ] ] ] } },
{ "type": "Feature", "properties": { "STATE": "NEW ZALES", "County": "North Ville", "Longitude": -7.23, "Latitude": -29.55 }, "geometry": { "type": "MultiPolygon", "coordinates": [ [ [ [ -7.367938812799999, -29.882092822300002 ], [ -7.735427636252846, -29.440563798733699 ], [ -7.736285451252845, -29.438286152133699 ], [ -7.738450321752845, -29.432538047633699 ], [ -7.742587140452846, -29.4332275174337 ], [ -7.8138808109, -29.398296268200006 ], [ -7.722386518, -29.377018525700002 ], [ -7.72166297494628, -29.376840761822763 ], [ -7.1402038402, -29.233984811900001 ], [ -6.704866771718638, -29.56862600605303 ], [ -6.820897245871753, -29.664904016154487 ], [ -6.826881731799999, -29.676495402500002 ], [ -6.8608743645, -29.710488035100006 ], [ -6.8608743645, -29.752978826 ], [ -6.8608743645, -29.792643763300006 ], [ -7.0087546752, -29.792643763300006 ], [ -7.040527000945191, -29.793158647966536 ], [ -7.06657291013972, -29.792636319671921 ], [ -7.082377839399999, -29.792643763300006 ], [ -7.140918940939469, -29.79124557255615 ], [ -7.314441368905876, -29.865559152496104 ], [ -7.309245731245769, -29.865090288006549 ], [ -7.3167802223, -29.868319355600001 ], [ -7.367938812799999, -29.882092822300002 ] ] ] ] } },
{ "type": "Feature", "properties": { "STATE": "ALVAJEA", "County": "Wolfspring", "Longitude": -3.65, "Latitude": -36.62 }, "geometry": { "type": "MultiPolygon", "coordinates": [ [ [ [ -3.7916914704, -36.231624595800007 ], [ -3.7167776185, -36.281567163700004 ], [ -3.5170073469, -36.44804239 ], [ -3.3448172993, -36.415244285700005 ], [ -3.3420520444, -36.415118592300004 ], [ -3.2756182686, -36.572898809800002 ], [ -3.042552951699999, -36.805964126700005 ], [ -2.709602499, -36.914173023800004 ], [ -3.392150927099999, -37.014058159700006 ], [ -4.2245270589, -36.772669081400004 ], [ -4.0081092646, -35.965264233600003 ], [ -3.9748142194, -35.956940472300005 ], [ -3.7916914704, -36.231624595800007 ] ] ] ] } },
{ "type": "Feature", "properties": { "STATE": "HILLTON", "County": "Haldenhurst", "Longitude": -21.44, "Latitude": -39.35 }, "geometry": { "type": "MultiPolygon", "coordinates": [ [ [ [ -21.4985031822, -39.032712007200004 ], [ -21.487108146881422, -39.051869234271436 ], [ -21.486349284100001, -39.053145027300005 ], [ -21.462813458500001, -39.049784898300004 ], [ -21.324458909800001, -39.203683319700005 ], [ -21.323811338688429, -39.203591982212181 ], [ -21.20071817287262, -39.186230150695444 ], [ -21.109688068499999, -39.173390694300004 ], [ -21.01877703670192, -39.285784665459325 ], [ -20.998594437688361, -39.310736559707841 ], [ -21.00347665876658, -39.399205946582377 ], [ -21.003639399887565, -39.402154933726159 ], [ -21.00411504458836, -39.410773960676281 ], [ -21.014118677100001, -39.410616602300003 ], [ -21.634601510099998, -39.683935725200001 ], [ -21.63498762392091, -39.682923117791823 ], [ -21.820049329100002, -39.197587334700003 ], [ -21.7877711991, -39.188175989 ], [ -21.735111513699998, -39.163662333900007 ], [ -21.49891720430362, -39.032941146763207 ], [ -21.4985031822, -39.032712007200004 ] ] ] ] } },
{ "type": "Feature", "properties": { "STATE": "AUSTINAS", "County": "Orindale", "Longitude": -14.03, "Latitude": -37.64 }, "geometry": { "type": "MultiPolygon", "coordinates": [ [ [ [ -14.407377331699999, -37.586557158100007 ], [ -14.3451152386, -37.553688442200006 ], [ -14.215956490987923, -37.500846873188536 ], [ -14.1134377177, -37.458904279800002 ], [ -14.108939880540253, -37.45292928941025 ], [ -13.543129223035598, -37.18540585012844 ], [ -13.446149970241578, -37.319233526837117 ], [ -13.362103672801808, -37.447690605715025 ], [ -14.365809579560445, -38.090927862075603 ], [ -14.519044213091963, -38.038217301608228 ], [ -14.664908550334509, -37.984661623679187 ], [ -14.665566702798284, -37.984419975843636 ], [ -14.6658709453, -37.984308269900005 ], [ -14.407377331699999, -37.586557158100007 ] ] ] ] } },
{ "type": "Feature", "properties": { "STATE": "ORLAY", "County": "Briarhort", "Longitude": -14.68, "Latitude": -36.52 }, "geometry": { "type": "MultiPolygon", "coordinates": [ [ [ [ -14.539491142049989, -36.942706064151672 ], [ -14.539489336713128, -36.942703584890943 ], [ -14.539490910935328, -36.942706187106559 ], [ -14.539491142049989, -36.942706064151672 ] ] ], [ [ [ -15.024197453840584, -36.555247667792351 ], [ -14.782672419660997, -36.217977063100612 ], [ -14.74396242919665, -36.163921623523223 ], [ -14.373992259683529, -36.410154946510858 ], [ -14.420290547800001, -36.467726939300007 ], [ -14.518390735398103, -36.891422574333234 ], [ -14.522056346554983, -36.90725438347576 ], [ -14.9537880684, -36.614996000800005 ], [ -14.96657127965716, -36.625788581544747 ], [ -14.99959993225799, -36.6015231198569 ], [ -15.0374320116, -36.573728680800002 ], [ -15.024197453840584, -36.555247667792351 ] ] ] ] } },
{ "type": "Feature", "properties": { "STATE": "ORLAY", "County": "Orlea", "Longitude": -11.82, "Latitude": -35.81 }, "geometry": { "type": "MultiPolygon", "coordinates": [ [ [ [ -11.986086288716235, -36.204694730698549 ], [ -12.258932899907009, -36.102459095883269 ], [ -12.291920751381003, -36.090098546775046 ], [ -12.322350094600001, -36.078696670800007 ], [ -12.415690393795916, -35.424900039386067 ], [ -12.4171946387, -35.414363644500007 ], [ -12.332753549744982, -35.433057592206765 ], [ -11.425837657512503, -35.633834707632815 ], [ -11.41787185101694, -35.635598213668949 ], [ -11.416170144333492, -35.635974945141108 ], [ -10.846385255729254, -35.7621164840943 ], [ -10.846385255729206, -35.762116484094314 ], [ -10.846385255729199, -35.762116484094314 ], [ -10.839113884259051, -35.7637262529841 ], [ -10.840263690763486, -35.768692278114948 ], [ -10.865578107862589, -35.775181626498316 ], [ -11.302772247809507, -35.950982933017031 ], [ -11.9685420902, -36.211268542500001 ], [ -11.986086288716235, -36.204694730698549 ] ] ] ] } },
{ "type": "Feature", "properties": { "STATE": "NOVA", "County": "Axeniettia", "Longitude": -15.1, "Latitude": -45.17 }, "geometry": { "type": "MultiPolygon", "coordinates": [ [ [ [ -14.984259898024639, -45.463345851952852 ], [ -14.991359043, -45.491742431800006 ], [ -15.022927213026035, -45.482236066076801 ], [ -15.035840376756855, -45.506028398550967 ], [ -15.072644048099999, -45.564914272700001 ], [ -15.115336306858053, -45.650298790216112 ], [ -15.145430785584313, -45.704914696052661 ], [ -15.14948999265131, -45.712281405174245 ], [ -15.154547620368319, -45.71627426915834 ], [ -15.185908336363331, -45.737240472576929 ], [ -15.188328565373752, -45.73885851643027 ], [ -15.244825236626189, -45.782340856589371 ], [ -15.44049495462189, -45.936816949703427 ], [ -15.486047305330374, -45.912031770736384 ], [ -15.556354603399999, -45.860782271200002 ], [ -15.713747190494605, -45.788139538682593 ], [ -15.753309860762968, -45.766613363902053 ], [ -15.423001699226532, -45.179128237081628 ], [ -15.42084547343371, -45.176118206400247 ], [ -15.420467472193099, -45.175807996797246 ], [ -15.412868579420429, -45.166245401011253 ], [ -15.41141218786159, -45.163919392118402 ], [ -15.410533020172728, -45.1630107960628 ], [ -15.41063667912492, -45.162994304865862 ], [ -14.818903112918791, -44.396377263024824 ], [ -14.818901864453025, -44.39637903168466 ], [ -14.808809474708427, -44.410676583822841 ], [ -14.808592434792928, -44.410692735630505 ], [ -14.447236244132993, -44.43758435912148 ], [ -14.447242103400001, -44.437597054200005 ], [ -14.447700829199999, -44.438590960100001 ], [ -14.465429381027015, -44.47700282239586 ], [ -14.595548941401479, -44.759558655496591 ], [ -14.58289364085803, -44.766297422951538 ], [ -14.570656353409149, -44.772813604381938 ], [ -14.755629222855946, -45.064930725553907 ], [ -14.983835831510756, -45.442596591989684 ], [ -14.984259898024639, -45.463345851952852 ] ], [ [ -14.595510968917509, -44.75884626285454 ], [ -14.595785236, -44.759440508200001 ], [ -14.595548941401479, -44.759558655496591 ], [ -14.595510968917509, -44.75884626285454 ] ] ], [ [ [ -15.411412187866542, -45.163919392124903 ], [ -15.41141218786159, -45.163919392118402 ], [ -15.411412187872978, -45.163919392135178 ], [ -15.411412187866542, -45.163919392124903 ] ] ] ] } },
{ "type": "Feature", "properties": { "STATE": "FLORENTIA", "County": "Heather Vale", "Longitude": -21.93, "Latitude": -34.66 }, "geometry": { "type": "MultiPolygon", "coordinates": [ [ [ [ -22.396161760600002, -33.914207477600002 ], [ -22.388935969254732, -33.915608905648298 ], [ -21.90830197791314, -34.008826924858354 ], [ -21.489263321300001, -34.090098649800005 ], [ -21.432412888720812, -34.691658486837895 ], [ -21.429032567251095, -34.727427179180282 ], [ -21.388483009, -35.156500179100007 ], [ -21.39039922752632, -35.157244387933396 ], [ -21.9053649815, -35.357243530900007 ], [ -22.285343294338855, -35.363876077047692 ], [ -22.343451262, -35.364890355400007 ], [ -22.343537559743552, -35.362515294220756 ], [ -22.396161760600002, -33.914207477600002 ] ] ] ] } },
{ "type": "Feature", "properties": { "STATE": "AUSTINAS", "County": "Dunley", "Longitude": -12.89, "Latitude": -37.26 }, "geometry": { "type": "MultiPolygon", "coordinates": [ [ [ [ -12.202428471299999, -37.184323475300005 ], [ -12.285028297568148, -37.23586495228674 ], [ -12.488581538939329, -37.36288016744772 ], [ -12.658902839452818, -37.469158979248952 ], [ -12.825069123367633, -37.572845101669643 ], [ -12.8345569809, -37.578765431200004 ], [ -13.066997607599999, -37.779442241900007 ], [ -13.076660852468795, -37.771984459429632 ], [ -13.266302033599999, -37.625625478 ], [ -13.347670665599999, -37.469750137200002 ], [ -13.362103672801808, -37.447690605715025 ], [ -13.446149970241578, -37.319233526837117 ], [ -13.543129223035598, -37.18540585012844 ], [ -13.543129223035585, -37.185405850128433 ], [ -13.522076672800001, -37.176361385700005 ], [ -13.16574941324264, -36.990354660730787 ], [ -13.1623931488, -36.988602654 ], [ -12.960525955449523, -36.943149272817998 ], [ -12.453960677, -36.854460760700007 ], [ -12.429564862677903, -36.886453759428619 ], [ -12.202428471299999, -37.184323475300005 ] ] ] ] } },
{ "type": "Feature", "properties": { "STATE": "HARMINGTON", "County": "Lilac", "Longitude": -17.7, "Latitude": -30.14 }, "geometry": { "type": "MultiPolygon", "coordinates": [ [ [ [ -18.0210700246, -29.782396344 ], [ -17.266569628900001, -29.879932064600006 ], [ -17.260387918799999, -30.234081999300003 ], [ -17.432053889800002, -30.547054047200007 ], [ -17.921328191299999, -30.422747673100005 ], [ -17.944235276, -30.378865288200004 ], [ -18.235459309900001, -30.184678589400001 ], [ -18.0210700246, -29.782396344 ] ] ] ] } },
{ "type": "Feature", "properties": { "STATE": "HAMPTON", "County": "Crestbourne", "Longitude": -6.29, "Latitude": -41.81 }, "geometry": { "type": "MultiPolygon", "coordinates": [ [ [ [ -6.077385179929807, -42.182945946961993 ], [ -6.077385179930067, -42.182945946961958 ], [ -6.077385179930078, -42.182945946961958 ], [ -6.077385179930101, -42.182945946961951 ], [ -6.077385179929807, -42.182945946961993 ] ] ], [ [ [ -6.077385179930101, -42.182945946961951 ], [ -6.077385179930102, -42.182945946961951 ], [ -6.404921514170634, -42.137081081598943 ], [ -6.9564066203, -42.059856702200001 ], [ -6.9482153916, -42.053713280600007 ], [ -6.9978747156, -41.772310444400006 ], [ -6.7164718794, -41.507460716200001 ], [ -6.589564718, -41.446765986900004 ], [ -6.333475413876892, -41.324807782769227 ], [ -6.189126533648996, -41.357234058850068 ], [ -5.8888164788, -41.424695176200004 ], [ -5.583470907001277, -42.247694739233459 ], [ -5.581743519226343, -42.252350576800005 ], [ -6.077385179930101, -42.182945946961951 ] ] ] ] } },
{ "type": "Feature", "properties": { "STATE": "ORLAVIA", "County": "Orwelyn", "Longitude": -17.02, "Latitude": -39.41 }, "geometry": { "type": "MultiPolygon", "coordinates": [ [ [ [ -16.939710817177566, -38.719434941903863 ], [ -16.930117034345137, -38.729855852606448 ], [ -16.413275052934495, -39.291257359155288 ], [ -15.984143166, -39.757386846500005 ], [ -15.991283426577743, -39.758824603819043 ], [ -16.008783075902219, -39.762348319602644 ], [ -16.035526203055888, -39.765217775163237 ], [ -16.03431818431806, -39.767490049182058 ], [ -16.037504910687943, -39.768131725926509 ], [ -16.047462667200001, -39.749545878400006 ], [ -17.242556410705237, -40.008166458037998 ], [ -17.631833313397319, -39.599321666387631 ], [ -17.977700408733828, -39.231795321978005 ], [ -17.784305968240545, -39.135762364121902 ], [ -17.786234241799999, -39.115215907200003 ], [ -16.9416499218, -38.717328657400003 ], [ -16.939710817177566, -38.719434941903863 ] ] ] ] } },
{ "type": "Feature", "properties": { "STATE": "MARCENNE", "County": "Hauters de Vallon", "Longitude": -12.21, "Latitude": -33.34 }, "geometry": { "type": "MultiPolygon", "coordinates": [ [ [ [ -12.348836989059681, -34.037205007907943 ], [ -13.159495434529932, -33.254044260198967 ], [ -13.154472117257498, -33.251382154987809 ], [ -13.154472117257487, -33.251382154987802 ], [ -12.393632992699999, -32.946629037400001 ], [ -11.889873409470496, -32.696349195649937 ], [ -11.564740725744951, -33.020257020120887 ], [ -11.346176946855033, -33.23132160801125 ], [ -12.145151629564838, -33.928952921201741 ], [ -12.274742396932808, -34.03589400178344 ], [ -12.314700256015112, -34.068868084079433 ], [ -12.319827681740891, -34.065218073062155 ], [ -12.348836989059681, -34.037205007907943 ] ] ] ] } },
{ "type": "Feature", "properties": { "STATE": "AQUALAND", "County": "Careania", "Longitude": -17.81, "Latitude": -42.47 }, "geometry": { "type": "MultiPolygon", "coordinates": [ [ [ [ -17.80615060334042, -42.842602664500006 ], [ -17.810548939699999, -42.842602664500006 ], [ -17.991998145631072, -42.740537486207273 ], [ -17.931120043100002, -42.504611701200005 ], [ -17.900155358011993, -42.308340262609818 ], [ -17.920853228539663, -42.310481770337006 ], [ -17.920854324571685, -42.310471821585736 ], [ -17.903668761388545, -42.211738391627719 ], [ -17.831915890167402, -41.787744152769271 ], [ -17.809249254305335, -41.889573448320284 ], [ -17.617358928429315, -42.816397801821552 ], [ -17.795835401399998, -42.838240235700006 ], [ -17.80615060334042, -42.842602664500006 ] ] ] ] } },
{ "type": "Feature", "properties": { "STATE": "WEST VILLE", "County": "Solevierre", "Longitude": -15.83, "Latitude": -31.5 }, "geometry": { "type": "MultiPolygon", "coordinates": [ [ [ [ -15.5828956613, -32.018248277600001 ], [ -15.608630941542906, -32.008782569037727 ], [ -16.573303784499998, -31.653965683300001 ], [ -16.181585484499998, -31.084814188200006 ], [ -15.135019603270203, -31.221240320804412 ], [ -15.0946495347, -31.226502801100004 ], [ -15.115995748594145, -31.261118064530322 ], [ -15.5828956613, -32.018248277600001 ] ] ] ] } },
{ "type": "Feature", "properties": { "STATE": "HILLTON", "County": "Orindor", "Longitude": -22.65, "Latitude": -36.13 }, "geometry": { "type": "MultiPolygon", "coordinates": [ [ [ [ -22.320704755800001, -36.680746688400006 ], [ -22.3887691302, -36.987036373100004 ], [ -22.389024851890145, -36.98818712072228 ], [ -22.397839027250306, -37.008989872362591 ], [ -22.493189207100002, -37.034416586900001 ], [ -22.938475475899999, -37.080480683700003 ], [ -22.975249706712734, -37.164341118823465 ], [ -23.222335299699999, -36.137240222500004 ], [ -23.275728911199998, -35.915290307800007 ], [ -23.283563970499998, -35.918106032300003 ], [ -23.28370029, -35.917618151800006 ], [ -22.784107191144308, -35.387676810019435 ], [ -22.753679223500001, -35.399439645800001 ], [ -22.749340739359369, -35.353026214942979 ], [ -22.673779498649807, -35.354793097607867 ], [ -22.370353728, -35.392748674400003 ], [ -22.370892618847641, -35.361875638502106 ], [ -22.343537559743552, -35.362515294220756 ], [ -22.343451262, -35.364890355400007 ], [ -22.285343294338855, -35.363876077047692 ], [ -21.833119575, -35.374450628800005 ], [ -21.811952398099997, -35.37252634 ], [ -21.9657612504, -35.614225965100005 ], [ -22.262118790565673, -36.189810938476796 ], [ -22.269022630248671, -36.203219560973508 ], [ -22.284365301699999, -36.208333784800004 ], [ -22.361427361795123, -36.235381456588513 ], [ -22.37667013866918, -36.238125112506843 ], [ -22.447980192734292, -36.290688416906455 ], [ -22.450451344200825, -36.309989003719828 ], [ -22.408684486799999, -36.377599136900002 ], [ -22.393383664, -36.408200782500003 ], [ -22.320704755800001, -36.680746688400006 ] ] ] ] } },
{ "type": "Feature", "properties": { "STATE": "BAYBAR", "County": "New Aberdeen", "Longitude": -9.44, "Latitude": -44.59 }, "geometry": { "type": "MultiPolygon", "coordinates": [ [ [ [ -10.402868781900001, -44.616001958700004 ], [ -9.7727596129, -44.272306048400004 ], [ -9.576197950599999, -43.965178451 ], [ -9.4492302105, -43.794260339400005 ], [ -9.191773166699999, -43.779407048400003 ], [ -8.802880742799999, -43.767969035900002 ], [ -8.805457193799999, -43.763797639100005 ], [ -8.8094399526, -43.757349363 ], [ -8.799029940500001, -43.756748785300005 ], [ -8.774022237800001, -43.781756488 ], [ -8.1613335219, -44.456964460700007 ], [ -8.194606991700001, -44.472383873500007 ], [ -10.100078907974623, -45.557232328561675 ], [ -10.347028897774624, -45.223516126061675 ], [ -10.6746076424, -44.782064595700007 ], [ -10.647123457099999, -44.765268704700006 ], [ -10.402868781900001, -44.616001958700004 ] ] ] ] } },
{ "type": "Feature", "properties": { "STATE": "ORLAY", "County": "Ironfeld", "Longitude": -17.2, "Latitude": -37.6 }, "geometry": { "type": "MultiPolygon", "coordinates": [ [ [ [ -16.718558675645099, -37.810656875948034 ], [ -17.205367330775204, -38.020372307109888 ], [ -17.206131733500001, -38.018316649900001 ], [ -17.208196025745529, -38.019381262565659 ], [ -17.645845720929525, -37.683143032359482 ], [ -17.589385379142676, -37.49548261801597 ], [ -17.584495154799999, -37.453183008 ], [ -17.555384311600001, -37.293154083900006 ], [ -17.538456850481154, -37.267767775035708 ], [ -17.446755252164706, -37.130241829362753 ], [ -17.413152196625656, -37.085183186718268 ], [ -17.151895543458131, -37.292791158130825 ], [ -16.59400266895636, -37.736121525172472 ], [ -16.718558675645099, -37.810656875948034 ] ] ] ] } },
{ "type": "Feature", "properties": { "STATE": "NORTH ORLE", "County": "North Casterly", "Longitude": -25.39, "Latitude": -31.48 }, "geometry": { "type": "MultiPolygon", "coordinates": [ [ [ [ -25.572515476299998, -31.680851658100003 ], [ -25.584240221800002, -31.663264539900005 ], [ -25.584197970799998, -31.660687228100002 ], [ -25.578377849100001, -31.305659804300006 ], [ -25.203185995299997, -31.288072686200003 ], [ -25.168157559299999, -31.591652464600003 ], [ -25.168011759, -31.592916067400004 ], [ -25.226635486100001, -31.633952676400007 ], [ -25.3510441074, -31.650821642 ], [ -25.493465219, -31.670132979100003 ], [ -25.572515476299998, -31.680851658100003 ] ] ] ] } },
{ "type": "Feature", "properties": { "STATE": "FLORENTIA", "County": "Primrose", "Longitude": -23.31, "Latitude": -32.68 }, "geometry": { "type": "MultiPolygon", "coordinates": [ [ [ [ -23.570340834688025, -32.193441869996285 ], [ -23.008121035105319, -32.202363755791993 ], [ -22.966564782664825, -32.883841653336916 ], [ -23.102342501597587, -33.120209868425896 ], [ -23.617104727299999, -33.184967246200003 ], [ -23.617919304371018, -33.199372837311543 ], [ -23.632085027, -33.200479800600007 ], [ -23.629285287738458, -32.546707911818572 ], [ -23.629080459099999, -32.498878027200007 ], [ -23.552848323699997, -32.497547390400001 ], [ -23.554574558058828, -32.470129246557562 ], [ -23.5545306846, -32.470119496900004 ], [ -23.570340834688025, -32.193441869996285 ] ] ], [ [ [ -23.527944144399999, -32.176840166800005 ], [ -23.570634205413519, -32.188307882293437 ], [ -23.571870675474276, -32.166669656201755 ], [ -23.527944144399999, -32.176840166800005 ] ] ] ] } },
{ "type": "Feature", "properties": { "STATE": "WEST NOKRAS", "County": "Rivenmark", "Longitude": -1.6, "Latitude": -40.09 }, "geometry": { "type": "MultiPolygon", "coordinates": [ [ [ [ -1.7411953088, -40.163580392 ], [ -1.7408799267, -40.155459301800008 ], [ -1.7231819514, -39.699736438600006 ], [ -1.7158276553, -39.510363313300005 ], [ -1.3543385923, -40.582146675400004 ], [ -1.7411953088, -40.163580392 ] ] ] ] } },
{ "type": "Feature", "properties": { "STATE": "UGHAMPTON", "County": "Arterlia", "Longitude": -9.26, "Latitude": -35.85 }, "geometry": { "type": "MultiPolygon", "coordinates": [ [ [ [ -8.764340019485566, -35.917330200889864 ], [ -8.8138855282, -35.944094444700006 ], [ -8.766191257, -36.623973697200007 ], [ -8.759134157281105, -36.625345062088186 ], [ -8.759086574299999, -36.631816508400007 ], [ -9.488176985732601, -36.563664959808243 ], [ -9.491443426, -36.563359630100003 ], [ -9.493744152965046, -36.558288808911634 ], [ -9.559737649990879, -36.426250382465994 ], [ -10.0153352730453, -35.497901486001723 ], [ -10.025311073029082, -35.494740689187999 ], [ -10.036127562012634, -35.491313523048902 ], [ -9.473110706710312, -35.290191040328246 ], [ -8.771825257007592, -35.023813425499704 ], [ -8.770912382020823, -35.023466677307916 ], [ -8.770912381984743, -35.023466679374927 ], [ -8.764340019485566, -35.917330200889864 ] ] ] ] } },
{ "type": "Feature", "properties": { "STATE": "ORLAVIA", "County": "New Alverton", "Longitude": -16.42, "Latitude": -40.27 }, "geometry": { "type": "MultiPolygon", "coordinates": [ [ [ [ -17.242556410705237, -40.008166458037998 ], [ -16.047462667200001, -39.749545878400006 ], [ -16.037504910687943, -39.768131725926509 ], [ -15.619035423705533, -40.549192205777899 ], [ -15.608206834099999, -40.569403436600005 ], [ -15.771207819503488, -40.572248629381477 ], [ -15.887975155893532, -40.589940650044973 ], [ -15.9092690463, -40.619389567200002 ], [ -15.92356280133383, -40.622390379068335 ], [ -16.722630518499997, -40.790145589900007 ], [ -16.727534905549881, -40.783393302809152 ], [ -17.276000252656353, -40.028274376553917 ], [ -17.2393613355, -40.016371432800007 ], [ -17.246316942661622, -40.008980244370321 ], [ -17.242556410705237, -40.008166458037998 ] ] ] ] } },
{ "type": "Feature", "properties": { "STATE": "ORLAY", "County": "Arlen", "Longitude": -14.37, "Latitude": -35.18 }, "geometry": { "type": "MultiPolygon", "coordinates": [ [ [ [ -14.448566511500001, -34.564639876499996 ], [ -13.426848945967418, -35.201722870976234 ], [ -13.426604717520584, -35.201884711287953 ], [ -13.41595814495313, -35.208939764232703 ], [ -13.4010915011, -35.218791287700007 ], [ -13.799696101019222, -35.52545936837717 ], [ -14.249560662251852, -35.848453144747012 ], [ -14.249927577399999, -35.871846797800004 ], [ -15.35553246003651, -34.993276303640904 ], [ -15.366141300199999, -34.984845973700004 ], [ -14.448566511500001, -34.564639876499996 ] ] ] ] } },
{ "type": "Feature", "properties": { "STATE": "WESTVALE", "County": "Molgrath", "Longitude": -10.27, "Latitude": -37.01 }, "geometry": { "type": "MultiPolygon", "coordinates": [ [ [ [ -9.752449520299999, -37.842090285300003 ], [ -10.84260424, -37.481766173100006 ], [ -10.844305682402515, -37.488583614290256 ], [ -10.943536690064194, -37.483490891844738 ], [ -11.019094676835287, -37.460565303625017 ], [ -11.015846436448211, -37.43564707501082 ], [ -10.9491842292, -36.232904853100003 ], [ -10.938935518886243, -36.234789761019066 ], [ -9.5316699754, -36.493609250100008 ], [ -9.537508783210477, -36.526096415703641 ], [ -9.541484323455879, -36.632389933241384 ], [ -9.648996686959453, -37.819844079655041 ], [ -9.752449520299999, -37.842090285300003 ] ] ] ] } },
{ "type": "Feature", "properties": { "STATE": "NORTH ORLE", "County": "New Wessex", "Longitude": -26.8, "Latitude": -33.62 }, "geometry": { "type": "MultiPolygon", "coordinates": [ [ [ [ -26.480411953299999, -34.193225459500006 ], [ -27.098835519300003, -34.165942066900001 ], [ -27.092957573600003, -33.079651670900006 ], [ -27.086888370300002, -33.076279891300004 ], [ -27.086769314900003, -33.086756763900006 ], [ -26.976893794299997, -33.028587370600007 ], [ -26.530928445900003, -33.054440434300005 ], [ -26.530761482499997, -33.047010564700003 ], [ -26.525884274399999, -33.047322969500001 ], [ -26.480411953299999, -34.193225459500006 ] ] ] ] } },
{ "type": "Feature", "properties": { "STATE": "HAMPTON", "County": "Windrell", "Longitude": -6.93, "Latitude": -41.3 }, "geometry": { "type": "MultiPolygon", "coordinates": [ [ [ [ -7.8988104159, -40.565370717200004 ], [ -7.861995427948373, -40.570948745676496 ], [ -7.8616773492, -40.589171465200003 ], [ -7.233228930122804, -40.666216396844646 ], [ -6.317234610362099, -40.778513154399505 ], [ -6.231139099, -40.789068074400006 ], [ -5.972839292064756, -40.732702700869815 ], [ -4.766894228704563, -40.46954515243916 ], [ -5.8888164788, -41.424695176200004 ], [ -6.189126533648996, -41.357234058850068 ], [ -6.333475413876892, -41.324807782769227 ], [ -6.589564718, -41.446765986900004 ], [ -6.7164718794, -41.507460716200001 ], [ -6.9978747156, -41.772310444400006 ], [ -6.9482153916, -42.053713280600007 ], [ -6.9564066203, -42.059856702200001 ], [ -7.0066303488, -42.097524498600002 ], [ -7.41782978858893, -42.399431981193906 ], [ -7.440149172522551, -42.397834400777299 ], [ -7.439011364009583, -42.398486765055402 ], [ -7.744906950202233, -42.401695969829028 ], [ -8.008360912302233, -42.379741473029028 ], [ -8.001594992399999, -42.243321608800002 ], [ -7.95386783371494, -41.604512825879105 ], [ -7.919237541299999, -40.760887488800002 ], [ -7.9082956563, -40.563933559500008 ], [ -7.8988104159, -40.565370717200004 ] ] ], [ [ [ -4.66699668198059, -40.382683032205065 ], [ -4.6638864859, -40.381849371400001 ], [ -4.667000593399795, -40.38450057102829 ], [ -4.66699668198059, -40.382683032205065 ] ] ] ] } },
{ "type": "Feature", "properties": { "STATE": "HAMPTON", "County": "Ulvenar", "Longitude": -10.28, "Latitude": -41.12 }, "geometry": { "type": "MultiPolygon", "coordinates": [ [ [ [ -9.5305002415, -42.517200305 ], [ -10.4830342364, -41.808905796 ], [ -10.594176923992347, -41.73343853898416 ], [ -10.7987947146, -41.594500533 ], [ -10.788536450500001, -41.590226256300006 ], [ -11.417554554900001, -41.176398556 ], [ -11.528675528767934, -41.116398087116458 ], [ -11.55256314659516, -41.106075698532202 ], [ -11.417554554900001, -40.961208151800001 ], [ -11.3451877622, -40.842789763700004 ], [ -11.189705891699999, -40.544264572400003 ], [ -11.137823231077796, -40.444649863952087 ], [ -11.0533861787, -40.282530723300006 ], [ -10.854748882499999, -40.100446535200007 ], [ -10.740907547544541, -40.117583940464662 ], [ -9.315309837399999, -40.332190047400005 ], [ -9.249097405299999, -40.365296263400005 ], [ -9.629818889599999, -40.630145991600003 ], [ -9.555329903500001, -40.878442611800004 ], [ -9.520362802361477, -40.939171654287478 ], [ -9.491797555267025, -40.983860675357384 ], [ -9.487479353167025, -40.998254682257382 ], [ -9.577238428899999, -41.130634080900002 ], [ -9.5893557367, -41.174559321800004 ], [ -9.666137857231941, -41.487237982592042 ], [ -9.65298893672446, -41.506340686052795 ], [ -9.644186373706306, -41.550267496429264 ], [ -9.603005328544679, -41.611746371904552 ], [ -9.484069542883587, -41.8558679978401 ], [ -9.336500653213754, -42.125225995598704 ], [ -9.253261438648064, -42.317768907360239 ], [ -9.261868816599881, -42.324724570942067 ], [ -9.441355423338782, -42.429411997383959 ], [ -9.512088440732475, -42.502446052801218 ], [ -9.524029754444868, -42.510882817505056 ], [ -9.5305002415, -42.517200305 ] ] ] ] } },
{ "type": "Feature", "properties": { "STATE": "NEW ZALES", "County": "Río Blanca", "Longitude": -6.21, "Latitude": -30.22 }, "geometry": { "type": "MultiPolygon", "coordinates": [ [ [ [ -5.948502083331794, -30.294052448519658 ], [ -6.292287052672052, -30.479889981686142 ], [ -6.307991177994225, -30.489233679971733 ], [ -6.323299757429172, -30.484254049589943 ], [ -6.489187006484197, -30.507653491029799 ], [ -6.489693919675529, -30.507810808915558 ], [ -6.489693573957197, -30.50780056924372 ], [ -6.489513138216713, -30.50245632626671 ], [ -6.453377283685228, -30.067066784616465 ], [ -6.398361665167272, -30.089073031975808 ], [ -6.3722456293, -30.099519446300008 ], [ -6.1676796422, -29.914435934200007 ], [ -5.808206028531795, -30.194676076319659 ], [ -5.948502083331794, -30.294052448519658 ] ] ] ] } },
{ "type": "Feature", "properties": { "STATE": "NORTH ORLE", "County": "Harrowgate", "Longitude": -25.99, "Latitude": -31.37 }, "geometry": { "type": "MultiPolygon", "coordinates": [ [ [ [ -26.519127854600001, -31.664211004500004 ], [ -26.539902878600003, -31.664491748100005 ], [ -26.5493135153, -31.664618918800002 ], [ -26.5493135153, -31.370409350600006 ], [ -26.5493135153, -31.111263921300001 ], [ -26.5377719691, -31.115702977600002 ], [ -26.484680856200001, -31.147557645300004 ], [ -26.466489483399997, -31.141244883500001 ], [ -25.2178807361, -31.095851518 ], [ -25.2049542042, -31.276822963700006 ], [ -25.586286893400001, -31.302676027400004 ], [ -25.592719473499997, -31.650035349700005 ], [ -25.592750159399998, -31.651692387 ], [ -25.745610341099997, -31.653758065100007 ], [ -26.012113809100001, -31.657359463300004 ], [ -26.519127854600001, -31.664211004500004 ] ] ] ] } },
{ "type": "Feature", "properties": { "STATE": "AUSTINAS", "County": "New Corwick", "Longitude": -11.84, "Latitude": -37.06 }, "geometry": { "type": "MultiPolygon", "coordinates": [ [ [ [ -11.28189755239441, -37.20833285231776 ], [ -11.272655564145499, -37.217103719960313 ], [ -11.263794793700001, -37.225512802800004 ], [ -11.264738515676392, -37.22617891282804 ], [ -11.4735200965, -37.373543823400006 ], [ -11.491471329293471, -37.366060644970894 ], [ -11.6103939218, -37.316486390700007 ], [ -11.7292508571, -37.318561046200003 ], [ -11.8997874274, -37.279075934300003 ], [ -12.0707685668, -37.214121479100001 ], [ -12.155666377799999, -37.215603375900002 ], [ -12.202428471299999, -37.184323475300005 ], [ -12.429564862677903, -36.886453759428619 ], [ -12.43326696, -36.880754201900004 ], [ -12.246788155299999, -36.860514466700003 ], [ -11.925361991100001, -36.786965010100005 ], [ -11.769636336773388, -36.751331516221526 ], [ -11.76449932570738, -36.750332239918293 ], [ -11.28189755239441, -37.20833285231776 ] ] ] ] } },
{ "type": "Feature", "properties": { "STATE": "AQUALAND", "County": "Ravenwald", "Longitude": -19.48, "Latitude": -41.43 }, "geometry": { "type": "MultiPolygon", "coordinates": [ [ [ [ -19.073359867463807, -41.237262457550592 ], [ -18.9903985704, -41.613303437600003 ], [ -18.739947229650117, -41.640379258210331 ], [ -18.698573250700001, -41.645728473100007 ], [ -18.6661482152, -41.726791061900002 ], [ -18.65157579325939, -41.811311109148349 ], [ -18.625960366993745, -41.959880581476476 ], [ -18.625789218080669, -41.960873245172209 ], [ -18.772769891110791, -41.953359987206241 ], [ -18.883389136191191, -41.953391764227362 ], [ -18.883553472642955, -41.953766310500001 ], [ -18.884319392599998, -41.953766310500001 ], [ -18.881006532, -41.946146731200002 ], [ -19.193806796499999, -41.946146731200002 ], [ -20.078584687499998, -41.803152324600006 ], [ -20.194336935499997, -41.761812236 ], [ -20.203404837199997, -41.755766968200007 ], [ -20.198410467800002, -41.710817643600002 ], [ -20.193372747117078, -41.679118505345635 ], [ -20.1703960573, -41.665846426 ], [ -20.159019041200001, -41.660157917900001 ], [ -20.163456303343576, -41.660157917900001 ], [ -20.1673778793471, -41.661260622446044 ], [ -20.1673369744178, -41.661121187827717 ], [ -20.039690600985235, -41.211987704342022 ], [ -20.02985140270151, -41.178390053641188 ], [ -19.917796081899688, -40.785012172479107 ], [ -19.110817867125178, -40.870331010347591 ], [ -19.073359867463807, -41.237262457550592 ] ] ] ] } },
{ "type": "Feature", "properties": { "STATE": "FLORENTIA", "County": "Peonyfield", "Longitude": -23.42, "Latitude": -34.08 }, "geometry": { "type": "MultiPolygon", "coordinates": [ [ [ [ -22.690097097900001, -34.916520247200005 ], [ -22.707599648970159, -34.906476878843399 ], [ -22.707521116, -34.905636727200005 ], [ -24.341687918399998, -33.937613791600008 ], [ -24.343106574919858, -33.967985201758985 ], [ -24.374386221834015, -33.950036217364413 ], [ -24.37919419376999, -33.560590490606351 ], [ -23.881579860405402, -33.613225043768558 ], [ -23.630375663431469, -33.634893574661895 ], [ -23.630232870273527, -33.63490867843516 ], [ -23.11444256337013, -33.692714023287934 ], [ -23.012547566323502, -33.704133538862813 ], [ -22.949287070930165, -33.71122323152052 ], [ -22.9475930236, -33.704722867900003 ], [ -22.851797440184974, -33.722149031500415 ], [ -22.80818195735845, -33.726762406348371 ], [ -22.807804582566916, -33.726802322709688 ], [ -22.810213134400001, -33.729713627800002 ], [ -22.801471585624046, -33.734225623586973 ], [ -22.741986889435914, -34.080545145978043 ], [ -22.716735285816661, -34.307245985333147 ], [ -22.7727962847, -34.304223944500002 ], [ -22.692857751556001, -34.843520823845324 ], [ -22.690097097900001, -34.916520247200005 ] ] ] ] } },
{ "type": "Feature", "properties": { "STATE": "AUSTINAS", "County": "Arvelburg", "Longitude": -11.86, "Latitude": -37.82 }, "geometry": { "type": "MultiPolygon", "coordinates": [ [ [ [ -11.364579300700001, -37.90667589 ], [ -11.817162938695279, -38.070220001762408 ], [ -11.9692205186, -38.132575157100007 ], [ -11.987294440448714, -38.107352242786881 ], [ -12.247521967899999, -37.744193838 ], [ -12.238815500699999, -37.706590524200003 ], [ -12.198989114956653, -37.680068862910851 ], [ -11.8778606161, -37.466219147 ], [ -11.790006669591568, -37.605465558444877 ], [ -11.804870037, -37.617787761300001 ], [ -11.66578608722028, -37.70850551852196 ], [ -11.364579300700001, -37.90667589 ] ] ] ] } },
{ "type": "Feature", "properties": { "STATE": "HILLTON", "County": "Ardenfell", "Longitude": -20.89, "Latitude": -39.02 }, "geometry": { "type": "MultiPolygon", "coordinates": [ [ [ [ -21.2529818392, -38.690016358900003 ], [ -21.043637633877903, -38.702190395556656 ], [ -21.038956772020114, -38.704776708334109 ], [ -21.038689636623388, -38.704924308436581 ], [ -21.015051828849991, -38.717984887050676 ], [ -21.012587690405031, -38.71934639545217 ], [ -21.0260274197, -38.723535969800004 ], [ -20.319467522034167, -39.103646443056036 ], [ -20.775415001527673, -39.300660786047047 ], [ -21.00347665876658, -39.399205946582377 ], [ -20.998594437688361, -39.310736559707841 ], [ -21.01877703670192, -39.285784665459325 ], [ -21.020491859499998, -39.273504690500005 ], [ -21.030228325700001, -39.262551166 ], [ -21.030654134500001, -39.260847931 ], [ -21.031742312399999, -39.260847931 ], [ -21.103134328499998, -39.180531912800006 ], [ -21.1077339235, -39.170732775800005 ], [ -21.103333042700001, -39.169999295700002 ], [ -21.134536112699998, -39.113632459600005 ], [ -21.36642951924469, -38.694728241327127 ], [ -21.2529818392, -38.690016358900003 ] ] ] ] } },
{ "type": "Feature", "properties": { "STATE": "HARMINGTON", "County": "Brundarok", "Longitude": -20.38, "Latitude": -29.5 }, "geometry": { "type": "MultiPolygon", "coordinates": [ [ [ [ -21.340932689712741, -29.841785331778141 ], [ -21.34507679308923, -29.832745938897517 ], [ -21.341317910366186, -29.832453830638336 ], [ -21.340932689712741, -29.841785331778141 ] ] ], [ [ [ -19.340666267066837, -29.528577890306607 ], [ -19.337928055500001, -29.685449924900006 ], [ -20.255931813983207, -29.763686706103407 ], [ -21.265536389299999, -29.826564738100004 ], [ -21.341317910366186, -29.832453830638336 ], [ -21.351400457350739, -29.588216410248855 ], [ -21.365182388936447, -29.254365903662148 ], [ -19.36129143574162, -29.206403600256081 ], [ -19.340666267066837, -29.528577890306607 ] ] ] ] } },
{ "type": "Feature", "properties": { "STATE": "WESTVALE", "County": "Elarion", "Longitude": -9.95, "Latitude": -39.73 }, "geometry": { "type": "MultiPolygon", "coordinates": [ [ [ [ -11.748616715200001, -39.934915455100004 ], [ -11.787215150939732, -39.943883674616622 ], [ -11.815688659609751, -39.923689373610074 ], [ -11.427150325992939, -39.746752784793252 ], [ -11.217825792099999, -39.648688053 ], [ -11.194615757106199, -39.638716703516316 ], [ -10.596381247541851, -39.380210831059898 ], [ -10.5819638099, -39.373980845600002 ], [ -10.442391723563183, -39.305364916825575 ], [ -9.9905586625, -39.103530173 ], [ -9.991065587943933, -39.10220842236464 ], [ -9.988208799005291, -39.102388161078842 ], [ -9.966647102455498, -39.092729822069124 ], [ -9.932359177507221, -39.079395629033684 ], [ -9.877710288477658, -39.053513653720337 ], [ -9.770533849442836, -39.116083472979135 ], [ -8.785467067699999, -39.178060273 ], [ -8.977153945066606, -40.371510499990279 ], [ -9.185915940373377, -40.347235849377306 ], [ -9.309588974382288, -40.327509341285385 ], [ -10.740907547543546, -40.117583940464812 ], [ -10.740907547544541, -40.117583940464662 ], [ -11.610143905762026, -39.960558567954301 ], [ -11.748616715200001, -39.934915455100004 ] ] ] ] } },
{ "type": "Feature", "properties": { "STATE": "AQUALAND", "County": "Anders bay", "Longitude": -18.65, "Latitude": -44.15 }, "geometry": { "type": "MultiPolygon", "coordinates": [ [ [ [ -19.219017562977314, -44.889340428326534 ], [ -19.478789556937748, -44.679975397619678 ], [ -18.913946052137746, -44.318475554619681 ], [ -18.898606321937745, -44.301601851319681 ], [ -18.781117376563159, -44.226620261580422 ], [ -18.595276289182504, -43.872013415725547 ], [ -18.554073741349026, -43.791079839614547 ], [ -18.552419563400001, -43.787830561500002 ], [ -18.455150177698343, -43.5079419424086 ], [ -18.453859187924891, -43.504227172932609 ], [ -18.453800278199843, -43.504059506792146 ], [ -18.45355974203833, -43.502135534173497 ], [ -18.431023015272388, -43.477957001158806 ], [ -18.431073704450075, -43.47791980138615 ], [ -18.351693153, -43.517621932200001 ], [ -18.274490687499998, -43.517621932200001 ], [ -18.152597780699999, -43.491960267600007 ], [ -18.124858802897325, -43.487884605672392 ], [ -17.988763301883022, -43.486740946 ], [ -17.936944127304315, -43.486740946 ], [ -17.93597664392594, -43.496415780302037 ], [ -17.92203837852437, -43.502297763882531 ], [ -17.921580057409063, -43.508035452648286 ], [ -17.904177401103951, -43.725898043398068 ], [ -17.905395446005905, -43.726119506107516 ], [ -17.9100738263, -43.726280829600007 ], [ -17.910006128067216, -43.726957811936842 ], [ -17.910411851256637, -43.727031579789461 ], [ -17.909759588143906, -43.729423211202814 ], [ -17.967155004635515, -43.734176549262578 ], [ -17.96710288240973, -43.734697771527351 ], [ -18.178470590183068, -43.735185277416583 ], [ -18.197167026628186, -43.757876744527955 ], [ -18.20323109833145, -43.768835327959401 ], [ -18.40899093410523, -44.129494224780352 ], [ -18.474752022800001, -44.259509721300006 ], [ -18.6527827685, -44.467212258 ], [ -18.938220753923748, -44.68226827438324 ], [ -19.215231569781814, -44.890975053423418 ], [ -19.216360766800001, -44.891825818300006 ], [ -19.218508191502906, -44.889816937125389 ], [ -19.219017562977314, -44.889340428326534 ] ] ] ] } },
{ "type": "Feature", "properties": { "STATE": "FLORENTIA", "County": "Asterleigh", "Longitude": -21.24, "Latitude": -34.33 }, "geometry": { "type": "MultiPolygon", "coordinates": [ [ [ [ -20.920203499284675, -34.047055218745811 ], [ -20.919163992609299, -34.047026103535678 ], [ -20.918326493362287, -34.054726528582279 ], [ -20.919146359336619, -34.056795177914424 ], [ -20.936699582862744, -34.101084690177714 ], [ -20.946861128610578, -34.126723850092866 ], [ -20.955499402056844, -34.144617416517264 ], [ -20.955109798868847, -34.147536527719602 ], [ -21.177564619800002, -34.687210093800005 ], [ -21.211464153411711, -34.687801812361009 ], [ -21.4324128887162, -34.691658486886631 ], [ -21.432412888720812, -34.691658486837895 ], [ -21.4239881526, -34.691511432500008 ], [ -21.489263321300001, -34.090098649800005 ], [ -21.462360855299998, -34.062240330800002 ], [ -20.920203499284675, -34.047055218745811 ] ] ] ] } },
{ "type": "Feature", "properties": { "STATE": "MARCENNE", "County": "Croixval", "Longitude": -13.65, "Latitude": -34.51 }, "geometry": { "type": "MultiPolygon", "coordinates": [ [ [ [ -12.699291511523118, -34.555732429239605 ], [ -12.702739266109987, -34.566710755980715 ], [ -12.707145879, -34.580742275600002 ], [ -12.663712512956671, -34.589970057494071 ], [ -12.689815415141021, -34.610907154842288 ], [ -12.7160157498, -34.608985683800007 ], [ -13.426604717520584, -35.201884711287953 ], [ -13.426848945967418, -35.201722870976234 ], [ -14.439418547200001, -34.557379227799998 ], [ -14.460017594260043, -34.564503063520384 ], [ -14.317262521267809, -34.241532775764995 ], [ -14.187203805499999, -33.741076397300006 ], [ -12.699291511523118, -34.555732429239605 ] ] ] ] } },
{ "type": "Feature", "properties": { "STATE": "NEW ZALES", "County": "Pinehurst", "Longitude": -7.89, "Latitude": -30.17 }, "geometry": { "type": "MultiPolygon", "coordinates": [ [ [ [ -7.829639465, -29.513239566300001 ], [ -7.737875376752846, -29.438462810433698 ], [ -7.735065941852846, -29.441584404733696 ], [ -7.733858851452846, -29.4447291929337 ], [ -7.764070599445025, -29.588168050330708 ], [ -7.437244199191741, -30.232292235191593 ], [ -7.435715084030359, -30.236352299585853 ], [ -7.431600173152844, -30.2472780974337 ], [ -7.414883932834242, -30.31245903711541 ], [ -7.374520892857618, -30.469844957869313 ], [ -7.355727572031777, -30.524548472150009 ], [ -7.360996767040817, -30.523778189579737 ], [ -7.360627489444211, -30.525391349608924 ], [ -7.362088497599999, -30.521634471500008 ], [ -7.912302557099999, -30.616863827900005 ], [ -8.461281876299999, -30.544357125400005 ], [ -8.460998263752431, -30.547145982114074 ], [ -8.468402638909733, -30.546170213079407 ], [ -8.46213266352297, -30.535991050695635 ], [ -8.461624049199999, -30.540992424900004 ], [ -8.446975714800001, -30.511384089300002 ], [ -7.988065349603861, -29.585505910928049 ], [ -7.974271784617776, -29.55703691834362 ], [ -7.959940815158148, -29.528103966261781 ], [ -7.959725867158789, -29.527693610990276 ], [ -7.959597141267913, -29.527447861562237 ], [ -7.829639465, -29.513239566300001 ] ] ] ] } },
{ "type": "Feature", "properties": { "STATE": "ALVAJEA", "County": "Frostmarsh", "Longitude": -3.25, "Latitude": -36.27 }, "geometry": { "type": "MultiPolygon", "coordinates": [ [ [ [ -3.042552951699999, -36.789316604100001 ], [ -3.258970746, -36.564575048500004 ], [ -3.258970746, -36.547927525800006 ], [ -3.3338845979, -36.414747344800006 ], [ -3.3420520444, -36.415118592300004 ], [ -3.3422083592, -36.414747344800006 ], [ -3.3448172993, -36.415244285700005 ], [ -3.5170073469, -36.423071106100004 ], [ -3.8000152317, -36.214977073100002 ], [ -3.9748142194, -35.956940472300005 ], [ -3.1923806555, -35.773817723300006 ], [ -2.726250021699999, -36.522956241900005 ], [ -2.7012787377, -36.914173023800004 ], [ -3.042552951699999, -36.789316604100001 ] ] ] ] } },
{ "type": "Feature", "properties": { "STATE": "UGHAMPTON", "County": "Izhtïnell", "Longitude": -5.18, "Latitude": -34.74 }, "geometry": { "type": "MultiPolygon", "coordinates": [ [ [ [ -5.671986747168541, -35.692458340897417 ], [ -5.6655140072, -35.692091274600003 ], [ -5.693280915550518, -35.445018742318922 ], [ -5.687756996960212, -34.039739834409815 ], [ -5.686706708946293, -33.772547700951918 ], [ -5.682357734917902, -33.770772124845173 ], [ -5.673219127599999, -33.767041062600001 ], [ -5.639647581720368, -33.768052873118094 ], [ -5.600795296441505, -33.769223839478656 ], [ -4.649053632299999, -33.797908316200001 ], [ -4.679471459789859, -35.714712148467591 ], [ -5.6719659286, -35.700536298200007 ], [ -5.672045713426362, -35.707459293036479 ], [ -5.671986747168541, -35.692458340897417 ] ] ], [ [ [ -5.686706708946293, -33.772547700951918 ], [ -5.746519050730556, -33.796967567400216 ], [ -5.68624268197243, -33.654499741263251 ], [ -5.686706708946293, -33.772547700951918 ] ] ] ] } },
{ "type": "Feature", "properties": { "STATE": "ORLAY", "County": "Eldoria", "Longitude": -19.94, "Latitude": -37.28 }, "geometry": { "type": "MultiPolygon", "coordinates": [ [ [ [ -19.507589015624315, -36.647581314688047 ], [ -19.602710698881694, -37.256827837408963 ], [ -19.563349767734149, -37.984181550540555 ], [ -19.758925550302294, -38.011968273756324 ], [ -19.766983150841298, -38.013113069461703 ], [ -19.776954083376246, -38.012722924816217 ], [ -20.347011233112575, -37.990417614474183 ], [ -20.271451119181698, -37.223938964279455 ], [ -20.25136989305264, -36.432430584813808 ], [ -20.211675178089628, -36.444260135630437 ], [ -19.5297832553, -36.647472960300007 ], [ -19.530317755399999, -36.653780061900001 ], [ -19.507589015624315, -36.647581314688047 ] ] ], [ [ [ -19.5295288961, -36.644471521800007 ], [ -19.523595760799999, -36.649316915600004 ], [ -19.5297832553, -36.647472960300007 ], [ -19.5295288961, -36.644471521800007 ] ] ], [ [ [ -19.529262048880085, -36.64132272460315 ], [ -19.5295288961, -36.644471521800007 ], [ -19.533928048500002, -36.640878880700001 ], [ -19.533843225296053, -36.639999803858473 ], [ -19.529262048880085, -36.64132272460315 ] ] ] ] } },
{ "type": "Feature", "properties": { "STATE": "NORTH ORLE", "County": "Brixthorn", "Longitude": -26.81, "Latitude": -31.49 }, "geometry": { "type": "MultiPolygon", "coordinates": [ [ [ [ -27.100191245300003, -31.958162742900001 ], [ -27.100191245300003, -31.150373604500004 ], [ -27.097127368400002, -31.149006644100005 ], [ -27.097310941799996, -31.153228831 ], [ -26.564009682200002, -30.916206049 ], [ -26.563853839099998, -30.916024232100007 ], [ -26.5493135153, -31.370409350600006 ], [ -26.5493135153, -31.664618918800002 ], [ -26.539902878600003, -31.664491748100005 ], [ -26.531013893599997, -31.942272528600007 ], [ -27.025649172, -31.956609783 ], [ -27.100191245300003, -31.958162742900001 ] ] ] ] } },
{ "type": "Feature", "properties": { "STATE": "AUSTINAS", "County": "Halvernia", "Longitude": -9.53, "Latitude": -38.42 }, "geometry": { "type": "MultiPolygon", "coordinates": [ [ [ [ -8.536738065182378, -38.282801800025304 ], [ -8.367281608499999, -38.338167404200007 ], [ -9.869387476255863, -39.049571930031398 ], [ -9.877710288477658, -39.053513653720337 ], [ -9.932359177507221, -39.079395629033684 ], [ -9.966647102455498, -39.092729822069124 ], [ -9.988208799005291, -39.102388161078842 ], [ -10.120335388107319, -38.765152071092075 ], [ -10.322775816445251, -38.255410470683287 ], [ -10.3197252527, -38.253022258500003 ], [ -9.752449520299999, -37.842090285300003 ], [ -9.648996686959453, -37.819844079655041 ], [ -9.654238592457896, -37.877739955221259 ], [ -8.552748600778175, -38.277570763133724 ], [ -8.536738065182378, -38.282801800025304 ] ] ] ] } },
{ "type": "Feature", "properties": { "STATE": "ORLAY", "County": "Ardale", "Longitude": -17.4, "Latitude": -36.16 }, "geometry": { "type": "MultiPolygon", "coordinates": [ [ [ [ -17.089119954738649, -35.646786160001824 ], [ -17.00889922299627, -35.619148353988052 ], [ -16.93934256916252, -35.598583911585386 ], [ -16.934361425814544, -35.758874626282136 ], [ -16.948962459200001, -36.330343505600005 ], [ -17.108224705799998, -36.407984525800003 ], [ -17.10500694847951, -36.411534970021393 ], [ -17.199395192706007, -36.469022294756705 ], [ -17.234421744400002, -36.494014353400004 ], [ -17.504719495996156, -36.650414488284433 ], [ -17.518873824199702, -36.658604489226583 ], [ -17.525046218, -36.66217597 ], [ -17.950275874399999, -36.593490299100004 ], [ -17.9545616007, -36.569696184600005 ], [ -17.714486241323165, -35.827755335472986 ], [ -17.6114322699, -35.812651449600004 ], [ -17.611457489670507, -35.810615928519695 ], [ -17.287988003927389, -35.701661023076554 ], [ -17.089525231817401, -35.642985454009022 ], [ -17.089119954738649, -35.646786160001824 ] ] ] ] } },
{ "type": "Feature", "properties": { "STATE": "HAMPTON", "County": "Talewin", "Longitude": -11.96, "Latitude": -41.57 }, "geometry": { "type": "MultiPolygon", "coordinates": [ [ [ [ -11.877444788658057, -42.158613487379036 ], [ -12.0353691767, -42.233846183 ], [ -12.112785091399999, -42.285456792800005 ], [ -12.2286568475, -42.252350576800005 ], [ -12.410741035699999, -42.351669224900007 ], [ -12.758356303899999, -42.020607064600007 ], [ -12.625931439799999, -41.888182200500005 ], [ -12.6370864512, -41.575841882800006 ], [ -12.626827884306135, -41.433537491260076 ], [ -12.6254582364, -41.414538062399998 ], [ -12.45578164700699, -41.149437463409903 ], [ -12.428252253143542, -41.036399142145285 ], [ -12.427884683416384, -41.03573292201483 ], [ -12.102647246011466, -40.465447416715335 ], [ -12.101691892731466, -40.47882236262604 ], [ -12.092205551700001, -40.752728467100006 ], [ -12.096231983399999, -40.845336395700002 ], [ -12.0850934435, -40.852297983200003 ], [ -11.831382255199999, -41.010867475900007 ], [ -11.814829147200001, -41.010867475900007 ], [ -11.589285001528356, -41.090207341172473 ], [ -11.552563146595162, -41.106075698532202 ], [ -11.528675528767934, -41.116398087116458 ], [ -11.417554554900001, -41.176398556 ], [ -10.788536450500001, -41.590226256300006 ], [ -10.7987947146, -41.594500533 ], [ -11.358982018900001, -41.827911909800001 ], [ -11.3844483389, -41.838522876500001 ], [ -11.6824042831, -42.070266388700006 ], [ -11.746616361299999, -42.093199273700002 ], [ -11.877444788658057, -42.158613487379036 ] ] ] ] } },
{ "type": "Feature", "properties": { "STATE": "WEST VILLE", "County": "Montévare", "Longitude": -13.04, "Latitude": -32.39 }, "geometry": { "type": "MultiPolygon", "coordinates": [ [ [ [ -13.565409242792843, -31.476702909583246 ], [ -13.565159152905403, -31.465202269363012 ], [ -13.539753712622105, -31.453909085602618 ], [ -12.782747479812098, -31.604276368972322 ], [ -12.47584060082823, -31.665238553482972 ], [ -12.444083420163448, -31.671546613809397 ], [ -12.361323495218139, -31.703732305298907 ], [ -12.35584500433081, -31.70451526740726 ], [ -12.35587314417451, -31.706351706098857 ], [ -12.3952835648, -31.701533931900002 ], [ -12.393632992699999, -32.946629037400001 ], [ -13.154472117257487, -33.251382154987802 ], [ -13.1544721172575, -33.251382154987809 ], [ -13.159495434529932, -33.254044260198967 ], [ -13.567824553641398, -33.470438132395564 ], [ -13.60918977, -33.489995399 ], [ -13.565409242792843, -31.476702909583246 ] ] ] ] } },
{ "type": "Feature", "properties": { "STATE": "AQUALAND", "County": "Thornwick", "Longitude": -19.57, "Latitude": -43.3 }, "geometry": { "type": "MultiPolygon", "coordinates": [ [ [ [ -19.730035940163766, -44.064247710070326 ], [ -19.730947759675754, -44.036101336299566 ], [ -19.7300358213, -43.948068423800002 ], [ -19.729324839096019, -43.910814065560118 ], [ -19.728417666983862, -43.862365050280076 ], [ -20.317762124938611, -42.599393712898298 ], [ -20.313498576053753, -42.595914992335231 ], [ -19.249299517812759, -42.792674744025632 ], [ -19.088861194981131, -42.820835897957537 ], [ -19.085538584805839, -42.823009878394167 ], [ -19.085756838199998, -42.831771337800006 ], [ -19.0741205267, -42.973346460900004 ], [ -19.03819588789705, -43.410429565803916 ], [ -19.036978871599999, -43.425236597400001 ], [ -19.0329380891, -43.474399451900005 ], [ -19.3457383535, -44.135748582500007 ], [ -19.5156112423, -44.135748582500007 ], [ -19.541383803759462, -44.14197942838473 ], [ -19.538312666, -44.132556743100004 ], [ -19.533418512200001, -44.117874281700004 ], [ -19.587172407370378, -44.12192454714441 ], [ -19.676412918899999, -44.126811432100006 ], [ -19.679488677051829, -44.123324007136908 ], [ -19.730035940163766, -44.064247710070326 ] ] ] ] } },
{ "type": "Feature", "properties": { "STATE": "NEW ZALES", "County": "Redcliff", "Longitude": -7.55, "Latitude": -29.16 }, "geometry": { "type": "MultiPolygon", "coordinates": [ [ [ [ -7.1402038402, -29.233984811900001 ], [ -7.72166297494628, -29.376840761822763 ], [ -7.8562521796, -28.975421540500001 ], [ -7.518120189599999, -28.971086481900002 ], [ -7.1402038402, -29.233984811900001 ] ] ] ] } },
{ "type": "Feature", "properties": { "STATE": "HILLTON", "County": "Arlenshire", "Longitude": -21.28, "Latitude": -38.38 }, "geometry": { "type": "MultiPolygon", "coordinates": [ [ [ [ -21.034648819981804, -38.103042912428279 ], [ -21.046940056509463, -38.404470465311427 ], [ -21.030822168100002, -38.705337715500001 ], [ -21.038693190535035, -38.70479488636753 ], [ -21.038956772020114, -38.704776708334109 ], [ -21.043637633877903, -38.702190395556656 ], [ -21.2529818392, -38.690016358900003 ], [ -21.36642951924469, -38.694728241327127 ], [ -21.442932210800556, -38.559151478892133 ], [ -21.635176354491229, -38.137728654719396 ], [ -21.624230662487768, -38.122593745648217 ], [ -21.624156382181805, -38.122491036228276 ], [ -21.624448702888067, -38.122068715114189 ], [ -21.043455112581807, -38.103326986328277 ], [ -21.034648819981804, -38.103042912428279 ] ] ] ] } },
{ "type": "Feature", "properties": { "STATE": "HARMINGTON", "County": "Zhalmrek", "Longitude": -23.11, "Latitude": -29.5 }, "geometry": { "type": "MultiPolygon", "coordinates": [ [ [ [ -22.332735567807831, -29.833557815133261 ], [ -22.332380242900001, -29.842620128400007 ], [ -22.796902646074937, -29.886519113897599 ], [ -23.974396144130012, -29.823044800092553 ], [ -23.980417717686421, -29.822720199362145 ], [ -23.978202766306289, -29.814143787014487 ], [ -23.930673893051633, -29.811322717896616 ], [ -23.836051493199015, -29.263726317426681 ], [ -23.798652428799997, -29.118915103700004 ], [ -22.359390727499999, -29.153736609300005 ], [ -22.332735567807831, -29.833557815133261 ] ] ] ] } },
{ "type": "Feature", "properties": { "STATE": "WEST VILLE", "County": "Fontanère", "Longitude": -13.93, "Latitude": -32.5 }, "geometry": { "type": "MultiPolygon", "coordinates": [ [ [ [ -14.308061339588678, -31.4155222037014 ], [ -14.193152377143015, -31.423371772293507 ], [ -13.565409242792843, -31.476702909583246 ], [ -13.60918977, -33.489995399 ], [ -13.567824553641398, -33.470438132395564 ], [ -13.568491826433213, -33.500585643491121 ], [ -13.5686862791, -33.509371051800002 ], [ -14.187203805499999, -33.741076397300006 ], [ -14.308061339588678, -31.4155222037014 ] ] ] ] } },
{ "type": "Feature", "properties": { "STATE": "AURELIA", "County": "New Brückenford", "Longitude": -26.26, "Latitude": -35.65 }, "geometry": { "type": "MultiPolygon", "coordinates": [ [ [ [ -26.911118962526039, -36.033204232577425 ], [ -26.911285795400815, -36.033137653779661 ], [ -26.910995747737815, -36.032126103180516 ], [ -26.911118962526039, -36.033204232577425 ] ] ], [ [ [ -26.082822060061261, -36.35194498434263 ], [ -26.090633543033064, -36.360639295251694 ], [ -26.476546515243875, -36.206631149292505 ], [ -26.6432370084, -36.136728684400005 ], [ -26.908787628699997, -36.030508436300003 ], [ -26.905730781300001, -36.013865600500004 ], [ -26.905757183360187, -36.013856440601522 ], [ -26.663884924281049, -35.086917661164065 ], [ -26.157410036582988, -35.025103185996912 ], [ -26.102352470500001, -35.064051041700004 ], [ -26.1025752762, -35.061934387300006 ], [ -26.089685275500003, -35.059395447800007 ], [ -26.0677068926, -35.079922915920179 ], [ -26.067734859829386, -35.079634793690829 ], [ -26.070191475931587, -35.054326397983125 ], [ -25.877466399309498, -35.043662709987629 ], [ -25.653299930495699, -34.985371816326591 ], [ -25.651418942857219, -34.980138461957225 ], [ -25.649656266599997, -34.978375785700003 ], [ -25.636956747544005, -34.976508209372703 ], [ -25.639051188047311, -34.981581257338789 ], [ -25.639488279212344, -34.981648106575363 ], [ -25.640022550799998, -34.981729818700003 ], [ -25.641056993492626, -34.984833146779216 ], [ -25.643837074316622, -34.993173389254743 ], [ -25.648022560785243, -35.003311263108515 ], [ -25.830411805911574, -35.44508527748777 ], [ -25.718320374900003, -35.216623291100007 ], [ -25.846585147500001, -35.481703821 ], [ -25.746343066204929, -35.698894997114003 ], [ -25.665330620946442, -35.897377665958764 ], [ -25.653680922385156, -35.899662975366788 ], [ -25.648572204600001, -35.910731863900004 ], [ -25.6695514006, -35.906584813500004 ], [ -25.766115262500001, -36.007976868500002 ], [ -25.839073621919255, -36.080648904910021 ], [ -26.046806961608262, -36.311859578728722 ], [ -26.050616540699998, -36.310537888 ], [ -26.082822060061261, -36.35194498434263 ] ] ] ] } },
{ "type": "Feature", "properties": { "STATE": "AQUALAND", "County": "Hychia", "Longitude": -18.17, "Latitude": -41.81 }, "geometry": { "type": "MultiPolygon", "coordinates": [ [ [ [ -18.625960366993745, -41.959880581476476 ], [ -18.65157579325939, -41.811311109148349 ], [ -18.665465440368415, -41.726964667810847 ], [ -18.697634042808517, -41.646075211262016 ], [ -18.691513543261756, -41.645615332412298 ], [ -18.690466991899999, -41.645728473100007 ], [ -18.688318148114156, -41.645375238505963 ], [ -18.664782179200728, -41.643606805353045 ], [ -18.664982617093429, -41.641539260813616 ], [ -18.664070379199998, -41.641389303900006 ], [ -18.6661482152, -41.629515955400002 ], [ -18.094599549800002, -41.526319668600003 ], [ -18.073626705096558, -41.426584578948173 ], [ -17.997663565980272, -41.01873825452688 ], [ -17.997735578438061, -41.018698898105093 ], [ -17.995300404394918, -41.017223231860072 ], [ -17.964147284699997, -41.022801285100002 ], [ -17.8955535196, -41.415310052400002 ], [ -17.8312035507, -41.783534874100006 ], [ -17.831915890167402, -41.787744152769271 ], [ -17.903668761388545, -42.211738391627719 ], [ -17.920854324571685, -42.310471821585736 ], [ -17.920853228539663, -42.310481770337006 ], [ -17.942460726557542, -42.312716680046975 ], [ -18.20977015, -42.340724571600006 ], [ -18.209643422056537, -42.344906593732112 ], [ -18.209655140849328, -42.344907989955381 ], [ -18.220177374477203, -42.182564956839578 ], [ -18.2873630932, -42.058118073400003 ], [ -18.293260306800001, -42.051041417100002 ], [ -18.350004118899999, -42.051041417100002 ], [ -18.4941366764, -41.996991708 ], [ -18.625960366993745, -41.959880581476476 ] ] ] ] } },
{ "type": "Feature", "properties": { "STATE": "ORLAY", "County": "Orvayne", "Longitude": -20.14, "Latitude": -38.51 }, "geometry": { "type": "MultiPolygon", "coordinates": [ [ [ [ -21.044216697586755, -37.925708510012221 ], [ -20.350406541006286, -37.990162911087097 ], [ -20.347011233112575, -37.990417614474183 ], [ -19.908043919499999, -38.008339541200002 ], [ -19.776954083376246, -38.012722924816217 ], [ -19.154679019700001, -39.119488523 ], [ -19.143933606417214, -39.162956970116007 ], [ -19.143925897857329, -39.162970951743475 ], [ -19.143930028782982, -39.162971442728676 ], [ -19.636254301545598, -39.217615950777365 ], [ -19.6434218106, -39.201536718900002 ], [ -20.6667978242, -38.611553126600008 ], [ -20.990031817230541, -38.712315040461995 ], [ -21.015051828849991, -38.717984887050676 ], [ -21.038689636623388, -38.704924308436581 ], [ -21.038693190535035, -38.70479488636753 ], [ -21.030822168100002, -38.705337715500001 ], [ -21.046940056509463, -38.404470465311427 ], [ -21.034666641081806, -38.102710251528279 ], [ -21.055909483506305, -38.077832688199159 ], [ -21.060117934799997, -37.924574383500001 ], [ -21.044216697586755, -37.925708510012221 ] ] ] ] } },
{ "type": "Feature", "properties": { "STATE": "UGHAMPTON", "County": "New Tassern", "Longitude": -8.52, "Latitude": -34.0 }, "geometry": { "type": "MultiPolygon", "coordinates": [ [ [ [ -8.478671989457959, -34.99788048755034 ], [ -8.921995449553147, -34.484662998446112 ], [ -8.924864647894285, -34.484547794427492 ], [ -8.909027895882742, -33.959089483174289 ], [ -8.907171271760163, -33.409310995323118 ], [ -8.886275015399999, -33.411142490600007 ], [ -8.899485564161642, -32.825988869815255 ], [ -8.905190731273047, -32.822838730478836 ], [ -8.9050291835, -32.775001643100005 ], [ -8.85556675117558, -32.813776583863081 ], [ -8.8562223821, -32.819886229500007 ], [ -8.318549423989172, -33.279403551819264 ], [ -8.2811527007, -33.623958271100001 ], [ -8.272100783998159, -33.646320388958749 ], [ -8.261369176600001, -33.731093752500001 ], [ -8.167765509400001, -33.962334969900006 ], [ -8.119099527064279, -33.957698618434804 ], [ -7.856452439, -34.350997261600007 ], [ -7.860338176896827, -34.354111670893829 ], [ -7.866951054516735, -34.361392380524165 ], [ -8.43046199514208, -34.981812077973231 ], [ -8.4431026849518, -34.986025224730085 ], [ -8.478671989457959, -34.99788048755034 ] ] ] ] } },
{ "type": "Feature", "properties": { "STATE": "UGHAMPTON", "County": "Elaranthal", "Longitude": -6.47, "Latitude": -36.61 }, "geometry": { "type": "MultiPolygon", "coordinates": [ [ [ [ -6.7834033879, -36.302748528700008 ], [ -5.678478415982017, -36.265630170981801 ], [ -5.673419282399999, -36.265460216700006 ], [ -5.662791375499999, -36.874332595600002 ], [ -6.77215031, -36.947436929900007 ], [ -7.2930455607, -36.866961853600003 ], [ -7.334071341270837, -36.569120171927729 ], [ -7.3545842315, -36.420199331500001 ], [ -7.336734830183011, -36.416528993921858 ], [ -6.826037540806323, -36.311515306405617 ], [ -6.7834033879, -36.302748528700008 ] ] ] ] } },
{ "type": "Feature", "properties": { "STATE": "NORTH ORLE", "County": "Bexleigh", "Longitude": -25.71, "Latitude": -33.3 }, "geometry": { "type": "MultiPolygon", "coordinates": [ [ [ [ -25.999952686944312, -33.590748349374735 ], [ -25.999963078651405, -33.586854777501479 ], [ -26.001491551414382, -33.014165564417148 ], [ -25.735931691600001, -33.018244480600003 ], [ -25.400357413599998, -33.023571056500003 ], [ -25.424896665317199, -33.577728643449007 ], [ -25.424909126259728, -33.57801004265071 ], [ -25.744418043792884, -33.585087771836569 ], [ -25.999952686944312, -33.590748349374735 ] ] ] ] } },
{ "type": "Feature", "properties": { "STATE": "AQUALAND", "County": "Azertinlich", "Longitude": -17.69, "Latitude": -43.5 }, "geometry": { "type": "MultiPolygon", "coordinates": [ [ [ [ -17.757993116588409, -43.933029970768466 ], [ -17.767160199899998, -43.930103676500003 ], [ -17.873037866899999, -43.934515246 ], [ -17.980067013566192, -43.742325280709991 ], [ -17.96710288240973, -43.734697771527351 ], [ -17.967155004635515, -43.734176549262578 ], [ -17.909759588143906, -43.729423211202814 ], [ -17.910006128067216, -43.726957811936842 ], [ -17.9100738263, -43.726280829600007 ], [ -17.905395446005905, -43.726119506107516 ], [ -17.903918853100002, -43.726068589100002 ], [ -17.921580057409063, -43.508035452648286 ], [ -17.92203837852437, -43.502297763882531 ], [ -17.93597664392594, -43.496415780302037 ], [ -17.936944127304315, -43.486740946 ], [ -17.937470019725943, -43.481482021502039 ], [ -17.9270795927, -43.486740946 ], [ -17.9319813366, -43.369099093800003 ], [ -17.935177739499885, -43.300935416023513 ], [ -17.937435256176975, -43.298755275627386 ], [ -17.9275854427, -43.197659234400007 ], [ -17.923475722092647, -43.161574269344392 ], [ -17.775889755895832, -43.003809960651246 ], [ -17.809478286133729, -42.844009983458825 ], [ -17.80615060334042, -42.842602664500006 ], [ -17.795835401399998, -42.838240235700006 ], [ -17.617358928429315, -42.816397801821552 ], [ -17.564646798044077, -43.070995765230798 ], [ -17.540887279524142, -43.071724822507178 ], [ -17.448907139756855, -43.973417955037498 ], [ -17.447230671864297, -43.989852585268061 ], [ -17.465605087, -44.142337056700001 ], [ -17.543543570699999, -44.200790919500001 ], [ -17.5440459219, -44.199836452100001 ], [ -17.687751949700001, -43.926794999400002 ], [ -17.757993116588409, -43.933029970768466 ] ] ] ] } },
{ "type": "Feature", "properties": { "STATE": "NORTH ORLE", "County": "Fallowden", "Longitude": -25.29, "Latitude": -34.24 }, "geometry": { "type": "MultiPolygon", "coordinates": [ [ [ [ -25.651418942857219, -34.980138461957225 ], [ -25.649656266599997, -34.978375785700003 ], [ -25.643404118316155, -34.97745635213105 ], [ -25.643023725846838, -34.98269965418033 ], [ -25.653299930495699, -34.985371816326591 ], [ -25.656615551400002, -34.981442897500003 ], [ -25.651418942857219, -34.980138461957225 ] ] ], [ [ [ -25.4164337741, -33.577658702200004 ], [ -25.141960670800003, -33.575390329400001 ], [ -25.132478608100001, -33.575311965300003 ], [ -24.923508340600002, -33.573584938300002 ], [ -24.908168335794024, -33.581216166460344 ], [ -24.901159992135561, -33.58470262361341 ], [ -24.863690271700001, -34.862996646600003 ], [ -25.164817452199998, -34.909051391900007 ], [ -25.18817908, -34.910511493600005 ], [ -25.258742759067708, -34.920888505222564 ], [ -25.595775400491945, -34.963363677281976 ], [ -25.597841390467458, -34.968380361486865 ], [ -25.64159671546382, -35.002501433875054 ], [ -25.648022560785243, -35.003311263108515 ], [ -25.643837074316622, -34.993173389254743 ], [ -25.641056993492626, -34.984833146779216 ], [ -25.639488279212344, -34.981648106575363 ], [ -25.639051188047311, -34.981581257338789 ], [ -25.636956747544005, -34.976508209372703 ], [ -25.643404118316155, -34.97745635213105 ], [ -25.744418043792884, -33.585087771836569 ], [ -25.424909126259728, -33.57801004265071 ], [ -25.424896665317199, -33.577728643449007 ], [ -25.4164337741, -33.577658702200004 ] ] ] ] } },
{ "type": "Feature", "properties": { "STATE": "NEW ZALES", "County": "Elderglen", "Longitude": -9.13, "Latitude": -29.37 }, "geometry": { "type": "MultiPolygon", "coordinates": [ [ [ [ -8.558134847300339, -29.594183497696037 ], [ -8.5542108218, -29.619744073800007 ], [ -8.78988602544147, -29.727761875452387 ], [ -8.797125865415197, -29.726555235456765 ], [ -9.035739918204936, -29.719697614083316 ], [ -9.053925097999315, -29.719559847569727 ], [ -9.118541072399999, -29.717475461300005 ], [ -9.118494692275883, -29.719307476370858 ], [ -9.128608496480965, -29.724399820578299 ], [ -9.128544726902707, -29.726894571399406 ], [ -9.175289838899999, -29.720216698200005 ], [ -9.569945133899999, -29.653199761300002 ], [ -9.675833583880673, -29.619761303452044 ], [ -9.6795491509, -29.618587966500002 ], [ -9.6870314124, -29.579038870100007 ], [ -9.703462558, -29.431158559500005 ], [ -9.712368469125618, -29.324287626162935 ], [ -9.713918741600001, -29.305684356500002 ], [ -9.721706857413233, -29.236953397240342 ], [ -9.645400433307335, -29.120923545704137 ], [ -9.628890435599999, -29.112647121200006 ], [ -9.6213068299, -29.102535646900002 ], [ -9.643272677199999, -29.036638105 ], [ -8.619006946599999, -29.020379918800003 ], [ -8.6173122545, -29.036055821200002 ], [ -8.635438092299999, -29.036811064400005 ], [ -8.5697135097, -29.595470015700002 ], [ -8.558134847300339, -29.594183497696037 ] ] ] ] } },
{ "type": "Feature", "properties": { "STATE": "UGHAMPTON", "County": "Tirnethyl", "Longitude": -5.2, "Latitude": -33.16 }, "geometry": { "type": "MultiPolygon", "coordinates": [ [ [ [ -5.9674901847, -32.759553643800004 ], [ -4.6723026216, -32.465974607500002 ], [ -4.649053632299999, -33.797908316200001 ], [ -5.600795296441505, -33.769223839478656 ], [ -5.821044047800886, -33.148058732038628 ], [ -5.9674901847, -32.759553643800004 ] ] ] ] } },
{ "type": "Feature", "properties": { "STATE": "HILLTON", "County": "Hollowmark", "Longitude": -19.18, "Latitude": -40.5 }, "geometry": { "type": "MultiPolygon", "coordinates": [ [ [ [ -19.917796081899688, -40.785012172479107 ], [ -19.948575185180381, -40.798108369556296 ], [ -20.303123063884843, -40.754804811856623 ], [ -20.322034779100001, -40.496389371100001 ], [ -20.334519499599999, -40.488809362300003 ], [ -20.285695325, -40.423710462900004 ], [ -20.176676962599998, -40.278352646400002 ], [ -20.1271231616, -40.278352646400002 ], [ -19.722433786099998, -40.278352646400002 ], [ -19.719539247540801, -40.276905377120407 ], [ -19.714184077300001, -40.277096633200003 ], [ -19.5784736409, -40.206372573800003 ], [ -19.533468624699999, -40.183870065700006 ], [ -19.4317181531, -40.132994829900007 ], [ -19.066052396, -39.783227584 ], [ -19.051907653879248, -39.769697830626995 ], [ -19.013814430700002, -39.733260834600003 ], [ -18.99824198253345, -39.752323659080879 ], [ -18.980293505792339, -39.774295070265268 ], [ -18.988024991099998, -39.778508049700001 ], [ -18.703513777575687, -40.113111634136821 ], [ -18.458339679894856, -40.413238546832915 ], [ -18.460291261965242, -40.413908945597022 ], [ -17.960007437890098, -41.023306915235651 ], [ -17.964147284699997, -41.022801285100002 ], [ -17.995300404394918, -41.017223231860072 ], [ -17.997735578438061, -41.018698898105093 ], [ -17.997663565980272, -41.01873825452688 ], [ -18.932330423051127, -40.889381157465159 ], [ -19.110817867125178, -40.870331010347591 ], [ -19.917796081899688, -40.785012172479107 ] ] ] ] } },
{ "type": "Feature", "properties": { "STATE": "NORTH ORLE", "County": "Carlenia", "Longitude": -24.99, "Latitude": -31.91 }, "geometry": { "type": "MultiPolygon", "coordinates": [ [ [ [ -24.790811703300001, -32.439917048 ], [ -24.790811703300001, -32.456983212100006 ], [ -24.969320952499999, -32.463138703400006 ], [ -24.969618817499999, -32.440203094 ], [ -24.957315746299997, -32.439710971200007 ], [ -24.972727593599998, -32.200827338300002 ], [ -24.975476443799998, -31.989165869400004 ], [ -25.037076143599997, -31.901899628 ], [ -25.040073183499999, -31.897189993900007 ], [ -25.040414352600003, -31.897170498500003 ], [ -25.04934234, -31.884522516400004 ], [ -25.369427890300003, -31.878367025100005 ], [ -25.369427890300003, -31.656769336400004 ], [ -25.3510441074, -31.650821642 ], [ -25.226635486100001, -31.633952676400007 ], [ -25.168011759, -31.592916067400004 ], [ -25.168157559299999, -31.591652464600003 ], [ -25.163171587299999, -31.590039356100007 ], [ -25.156287013499998, -31.598778440100006 ], [ -24.790811703300001, -31.601505867800007 ], [ -24.790811703300001, -32.434270543900006 ], [ -24.791800871900001, -32.439710971200007 ], [ -24.790811703300001, -32.439917048 ] ] ] ] } },
{ "type": "Feature", "properties": { "STATE": "ORLAVIA", "County": "Norhaven", "Longitude": -13.85, "Latitude": -39.19 }, "geometry": { "type": "MultiPolygon", "coordinates": [ [ [ [ -13.427619491113948, -39.1954382896608 ], [ -13.4404683752, -39.189633317400002 ], [ -13.869261353659031, -39.417167726534863 ], [ -14.066148619253966, -39.521643848798611 ], [ -14.0511934714, -39.439432000600007 ], [ -14.075941416533849, -39.310503419256392 ], [ -14.07940790182181, -39.298103189193469 ], [ -14.0785929821, -39.296689642600008 ], [ -14.048445482, -39.240120565500007 ], [ -14.0817441016, -39.116162127 ], [ -14.0943029344, -39.110154358900004 ], [ -14.0952808681, -39.054128578200007 ], [ -14.088955491079341, -39.039272080117222 ], [ -14.0893817592, -39.035344658700005 ], [ -14.070299438710073, -38.995454358999382 ], [ -14.026664385885862, -38.892968123553175 ], [ -13.823809255280111, -38.98384966813898 ], [ -13.8226509345, -38.982180463900001 ], [ -13.420363676600001, -39.191795456400001 ], [ -13.427619491113948, -39.1954382896608 ] ] ] ] } },
{ "type": "Feature", "properties": { "STATE": "NEW CALIPHATE", "County": "Arvengar", "Longitude": -2.75, "Latitude": -42.47 }, "geometry": { "type": "MultiPolygon", "coordinates": [ [ [ [ -2.2896880296, -42.282576687500004 ], [ -2.139613983399999, -42.268283921200002 ], [ -2.125511894, -42.266940865 ], [ -2.1171304636, -42.266142633600005 ], [ -2.0796579306, -42.296120659900005 ], [ -1.834211660399999, -42.492477676100002 ], [ -1.936905424, -42.613031224600007 ], [ -2.0593156984, -42.613031224600007 ], [ -2.0593156984, -42.632302813 ], [ -2.0793285017, -42.685670288500006 ], [ -2.3194821417, -42.632302813 ], [ -2.6085559676, -42.632302813 ], [ -2.5874804763, -42.642195390500007 ], [ -3.7552154769, -42.680481784 ], [ -3.2252467961, -42.246871045200002 ], [ -2.8012718515, -42.266142633600005 ], [ -2.3194821417, -42.285414222 ], [ -2.2896880296, -42.282576687500004 ] ] ] ] } },
{ "type": "Feature", "properties": { "STATE": "ORLAVIA", "County": "Greymont", "Longitude": -14.83, "Latitude": -40.03 }, "geometry": { "type": "MultiPolygon", "coordinates": [ [ [ [ -15.989928979501192, -39.76032533285742 ], [ -14.1161650539, -39.559276207800004 ], [ -14.108699611817919, -39.566363199957173 ], [ -13.432863138289083, -40.197492448645249 ], [ -14.401443554717424, -40.317316830077957 ], [ -14.4269243693, -40.320469095800007 ], [ -14.435473601, -40.369864656900006 ], [ -15.388595331068448, -40.514277040230112 ], [ -15.6197764685, -40.547239850300002 ], [ -16.03431818431806, -39.767490049182058 ], [ -16.035526203055888, -39.765217775163237 ], [ -16.008783075902219, -39.762348319602644 ], [ -15.989928979501192, -39.76032533285742 ] ] ] ] } },
{ "type": "Feature", "properties": { "STATE": "AUSTINAS", "County": "New Dalhurst", "Longitude": -14.57, "Latitude": -38.36 }, "geometry": { "type": "MultiPolygon", "coordinates": [ [ [ [ -14.096802131773266, -38.236687296352706 ], [ -14.104937615200001, -38.245653862300003 ], [ -14.289522455583754, -38.601860330388632 ], [ -14.347471352821735, -38.706602828488073 ], [ -14.360389929588045, -38.729953126196691 ], [ -14.369761287419216, -38.746891833861646 ], [ -14.393510228299998, -38.735531054300004 ], [ -14.396059709689439, -38.73741186576131 ], [ -15.160551586209522, -38.387698226375775 ], [ -15.199279127600001, -38.370443141 ], [ -14.805453156399999, -38.179031293900003 ], [ -14.773700973410676, -38.135118820065543 ], [ -14.737342006, -38.104976083200008 ], [ -14.67285702788843, -37.995654169065048 ], [ -14.664908550334509, -37.984661623679187 ], [ -14.519044213091963, -38.038217301608228 ], [ -14.365809579560445, -38.090927862075603 ], [ -14.096802131773266, -38.236687296352706 ] ] ] ] } },
{ "type": "Feature", "properties": { "STATE": "ORVILLE", "County": "Halewyn", "Longitude": -20.15, "Latitude": -34.22 }, "geometry": { "type": "MultiPolygon", "coordinates": [ [ [ [ -19.207090958022626, -34.451978935790144 ], [ -19.208923869873438, -34.452002023927243 ], [ -19.2743728423, -34.508653488500002 ], [ -19.274372842824921, -34.508653488794018 ], [ -19.383264959800002, -34.565496364300003 ], [ -19.461833826820232, -34.796049951026795 ], [ -19.75751897602925, -34.814814402574939 ], [ -19.82599085301743, -34.817447936305257 ], [ -19.855545068337676, -34.819186419559387 ], [ -19.855545068337676, -34.855694567896165 ], [ -20.25496159597456, -34.900895132503607 ], [ -20.841699694244191, -34.975649912431287 ], [ -20.926248835395754, -34.342163450597504 ], [ -20.955109798868847, -34.147536527719602 ], [ -20.955499402056844, -34.144617416517264 ], [ -20.946861128610578, -34.126723850092866 ], [ -20.934511491473621, -34.101142458880602 ], [ -20.93447466126613, -34.101066167736505 ], [ -20.914496230943143, -34.099639136999151 ], [ -20.913449920475415, -34.099564400537169 ], [ -20.918326493362287, -34.054726528582279 ], [ -20.919163992609299, -34.047026103535678 ], [ -20.97051707405021, -33.574857852686073 ], [ -20.961748740205763, -33.567504962869741 ], [ -19.846929254560074, -33.546148048730636 ], [ -19.841883674507358, -33.51587456841434 ], [ -19.806126767226793, -33.514803234180519 ], [ -19.803628047099998, -33.565560954700004 ], [ -19.472174468095105, -33.559775410943402 ], [ -19.276975212445343, -34.204959937545922 ], [ -19.207090958022626, -34.451978935790144 ] ] ] ] } },
{ "type": "Feature", "properties": { "STATE": "ORLAY", "County": "Arveaux", "Longitude": -13.13, "Latitude": -35.82 }, "geometry": { "type": "MultiPolygon", "coordinates": [ [ [ [ -12.750985035200966, -35.339979097856713 ], [ -12.415690393795916, -35.424900039386067 ], [ -12.322350094600001, -36.078696670800007 ], [ -12.291920751381003, -36.090098546775046 ], [ -12.258932899907009, -36.102459095883269 ], [ -12.331824422499999, -36.300034845300004 ], [ -12.339613041904414, -36.301038144161843 ], [ -12.3526493244, -36.342548224200002 ], [ -12.45382017, -36.344314167900002 ], [ -12.8241912894, -36.384512909900003 ], [ -12.841574009940455, -36.387171104827381 ], [ -13.266032298544324, -36.282319463687692 ], [ -13.266032298544786, -36.282319463687578 ], [ -13.738849435300001, -36.164341096600005 ], [ -13.7641864242, -36.159263137500005 ], [ -14.249560662251852, -35.848453144747012 ], [ -13.799696101019222, -35.52545936837717 ], [ -13.4010915011, -35.218791287700007 ], [ -13.41595814495313, -35.208939764232703 ], [ -13.410040790545544, -35.204058936977894 ], [ -13.401527940599999, -35.197037260200005 ], [ -12.750985035200966, -35.339979097856713 ] ] ] ] } },
{ "type": "Feature", "properties": { "STATE": "ORVILLE", "County": "Arlindor", "Longitude": -18.01, "Latitude": -35.57 }, "geometry": { "type": "MultiPolygon", "coordinates": [ [ [ [ -18.3873248413, -35.926368492100003 ], [ -18.394088346105047, -35.53888756138722 ], [ -18.3954410471, -35.461391373300003 ], [ -18.398339692100002, -35.295328116600004 ], [ -17.6184221145, -35.248491834100001 ], [ -17.611457489670507, -35.810615928519695 ], [ -17.6114322699, -35.812651449600004 ], [ -17.714486241323165, -35.827755335472986 ], [ -17.958831285372568, -35.863567246532654 ], [ -18.20001932486301, -35.89891645794183 ], [ -18.366766798348962, -35.923355446312286 ], [ -18.371520402884904, -35.924052148238516 ], [ -18.3873248413, -35.926368492100003 ] ] ] ] } },
{ "type": "Feature", "properties": { "STATE": "ORVILLE", "County": "Norwynfell", "Longitude": -20.4, "Latitude": -35.55 }, "geometry": { "type": "MultiPolygon", "coordinates": [ [ [ [ -20.812633933299999, -34.972019303200007 ], [ -19.852040922397109, -34.855670308097153 ], [ -19.851206231299997, -34.855569208600002 ], [ -19.78599812047613, -36.064820830095961 ], [ -19.785976824800002, -36.065215747700002 ], [ -21.1237949458, -36.164985234694178 ], [ -21.138282973560685, -36.166065697781463 ], [ -21.1425160629, -36.166381385800001 ], [ -21.104828005688567, -36.029929051886739 ], [ -20.812633933299999, -34.972019303200007 ] ] ] ] } },
{ "type": "Feature", "properties": { "STATE": "Orville", "County": "Eldercrest", "Longitude": -20.43, "Latitude": -33.0 }, "geometry": { "type": "MultiPolygon", "coordinates": [ [ [ [ -19.846929254560074, -33.546148048730636 ], [ -20.961748740205763, -33.567504962869741 ], [ -20.970911333593463, -33.567680493278736 ], [ -21.060129750242758, -32.743896122936164 ], [ -21.089155587735661, -32.475890568020908 ], [ -21.086608811838346, -32.475797957988277 ], [ -20.650042901320987, -32.459922833969465 ], [ -19.887160120133142, -32.43218164192627 ], [ -19.855424672654266, -32.434664181406717 ], [ -19.855323382796605, -32.436805336453446 ], [ -19.804452164089092, -33.512166376353854 ], [ -19.806256575454107, -33.512166376353854 ], [ -19.841265642497277, -33.512166376353854 ], [ -19.841883674507358, -33.51587456841434 ], [ -19.846929254560074, -33.546148048730636 ] ] ] ] } },
{ "type": "Feature", "properties": { "STATE": "ALVAJEA", "County": "Greytterns", "Longitude": -2.28, "Latitude": -36.75 }, "geometry": { "type": "MultiPolygon", "coordinates": [ [ [ [ -2.709602499, -36.506308719300002 ], [ -2.126939206799999, -36.364804776900002 ], [ -1.7606937088, -37.147238340700007 ], [ -2.692954976399999, -36.922496785200003 ], [ -2.709602499, -36.506308719300002 ] ] ] ] } },
{ "type": "Feature", "properties": { "STATE": "HILLTON", "County": "Velthorn Vale", "Longitude": -21.49, "Latitude": -35.69 }, "geometry": { "type": "MultiPolygon", "coordinates": [ [ [ [ -21.774604389899999, -36.184742408200002 ], [ -22.229856120499999, -36.190164057700002 ], [ -22.269022630248671, -36.203219560973508 ], [ -22.262118790565673, -36.189810938476796 ], [ -21.9657612504, -35.614225965100005 ], [ -21.811952398099997, -35.37252634 ], [ -21.833119575, -35.374450628800005 ], [ -21.811952398099997, -35.336186885900005 ], [ -21.388221940069855, -35.181467911549468 ], [ -21.388005082500001, -35.183880571600007 ], [ -20.8437427175, -34.982659293300003 ], [ -21.104828005688567, -36.029929051886739 ], [ -21.1425160629, -36.166381385800001 ], [ -21.138282973560685, -36.166065697781463 ], [ -21.139672496899998, -36.171994330700002 ], [ -21.732555141699997, -36.181405166300003 ], [ -21.774604389899999, -36.184742408200002 ] ] ] ] } },
{ "type": "Feature", "properties": { "STATE": "ORLAVIA", "County": "Otterly", "Longitude": -15.05, "Latitude": -38.76 }, "geometry": { "type": "MultiPolygon", "coordinates": [ [ [ [ -14.946813840499999, -39.143715942300005 ], [ -14.938772773767628, -39.147280053324216 ], [ -14.9728214343, -39.171649569400003 ], [ -15.41231832346269, -38.880658896901053 ], [ -15.682789212898184, -38.727139727910888 ], [ -15.199279127600001, -38.370443141 ], [ -15.160551586209522, -38.387698226375775 ], [ -14.396059709689439, -38.73741186576131 ], [ -14.946813840499999, -39.143715942300005 ] ] ] ] } },
{ "type": "Feature", "properties": { "STATE": "AUSTINAS", "County": "Valenford", "Longitude": -10.45, "Latitude": -37.91 }, "geometry": { "type": "MultiPolygon", "coordinates": [ [ [ [ -10.898216678757182, -37.704597419172636 ], [ -10.838761789707641, -37.515281392412383 ], [ -10.8315797572, -37.492412392400006 ], [ -10.844305682402515, -37.488583614290256 ], [ -10.84260424, -37.481766173100006 ], [ -9.752449520299999, -37.842090285300003 ], [ -10.3197252527, -38.253022258500003 ], [ -10.561476384039523, -38.368972269717034 ], [ -10.898124479411219, -37.891029738268919 ], [ -10.931948870072812, -37.839757581028543 ], [ -10.913723403700001, -37.753973872500005 ], [ -10.898216678757182, -37.704597419172636 ] ] ] ] } },
{ "type": "Feature", "properties": { "STATE": "HAMPTON", "County": "Gutternia", "Longitude": -11.69, "Latitude": -43.7 }, "geometry": { "type": "MultiPolygon", "coordinates": [ [ [ [ -10.182117083001703, -43.708816546167306 ], [ -10.2368001677, -43.661702428800005 ], [ -10.2368015993, -43.661701102500004 ], [ -10.236733002218598, -43.660712192348633 ], [ -10.23610866850767, -43.661262090073727 ], [ -10.182117083001703, -43.708816546167306 ] ] ], [ [ [ -10.26240711245276, -43.637978347632988 ], [ -10.257189024570955, -43.642695719909455 ], [ -10.252245512471125, -43.647304116385598 ], [ -10.236801605448065, -43.661701096768709 ], [ -10.253322315127839, -43.646395145154258 ], [ -10.26240711245276, -43.637978347632988 ] ] ], [ [ [ -10.257189024570955, -43.642695719909455 ], [ -10.257188980338547, -43.642695071662395 ], [ -10.257144330916679, -43.642734397771257 ], [ -10.257189024570955, -43.642695719909455 ] ] ], [ [ [ -11.6566277438, -42.446212982500008 ], [ -11.643191073420482, -42.389691211655084 ], [ -10.294478851341397, -43.608984138390383 ], [ -11.006399738703927, -44.214771731034915 ], [ -11.017477368725814, -44.205679992279833 ], [ -11.775340740426568, -44.66736687382933 ], [ -11.979027277527333, -44.791451775724809 ], [ -12.065390802483279, -44.844064038047307 ], [ -12.694503142199999, -44.149419163 ], [ -12.730090494623781, -44.110124794685568 ], [ -13.03558249592357, -43.77281070980392 ], [ -13.177041361486499, -43.716218954362411 ], [ -13.141868836699999, -43.727943129300002 ], [ -12.769666747900001, -43.443318002600002 ], [ -12.7257999668, -43.399451221400007 ], [ -12.442494057640568, -43.332791007549872 ], [ -12.414997771199999, -43.326321293100001 ], [ -12.364552812499999, -43.314451891 ], [ -12.2370538168, -43.314451891 ], [ -12.090245789400001, -43.251534164900001 ], [ -12.088304988600001, -43.250702393200001 ], [ -12.069646256591069, -43.215929301731563 ], [ -11.6566277438, -42.446212982500008 ] ] ] ] } },
{ "type": "Feature", "properties": { "STATE": "HARMINGTON", "County": "Gravkhaen", "Longitude": -18.55, "Latitude": -29.47 }, "geometry": { "type": "MultiPolygon", "coordinates": [ [ [ [ -19.325584740099998, -29.764158036100007 ], [ -19.340666267066837, -29.528577890306607 ], [ -19.36129143574162, -29.206403600256081 ], [ -19.3648298767, -29.151131581800001 ], [ -18.993114395399999, -29.187460344 ], [ -17.838401551, -29.110215316200005 ], [ -17.9721159122, -29.626354269700002 ], [ -17.241209618799999, -29.799136933100002 ], [ -17.297285473800002, -29.857205180900003 ], [ -17.955357408499999, -29.768785349100007 ], [ -17.955855506599999, -29.740249323400008 ], [ -19.325584740099998, -29.764158036100007 ] ] ] ] } },
{ "type": "Feature", "properties": { "STATE": "AUSTINAS", "County": "Blue Orland", "Longitude": -11.37, "Latitude": -38.32 }, "geometry": { "type": "MultiPolygon", "coordinates": [ [ [ [ -11.557854914977916, -38.831559802792903 ], [ -11.557854914978231, -38.83155980279308 ], [ -11.557854914978233, -38.83155980279308 ], [ -11.557854914977916, -38.831559802792903 ] ] ], [ [ [ -11.557854914977836, -38.83155980279286 ], [ -11.557854914977861, -38.831559802792874 ], [ -12.187627673348761, -38.204089900896562 ], [ -11.987294440448714, -38.107352242786881 ], [ -11.9692205186, -38.132575157100007 ], [ -11.817162938695279, -38.070220001762408 ], [ -11.364579300700001, -37.90667589 ], [ -11.1251347361, -38.061146337900006 ], [ -11.071662354745184, -38.048280316528867 ], [ -11.0279948399, -38.037773449900001 ], [ -10.952939925505571, -37.910900438535407 ], [ -10.9437707441, -37.895400831800004 ], [ -10.931948870072812, -37.839757581028543 ], [ -10.898124479411219, -37.891029738268919 ], [ -10.561476384039523, -38.368972269717034 ], [ -10.5606483545, -38.370147831200001 ], [ -11.11727280561141, -38.590037235197016 ], [ -11.155766209699999, -38.605243702800003 ], [ -11.557854914977836, -38.83155980279286 ] ] ] ] } },
{ "type": "Feature", "properties": { "STATE": "AUSTINAS", "County": "Cyton Hills", "Longitude": -11.27, "Latitude": -37.65 }, "geometry": { "type": "MultiPolygon", "coordinates": [ [ [ [ -11.071662354745184, -38.048280316528867 ], [ -11.1251347361, -38.061146337900006 ], [ -11.364579300700001, -37.90667589 ], [ -11.66578608722028, -37.70850551852196 ], [ -11.804870037, -37.617787761300001 ], [ -11.790006669591568, -37.605465558444877 ], [ -11.747524826327915, -37.570246763405386 ], [ -11.6980295803, -37.529213635100007 ], [ -11.491471329293471, -37.366060644970894 ], [ -11.4735200965, -37.373543823400006 ], [ -11.264738515676392, -37.22617891282804 ], [ -11.022843858035287, -37.479420698425017 ], [ -10.943536690064194, -37.483490891844738 ], [ -10.844305682402515, -37.488583614290256 ], [ -10.8315797572, -37.492412392400006 ], [ -10.838761789707641, -37.515281392412383 ], [ -10.898216678757182, -37.704597419172636 ], [ -10.913723403700001, -37.753973872500005 ], [ -10.931948870072812, -37.839757581028543 ], [ -10.9437707441, -37.895400831800004 ], [ -10.952939925505571, -37.910900438535407 ], [ -11.0279948399, -38.037773449900001 ], [ -11.071662354745184, -38.048280316528867 ] ] ], [ [ [ -11.272655564145499, -37.217103719960313 ], [ -11.28189755239441, -37.20833285231776 ], [ -11.280935709, -37.207612315200002 ], [ -11.272655564145499, -37.217103719960313 ] ] ] ] } },
{ "type": "Feature", "properties": { "STATE": "NEW ZALES", "County": "Thornridge", "Longitude": -15.45, "Latitude": -30.61 }, "geometry": { "type": "MultiPolygon", "coordinates": [ [ [ [ -16.819158207, -30.981418373 ], [ -16.640243644286592, -30.279022062282444 ], [ -16.5384120969, -29.868460579600004 ], [ -16.530707232275546, -29.856041596622745 ], [ -15.012656175975549, -30.006343681422749 ], [ -14.507460259906097, -30.068665940466069 ], [ -14.291559183899999, -30.714948446300006 ], [ -14.112862971025201, -31.113315492126176 ], [ -14.113675068521761, -31.117628884794634 ], [ -14.171078604101975, -31.42252329779803 ], [ -14.171516610997205, -31.424849737343315 ], [ -14.193152377143015, -31.423371772293507 ], [ -14.308061339588678, -31.4155222037014 ], [ -14.32811473380524, -31.414152332369717 ], [ -14.328223706402143, -31.41412396579166 ], [ -14.370545164666467, -31.403107297532131 ], [ -14.558703241014033, -31.354128004462268 ], [ -14.828597890148387, -31.285401346308511 ], [ -15.131356317897565, -31.206989091639663 ], [ -15.131769238075041, -31.207994462506562 ], [ -15.135068875788781, -31.216028363026972 ], [ -15.136922619926526, -31.220541827014522 ], [ -15.357638596031441, -31.190532198684473 ], [ -16.178347767356719, -31.085069360567651 ], [ -16.819158207, -30.981418373 ] ] ] ] } },
{ "type": "Feature", "properties": { "STATE": "UGHAMPTON", "County": "Haldrim Vale", "Longitude": -8.42, "Latitude": -35.42 }, "geometry": { "type": "MultiPolygon", "coordinates": [ [ [ [ -8.770912382020823, -35.023466677307916 ], [ -8.771573677198656, -34.985581101768581 ], [ -8.7717629548, -34.974737395200002 ], [ -8.478671989457959, -34.99788048755034 ], [ -8.4431026849518, -34.986025224730085 ], [ -8.439807847913869, -34.989560086247856 ], [ -8.45026541232712, -34.998229738722046 ], [ -8.346971990653515, -35.089158911780522 ], [ -7.970038119487512, -35.238295861217011 ], [ -7.769628334605673, -35.395386095812135 ], [ -7.772566233611345, -35.402360625624262 ], [ -8.775175357276536, -35.993873781970464 ], [ -8.8138855282, -35.944094444700006 ], [ -8.764340019485566, -35.917330200889864 ], [ -8.770912381984743, -35.023466679374948 ], [ -8.770912381984743, -35.023466679374927 ], [ -8.770912382020823, -35.023466677307916 ] ] ] ] } },
{ "type": "Feature", "properties": { "STATE": "AQUALAND", "County": "San Harlia", "Longitude": -18.24, "Latitude": -44.52 }, "geometry": { "type": "MultiPolygon", "coordinates": [ [ [ [ -19.219017562977314, -44.889340428326534 ], [ -19.218508191502906, -44.889816937125389 ], [ -19.21928933326258, -44.889540843917217 ], [ -19.219017562977314, -44.889340428326534 ] ] ], [ [ [ -17.544847016600002, -44.201768503900006 ], [ -17.543543570699999, -44.200790919500001 ], [ -17.533347018600001, -44.220164368400006 ], [ -17.671117085600002, -44.506302199900006 ], [ -17.734073429, -44.637057682100007 ], [ -17.71627367670035, -44.702323440429581 ], [ -17.684305217891733, -44.720661343631804 ], [ -17.772674661700002, -44.752861380400006 ], [ -18.323740733362584, -45.206070952517216 ], [ -19.215231569781814, -44.890975053423418 ], [ -18.938220753923748, -44.68226827438324 ], [ -18.6527827685, -44.467212258 ], [ -18.474752022800001, -44.259509721300006 ], [ -18.468920187600965, -44.248023249972086 ], [ -18.40899093410523, -44.129494224780352 ], [ -18.20323109833145, -43.768835327959401 ], [ -18.197167026628186, -43.757876744527955 ], [ -18.178470590183068, -43.735185277416583 ], [ -17.96710288240973, -43.734697771527351 ], [ -17.980067013566192, -43.742325280709991 ], [ -17.873037866899999, -43.934515246 ], [ -17.767160199899998, -43.930103676500003 ], [ -17.757993116588409, -43.933029970768466 ], [ -17.687751949700001, -43.926794999400002 ], [ -17.5440459219, -44.199836452100001 ], [ -17.544847016600002, -44.201768503900006 ] ] ] ] } },
{ "type": "Feature", "properties": { "STATE": "NOVA", "County": "Thrighrich", "Longitude": -17.47, "Latitude": -41.49 }, "geometry": { "type": "MultiPolygon", "coordinates": [ [ [ [ -16.902065539673728, -41.784291965084265 ], [ -17.250499954600002, -41.938301593300004 ], [ -17.647326793600001, -41.755150744500007 ], [ -17.7083770765, -41.755150744500007 ], [ -17.72145928, -41.755150744500007 ], [ -17.799952500899998, -41.724625603100002 ], [ -17.8312035507, -41.783534874100006 ], [ -17.8304776423, -41.755150744500007 ], [ -17.8955535196, -41.415310052400002 ], [ -17.964147284699997, -41.022801285100002 ], [ -17.960007437890098, -41.023306915235651 ], [ -17.958030294896599, -41.025715281982571 ], [ -17.762738373211661, -40.988586980010027 ], [ -17.693114505800001, -40.976759637200004 ], [ -16.914723398500001, -41.571999895700003 ], [ -16.890069034770271, -41.793889169025263 ], [ -16.902065539673728, -41.784291965084265 ] ] ] ] } },
{ "type": "Feature", "properties": { "STATE": "FLORENTIA", "County": "Hawthorne", "Longitude": -23.88, "Latitude": -31.17 }, "geometry": { "type": "MultiPolygon", "coordinates": [ [ [ [ -23.498110516783907, -31.728795518906303 ], [ -23.57410798500619, -31.730122059650533 ], [ -23.6124262284, -31.705531563900003 ], [ -23.611143737569023, -31.730768521117177 ], [ -24.3530636626, -31.743718781600002 ], [ -24.350961065141384, -31.639976126185111 ], [ -24.342046274147805, -31.200118232153386 ], [ -24.3276403355, -30.489325815400001 ], [ -24.306993390498583, -30.488731867320304 ], [ -23.809792792800003, -30.505755101500007 ], [ -23.809791050614884, -30.504773648768769 ], [ -23.655457627740041, -30.523985444829876 ], [ -23.202798434134614, -31.700887040652873 ], [ -23.215562314577852, -31.702093291601308 ], [ -23.498110516783907, -31.728795518906303 ] ] ], [ [ [ -23.809737182659262, -30.474427360297973 ], [ -23.809791050614884, -30.504773648768769 ], [ -23.904243931502371, -30.493015926745933 ], [ -23.906358405739184, -30.487518351221595 ], [ -23.920065030689038, -30.487912647984025 ], [ -23.809737182659262, -30.474427360297973 ] ] ] ] } },
{ "type": "Feature", "properties": { "STATE": "HAMPTON", "County": "Narshet", "Longitude": -8.82, "Latitude": -41.18 }, "geometry": { "type": "MultiPolygon", "coordinates": [ [ [ [ -9.555329903500001, -40.878442611800004 ], [ -9.629818889599999, -40.630145991600003 ], [ -9.249097405299999, -40.365296263400005 ], [ -9.315309837399999, -40.332190047400005 ], [ -9.309588974382288, -40.327509341285385 ], [ -9.185915940373377, -40.347235849377306 ], [ -8.977153945066606, -40.371510499990279 ], [ -7.8917425483, -40.497721127500007 ], [ -7.8988104159, -40.565370717200004 ], [ -7.9082956563, -40.563933559500008 ], [ -7.919237541299999, -40.760887488800002 ], [ -7.95386783371494, -41.604512825879105 ], [ -8.391531075071589, -41.690678173610451 ], [ -8.674162304767865, -41.880080033462626 ], [ -8.878277429102273, -42.071774636655277 ], [ -9.033907001199999, -42.153031928700003 ], [ -9.216095492404525, -42.289856977405968 ], [ -9.253261438648064, -42.317768907360239 ], [ -9.336500653213754, -42.125225995598704 ], [ -9.484069542883587, -41.8558679978401 ], [ -9.603005328544679, -41.611746371904552 ], [ -9.644186373706306, -41.550267496429264 ], [ -9.65298893672446, -41.506340686052795 ], [ -9.666137857231941, -41.487237982592042 ], [ -9.5893557367, -41.174559321800004 ], [ -9.580159565599999, -41.14329234 ], [ -9.577238428899999, -41.130634080900002 ], [ -9.487479353167025, -40.998254682257382 ], [ -9.491797555267025, -40.983860675357384 ], [ -9.520362802361477, -40.939171654287478 ], [ -9.555329903500001, -40.878442611800004 ] ] ] ] } },
{ "type": "Feature", "properties": { "STATE": "AURELIA", "County": "Eichenfurt", "Longitude": -25.27, "Latitude": -36.84 }, "geometry": { "type": "MultiPolygon", "coordinates": [ [ [ [ -24.16480855, -36.204033981600006 ], [ -24.1606246407, -36.235831692100007 ], [ -24.767851728719677, -37.523254958389714 ], [ -25.524401602899999, -37.993289110100001 ], [ -25.5456277778, -37.960176277200006 ], [ -26.094632604177917, -37.423695152375046 ], [ -26.037236152184711, -36.301265938647013 ], [ -25.766115262500001, -36.007976868500002 ], [ -25.6695514006, -35.906584813500004 ], [ -25.648572204600001, -35.910731863900004 ], [ -24.16480855, -36.204033981600006 ] ] ] ] } },
{ "type": "Feature", "properties": { "STATE": "FLORENTIA", "County": "Irisbank", "Longitude": -22.57, "Latitude": -34.06 }, "geometry": { "type": "MultiPolygon", "coordinates": [ [ [ [ -22.7439371822, -33.745786994600003 ], [ -22.453042589200788, -33.884942225329759 ], [ -22.396583789204929, -33.911950418432099 ], [ -22.388935969254732, -33.915608905648298 ], [ -22.3513659718, -33.933581263300006 ], [ -22.384169677099997, -34.284517778300007 ], [ -22.7142888445, -34.329209354800007 ], [ -22.716735285816661, -34.307245985333147 ], [ -22.741986889435914, -34.080545145978043 ], [ -22.783533956699998, -33.707548834 ], [ -22.7439371822, -33.745786994600003 ] ] ] ] } },
{ "type": "Feature", "properties": { "STATE": "FLORENTIA", "County": "Sunrose", "Longitude": -22.76, "Latitude": -31.16 }, "geometry": { "type": "MultiPolygon", "coordinates": [ [ [ [ -23.170279842900001, -31.697813870100006 ], [ -23.202798434134614, -31.700887040652873 ], [ -23.655457627740041, -30.523985444829876 ], [ -22.237240812894843, -30.721162304247343 ], [ -22.055719619100309, -30.746399474287543 ], [ -21.983902961053445, -30.854664489852553 ], [ -22.166892220174137, -31.710107374512958 ], [ -22.189472966146699, -31.815668425283761 ], [ -22.348199346635962, -31.822431399771119 ], [ -23.170279842900001, -31.697813870100006 ] ] ] ] } },
{ "type": "Feature", "properties": { "STATE": "NORTH ORLE", "County": "Windham", "Longitude": -26.21, "Latitude": -32.0 }, "geometry": { "type": "MultiPolygon", "coordinates": [ [ [ [ -26.519127854600001, -31.664211004500004 ], [ -26.012113809100001, -31.657359463300004 ], [ -25.7568522515, -31.657359463300004 ], [ -25.7568522515, -31.803650203700002 ], [ -25.763261052, -31.889100877900006 ], [ -26.001144119099997, -32.132045286800007 ], [ -26.169641765899996, -32.303095928300003 ], [ -26.169641765899996, -32.454875912300004 ], [ -26.521950525599998, -32.471262366300003 ], [ -26.526307525199996, -32.339100042900007 ], [ -26.519127854600001, -31.664211004500004 ] ] ] ] } },
{ "type": "Feature", "properties": { "STATE": "HILLTON", "County": "Elderwyn Vale", "Longitude": -20.31, "Latitude": -39.77 }, "geometry": { "type": "MultiPolygon", "coordinates": [ [ [ [ -19.719539247540801, -40.276905377120407 ], [ -19.974140737216217, -40.278352646400002 ], [ -20.1271231616, -40.278352646400002 ], [ -20.176676962599998, -40.278352646400002 ], [ -20.285695325, -40.423710462900004 ], [ -20.334519499599999, -40.488809362300003 ], [ -20.830787136799998, -40.187504011100003 ], [ -20.8671265909, -40.114825102900006 ], [ -20.8925642088, -39.987637013400004 ], [ -20.9034660451, -39.933127832200007 ], [ -21.157842223899998, -40.042146194600001 ], [ -21.659599556526526, -39.701407957658844 ], [ -21.659924155875892, -39.70144774072714 ], [ -21.660941777600002, -39.700757211700001 ], [ -21.6302551275, -39.696921380500001 ], [ -21.635470512099999, -39.683137864 ], [ -21.63498762392091, -39.682923117791823 ], [ -21.634601510099998, -39.683935725200001 ], [ -21.014118677100001, -39.410616602300003 ], [ -21.00411504458836, -39.410773960676281 ], [ -21.003639399887565, -39.402154933726159 ], [ -20.775415001527673, -39.300660786047047 ], [ -20.319467522034167, -39.103646443056036 ], [ -19.4875592434, -39.551191018600001 ], [ -19.494012818825887, -39.536713389772004 ], [ -19.490197700902456, -39.53871562408932 ], [ -19.081353491569416, -39.753283541199714 ], [ -19.051907653879248, -39.769697830626995 ], [ -19.066052396, -39.783227584 ], [ -19.4317181531, -40.132994829900007 ], [ -19.533468624699999, -40.183870065700006 ], [ -19.5784736409, -40.206372573800003 ], [ -19.714184077300001, -40.277096633200003 ], [ -19.719539247540801, -40.276905377120407 ] ] ] ] } },
{ "type": "Feature", "properties": { "STATE": "NORTH ORLE", "County": "New Yorkshire", "Longitude": -26.8, "Latitude": -32.77 }, "geometry": { "type": "MultiPolygon", "coordinates": [ [ [ [ -26.521664040700003, -32.479952408200006 ], [ -26.521680348, -32.479457751800005 ], [ -26.518001914099997, -32.479209767500002 ], [ -26.518218469300002, -32.488846477100005 ], [ -26.519054965899997, -32.488853333600005 ], [ -26.520963542300002, -32.611002223700005 ], [ -26.530761482499997, -33.047010564700003 ], [ -26.982158729299996, -33.018096757400002 ], [ -27.086888370300002, -33.076279891300004 ], [ -27.0932009092, -32.520776470200005 ], [ -26.521664040700003, -32.479952408200006 ] ] ] ] } },
{ "type": "Feature", "properties": { "STATE": "MARCENNE", "County": "St Martes", "Longitude": -11.85, "Latitude": -35.2 }, "geometry": { "type": "MultiPolygon", "coordinates": [ [ [ [ -12.150984205499999, -34.79574311 ], [ -12.145261556529242, -34.795740215696675 ], [ -11.900363936018209, -34.795616355574914 ], [ -11.6077768923, -34.804987113800003 ], [ -11.608809964982758, -34.795468898403726 ], [ -11.607232563341622, -34.795468100612553 ], [ -11.581435099758531, -34.873226403756377 ], [ -11.488548575404321, -35.153203483497073 ], [ -11.498608363399999, -35.158870301500002 ], [ -11.424425714648823, -35.568183552137668 ], [ -11.416170144333492, -35.635974945141108 ], [ -11.417878654687861, -35.635544082611361 ], [ -11.425837657512503, -35.633834707632815 ], [ -12.332753549744982, -35.433057592206765 ], [ -12.249105795454826, -35.148724558028498 ], [ -12.150984205499999, -34.79574311 ] ] ] ] } },
{ "type": "Feature", "properties": { "STATE": "MARCENNE", "County": "Champrosé", "Longitude": -9.32, "Latitude": -33.92 }, "geometry": { "type": "MultiPolygon", "coordinates": [ [ [ [ -8.925099316, -34.492334006300005 ], [ -9.291854430351442, -34.469812424925543 ], [ -9.710455272399999, -34.444107117600005 ], [ -9.711223039944, -34.426208113017303 ], [ -9.711355836674954, -34.423112215939476 ], [ -9.710768137913465, -34.426183064341927 ], [ -9.718982098033592, -33.797141376710613 ], [ -9.729776196834441, -33.337212098322141 ], [ -8.907171271760163, -33.409310995323118 ], [ -8.909027895882742, -33.959089483174289 ], [ -8.924864647894285, -34.484547794427492 ], [ -8.925099316, -34.492334006300005 ] ] ] ] } },
{ "type": "Feature", "properties": { "STATE": "HARMINGTON", "County": "Vorskhaeth", "Longitude": -21.85, "Latitude": -29.53 }, "geometry": { "type": "MultiPolygon", "coordinates": [ [ [ [ -21.36579649212468, -29.239490001890758 ], [ -21.365182388936447, -29.254365903662148 ], [ -21.351400457350739, -29.588216410248855 ], [ -21.341317910366186, -29.832453830638336 ], [ -21.340932689712741, -29.841785331778141 ], [ -21.34086125453986, -29.843515761834823 ], [ -21.340705245559043, -29.847294889379675 ], [ -21.340358681464167, -29.855689982470935 ], [ -22.017727008775601, -29.840583192524896 ], [ -22.332641744500002, -29.827638714900004 ], [ -22.3438863109, -29.183437934800004 ], [ -21.36579649212468, -29.239490001890758 ] ] ] ] } },
{ "type": "Feature", "properties": { "STATE": "ORLAY", "County": "Arvel Falls", "Longitude": -19.29, "Latitude": -39.42 }, "geometry": { "type": "MultiPolygon", "coordinates": [ [ [ [ -19.137597830899999, -39.162174087800004 ], [ -19.12789546289255, -39.227836112061851 ], [ -19.013814430700002, -39.733260834600003 ], [ -19.051907653879248, -39.769697830626995 ], [ -19.081353491569416, -39.753283541199714 ], [ -19.490197700902456, -39.53871562408932 ], [ -19.636254301545598, -39.217615950777365 ], [ -19.143930028782982, -39.162971442728676 ], [ -19.143925897857329, -39.162970951743475 ], [ -19.137597830899999, -39.162174087800004 ] ] ] ] } },
{ "type": "Feature", "properties": { "STATE": "NOVA", "County": "Valonne", "Longitude": -15.17, "Latitude": -41.2 }, "geometry": { "type": "MultiPolygon", "coordinates": [ [ [ [ -15.9837065839, -41.709363032300004 ], [ -15.907393730199999, -41.633050178700003 ], [ -15.907393730199999, -41.495687042100002 ], [ -15.881862212943611, -41.478722370249578 ], [ -15.881862212943611, -41.448197228749578 ], [ -15.876868588799999, -41.388849047 ], [ -15.9774219959, -41.263157288 ], [ -15.9935823649, -41.220062970700006 ], [ -15.9837065839, -41.190435627500001 ], [ -15.937918871699999, -41.144647915300006 ], [ -15.937918871699999, -41.053072490900007 ], [ -15.936435105907854, -41.00855951704817 ], [ -15.924742438568462, -40.657779496176829 ], [ -15.92356280133383, -40.622390379068335 ], [ -15.9092690463, -40.619389567200002 ], [ -15.887975155893532, -40.589940650044973 ], [ -15.771207819503488, -40.572248629381477 ], [ -15.608206834099999, -40.569403436600005 ], [ -15.619035423705533, -40.549192205777899 ], [ -15.388595331068448, -40.514277040230112 ], [ -14.435473601, -40.369864656900006 ], [ -14.564287505899999, -41.114122773800005 ], [ -14.200610305060287, -41.191702637181734 ], [ -14.604201297671784, -41.870499288661911 ], [ -14.610880873136121, -41.872696522610077 ], [ -14.671125501, -41.892513881100001 ], [ -15.876868588799999, -41.923039022600001 ], [ -15.921309603499999, -41.868722226700001 ], [ -15.916932836899999, -41.867712203700002 ], [ -15.932947251640789, -41.839094883500003 ], [ -16.006124638535002, -41.756010848679026 ], [ -16.003329889100002, -41.728986337600006 ], [ -15.9837065839, -41.709363032300004 ] ] ] ] } },
{ "type": "Feature", "properties": { "STATE": "FLORENTIA", "County": "Briarhill", "Longitude": -24.0, "Latitude": -33.06 }, "geometry": { "type": "MultiPolygon", "coordinates": [ [ [ [ -23.630375663431469, -33.634893574661895 ], [ -23.881579860405402, -33.613225043768558 ], [ -24.37919419376999, -33.560590490606351 ], [ -24.373991311527803, -33.386551605888016 ], [ -24.368818415, -33.386823863600007 ], [ -24.36671897097564, -33.143288356774406 ], [ -24.346460914399998, -32.465646732600007 ], [ -23.817193192218959, -32.525307418114316 ], [ -23.643443847858716, -32.555338168998091 ], [ -23.643438070391149, -32.555810290274891 ], [ -23.630275787861361, -33.631401552496705 ], [ -23.630232870273527, -33.63490867843516 ], [ -23.630375663431469, -33.634893574661895 ] ] ] ] } },
{ "type": "Feature", "properties": { "STATE": "HARMINGTON", "County": "Kraevholl", "Longitude": -25.1, "Latitude": -29.57 }, "geometry": { "type": "MultiPolygon", "coordinates": [ [ [ [ -26.975098963771636, -29.98708348233437 ], [ -25.401693606199998, -29.17087127 ], [ -23.817695130899999, -29.157494833800001 ], [ -23.836051493199015, -29.263726317426681 ], [ -23.930673893051633, -29.811322717896616 ], [ -23.978202766306289, -29.814143787014487 ], [ -26.759870738571294, -29.979249270804857 ], [ -26.973075252689647, -29.99190399264829 ], [ -26.980397705383915, -29.990571966119404 ], [ -26.980397705383922, -29.990571966119404 ], [ -26.980778488826715, -29.990822659012736 ], [ -26.983347007631593, -29.99251367111674 ], [ -26.982751837259919, -29.991051266264755 ], [ -26.981772910120455, -29.990446498765273 ], [ -26.981616980871486, -29.990350167855446 ], [ -26.956366780659565, -29.974750947210708 ], [ -26.975098963771636, -29.98708348233437 ] ] ] ] } },
{ "type": "Feature", "properties": { "STATE": "MARCENNE", "County": "Parlone", "Longitude": -12.12, "Latitude": -34.49 }, "geometry": { "type": "MultiPolygon", "coordinates": [ [ [ [ -12.707145879, -34.580742275600002 ], [ -12.702739266109987, -34.566710755980715 ], [ -12.699291511523118, -34.555732429239605 ], [ -12.689406137300001, -34.524255459100004 ], [ -12.671593135677224, -34.512685181016202 ], [ -12.6426674126, -34.462511088800007 ], [ -12.5412797802, -34.428041290400003 ], [ -12.333104891720808, -34.353284629627829 ], [ -12.304322000333933, -34.343128835244201 ], [ -12.497257185199999, -34.268104230100008 ], [ -12.411637769901505, -34.179442730122609 ], [ -12.319827681740891, -34.065218073062155 ], [ -12.314700256015112, -34.068868084079433 ], [ -12.274742396932808, -34.03589400178344 ], [ -11.900203235657417, -34.346533985187222 ], [ -11.684070275694403, -34.525793048157553 ], [ -11.689637216796935, -34.547085308901202 ], [ -11.618934077199999, -34.702190388200002 ], [ -11.609577045820767, -34.788401398929203 ], [ -11.608809964982758, -34.795468898403726 ], [ -11.6077768923, -34.804987113800003 ], [ -11.900363936018209, -34.795616355574914 ], [ -12.145261556529242, -34.795740215696675 ], [ -12.097274841800001, -34.654362689200006 ], [ -12.328032256530557, -34.640658405232777 ], [ -12.433152830434807, -34.634415476062927 ], [ -12.462805353099998, -34.632654464 ], [ -12.486271019959474, -34.627668986808068 ], [ -12.605915861423615, -34.602249439525451 ], [ -12.663712512956671, -34.589970057494071 ], [ -12.707145879, -34.580742275600002 ] ] ] ] } },
{ "type": "Feature", "properties": { "STATE": "FLORENTIA", "County": "Mariglen", "Longitude": -23.61, "Latitude": -34.72 }, "geometry": { "type": "MultiPolygon", "coordinates": [ [ [ [ -24.380592619799998, -34.770507890200001 ], [ -24.367671924948645, -34.493894265001813 ], [ -24.343106574919858, -33.967985201758985 ], [ -24.341687918399998, -33.937613791600008 ], [ -22.707521116, -34.905636727200005 ], [ -22.707599648970159, -34.906476878843399 ], [ -22.749340739359369, -35.353026214942979 ], [ -22.753679223500001, -35.399439645800001 ], [ -22.784107191144308, -35.387676810019435 ], [ -24.36417860456644, -34.776853215919715 ], [ -24.380592619799998, -34.770507890200001 ] ] ] ] } },
{ "type": "Feature", "properties": { "STATE": "WESTVALE", "County": "Tuarnek", "Longitude": -5.48, "Latitude": -37.9 }, "geometry": { "type": "MultiPolygon", "coordinates": [ [ [ [ -6.3190932376, -39.020830677500001 ], [ -6.270593475, -36.893402468600001 ], [ -4.6462814521, -36.736598756600003 ], [ -4.6930378711, -38.963903055500005 ], [ -6.3190932376, -39.020830677500001 ] ] ] ] } },
{ "type": "Feature", "properties": { "STATE": "WESTVALE", "County": "Vurnloch", "Longitude": -6.97, "Latitude": -38.02 }, "geometry": { "type": "MultiPolygon", "coordinates": [ [ [ [ -7.6878262747, -39.101811441600006 ], [ -7.654778419957252, -38.540722325053181 ], [ -7.555737291166691, -36.859194132452672 ], [ -7.5557108278, -36.858744835300001 ], [ -7.328378584862182, -36.895257969058065 ], [ -6.754211617299999, -36.987478214700005 ], [ -6.284363389699999, -36.922187543300005 ], [ -6.318595139399999, -39.049366703200008 ], [ -7.6878262747, -39.101811441600006 ] ] ] ] } },
{ "type": "Feature", "properties": { "STATE": "ORVILLE", "County": "Cresthollow", "Longitude": -17.49, "Latitude": -32.97 }, "geometry": { "type": "MultiPolygon", "coordinates": [ [ [ [ -16.540666162318974, -32.359898177085157 ], [ -16.508822694438901, -32.747932148207106 ], [ -16.492388455769664, -32.97541852250243 ], [ -16.492228450402397, -32.976944930107592 ], [ -16.495885788035771, -32.977167188635484 ], [ -16.445549360271386, -33.422250730744629 ], [ -16.441384571118217, -33.461981684435692 ], [ -16.435170491769899, -33.521262308193762 ], [ -16.441441534161321, -33.521469100194921 ], [ -16.681040189056219, -33.529370033122383 ], [ -18.466789865700001, -33.549404411770098 ], [ -18.463586654977327, -33.577014749439428 ], [ -18.464935680725979, -33.577059234505349 ], [ -18.465188424168861, -33.575083834446239 ], [ -18.47745022983128, -33.548614929994081 ], [ -18.512263262200577, -32.415152970865066 ], [ -16.540666162318974, -32.359898177085157 ] ] ] ] } },
{ "type": "Feature", "properties": { "STATE": "ORLAY", "County": "Orwin", "Longitude": -15.68, "Latitude": -36.97 }, "geometry": { "type": "MultiPolygon", "coordinates": [ [ [ [ -15.024197453840584, -36.555247667792351 ], [ -15.0374320116, -36.573728680800002 ], [ -14.99959993225799, -36.6015231198569 ], [ -14.971775944522101, -36.630182764248467 ], [ -15.270519967599999, -36.882405693700001 ], [ -15.3254505152, -37.145245626900007 ], [ -15.319790875265589, -37.150305467233331 ], [ -15.352387333687938, -37.156458024973055 ], [ -15.414986667200001, -37.157550700400002 ], [ -15.603262230826015, -37.203810478730176 ], [ -15.667868348, -37.216004836200007 ], [ -15.675067265774159, -37.221453155961989 ], [ -15.698952345199999, -37.227321779900002 ], [ -15.847820136029753, -37.352196818618026 ], [ -15.974385083383648, -37.447984314110478 ], [ -15.992243652699999, -37.461500122900006 ], [ -15.995967157993924, -37.458020502449756 ], [ -16.133146479377309, -37.329826251506866 ], [ -16.272173967699999, -37.199904886200002 ], [ -16.187010276013957, -37.042129928032814 ], [ -16.182284091894424, -37.038573936514872 ], [ -16.165931663002148, -37.021051315021005 ], [ -16.082855746949658, -36.908264836246126 ], [ -16.077482367855875, -36.9006525491966 ], [ -16.052850597710773, -36.865757541491043 ], [ -16.028882485249312, -36.831745137967459 ], [ -16.016019313749311, -36.821928758067457 ], [ -15.960778239948887, -36.767366526257973 ], [ -15.957980529215986, -36.767142590814451 ], [ -15.951086107348887, -36.761021158057979 ], [ -15.868574797454498, -36.725659168103242 ], [ -15.755416429599336, -36.676152382166606 ], [ -15.699830720518342, -36.654844527018895 ], [ -15.698216966927994, -36.65577486750626 ], [ -15.396543052498441, -36.665067113611329 ], [ -15.097319510935604, -36.52508399449556 ], [ -15.070367138190436, -36.528630514531564 ], [ -15.024197453840584, -36.555247667792351 ] ] ] ] } },
{ "type": "Feature", "properties": { "STATE": "NEW ZALES", "County": "Rock Hills", "Longitude": -5.42, "Latitude": -30.7 }, "geometry": { "type": "MultiPolygon", "coordinates": [ [ [ [ -5.400171032537452, -30.922745475795665 ], [ -5.400171001754484, -30.922745491221875 ], [ -5.400170970432839, -30.922745506918034 ], [ -5.400171032537452, -30.922745475795665 ] ] ], [ [ [ -5.404483668696297, -30.920584292715361 ], [ -5.404483669153407, -30.920584292915343 ], [ -5.426263234, -30.931235579800003 ], [ -5.436792983861096, -30.899646330102151 ], [ -5.4433360381, -30.880017167300004 ], [ -5.4817009082, -30.833431253700006 ], [ -5.500404874799999, -30.814727287100006 ], [ -5.5055059566, -30.804525123500007 ], [ -5.5670538058, -30.729788449500006 ], [ -5.5978171598, -30.719800347500005 ], [ -5.828746427, -30.677035668400002 ], [ -5.7890689438, -30.657705612500003 ], [ -5.422931351496197, -30.479321167725317 ], [ -5.158537309336843, -30.689985605613622 ], [ -5.156171545653091, -30.691870603749528 ], [ -5.198538197553091, -30.903703863249525 ], [ -5.387537008353408, -30.913170128815345 ], [ -5.404483668696297, -30.920584292715361 ] ] ] ] } },
{ "type": "Feature", "properties": { "STATE": "HAMPTON", "County": "Indra", "Longitude": -13.54, "Latitude": -44.0 }, "geometry": { "type": "MultiPolygon", "coordinates": [ [ [ [ -14.064539420900001, -43.781948208300001 ], [ -13.959111826319663, -43.637253259789297 ], [ -13.744874852346809, -43.31544539374093 ], [ -13.610356772980076, -43.461173313050494 ], [ -13.521178348699999, -43.549444535400006 ], [ -13.321038384088766, -43.658611788809488 ], [ -13.2757427821, -43.683318480800004 ], [ -13.177041361486499, -43.716218954362411 ], [ -13.03558249592357, -43.77281070980392 ], [ -12.730090494623781, -44.110124794685568 ], [ -12.69767864804038, -44.15179716887512 ], [ -12.990284450351785, -44.370917634074807 ], [ -12.990284450351856, -44.370917634074821 ], [ -13.065797288399999, -44.355693688700001 ], [ -13.254128664897195, -44.402430373539012 ], [ -13.844091144114991, -44.371259565809908 ], [ -13.918820605721166, -44.363909116423166 ], [ -14.000409331880796, -44.355883984309607 ], [ -14.1417634454974, -44.410472063790046 ], [ -14.213769358033627, -44.30855916980321 ], [ -14.286229681690633, -44.250590910852267 ], [ -14.299880272, -44.239670438600001 ], [ -14.095965744400001, -43.871737704100006 ], [ -14.064539420900001, -43.781948208300001 ] ] ] ] } },
{ "type": "Feature", "properties": { "STATE": "NORTH ORLE", "County": "Raccoons", "Longitude": -25.05, "Latitude": -32.34 }, "geometry": { "type": "MultiPolygon", "coordinates": [ [ [ [ -24.969618817499999, -32.440203094 ], [ -25.025981729500003, -32.442457610500007 ], [ -25.187197516300003, -32.448906242 ], [ -25.104440079100002, -32.274196096700003 ], [ -24.975706287900003, -32.154657576300004 ], [ -24.972727593599998, -32.200827338300002 ], [ -24.957902407100001, -32.430617728300007 ], [ -24.969716619099998, -32.432672373900004 ], [ -24.969618817499999, -32.440203094 ] ] ] ] } },
{ "type": "Feature", "properties": { "STATE": "ORLAY", "County": "Ardensburt", "Longitude": -16.34, "Latitude": -36.35 }, "geometry": { "type": "MultiPolygon", "coordinates": [ [ [ [ -16.09064719166264, -36.550999987560914 ], [ -16.337059791282453, -36.665042182426276 ], [ -16.476686687162552, -36.683622574168794 ], [ -16.501166074915925, -36.691057004227048 ], [ -16.498594232282763, -36.695395344720836 ], [ -16.778474108899999, -36.78130612 ], [ -16.958628927224662, -36.573047150071055 ], [ -17.103657004144974, -36.413024486347325 ], [ -17.10500694847951, -36.411534970021393 ], [ -17.108224705799998, -36.407984525800003 ], [ -16.948962459200001, -36.330343505600005 ], [ -15.820231953, -35.874185068400003 ], [ -15.755196997759143, -35.931913685705851 ], [ -15.726441854626891, -36.396781592438096 ], [ -15.911438028302772, -36.502124761190039 ], [ -16.09064719166264, -36.550999987560914 ] ] ] ] } },
{ "type": "Feature", "properties": { "STATE": "BAYBAR", "County": "Portchester", "Longitude": -8.23, "Latitude": -42.94 }, "geometry": { "type": "MultiPolygon", "coordinates": [ [ [ [ -8.7973707427, -43.7483330604 ], [ -8.811533791900001, -43.756748785300005 ], [ -9.207174949900001, -43.113397462600005 ], [ -8.6698327528, -42.787011831800001 ], [ -8.007614304400001, -42.384775440900007 ], [ -8.007412883299999, -42.380042046200003 ], [ -7.744906950202233, -42.401695969829028 ], [ -7.439011364009583, -42.398486765055402 ], [ -7.211283825143203, -42.539912963038795 ], [ -7.1327024047, -42.644291848700007 ], [ -7.688022280299999, -42.974264528400006 ], [ -8.717328837313097, -43.58588146808146 ], [ -8.752369227, -43.606702569200003 ], [ -8.860038091975136, -43.594234425514209 ], [ -8.7973707427, -43.7483330604 ] ] ] ] } },
{ "type": "Feature", "properties": { "STATE": "NORTH ORLE", "County": "Stratmere", "Longitude": -24.63, "Latitude": -30.83 }, "geometry": { "type": "MultiPolygon", "coordinates": [ [ [ [ -24.341977926447811, -31.207568130853382 ], [ -24.790951221731831, -31.145373726335997 ], [ -24.972276631200003, -31.102314783900006 ], [ -24.970824745400002, -31.079326592700006 ], [ -24.933497035599999, -30.488304521600007 ], [ -24.306993390498583, -30.488731867320304 ], [ -24.342046274147805, -31.200118232153386 ], [ -24.341977926447811, -31.207568130853382 ] ] ] ] } },
{ "type": "Feature", "properties": { "STATE": "AUSTINAS", "County": "Calvernia", "Longitude": -11.28, "Latitude": -39.16 }, "geometry": { "type": "MultiPolygon", "coordinates": [ [ [ [ -12.092805904199999, -39.129386382700005 ], [ -11.557854914978231, -38.83155980279308 ], [ -11.148184201499999, -38.603481287300006 ], [ -10.5819638099, -39.373980845600002 ], [ -10.596381247541851, -39.380210831059898 ], [ -11.194615757106199, -39.638716703516316 ], [ -12.092805904199999, -39.129386382700005 ] ] ] ] } },
{ "type": "Feature", "properties": { "STATE": "NOVA", "County": "Arinteen", "Longitude": -13.7, "Latitude": -40.7 }, "geometry": { "type": "MultiPolygon", "coordinates": [ [ [ [ -14.401443554717424, -40.317316830077957 ], [ -13.432863138289083, -40.197492448645249 ], [ -12.946455008400001, -40.137318247 ], [ -12.946379107, -40.137925458400005 ], [ -12.903629816132536, -40.23872053364132 ], [ -12.915929866900001, -40.381519378700006 ], [ -12.9450603269, -40.397702967600004 ], [ -13.020272864900001, -40.514700248900006 ], [ -12.836077510500001, -40.831925581600004 ], [ -12.774910528751782, -40.919306983997785 ], [ -12.774710822599999, -40.919592278500005 ], [ -13.187823834035054, -41.028378423096179 ], [ -13.3567148355, -41.128759434700001 ], [ -13.355402706164679, -41.210471351207858 ], [ -13.358544418099999, -41.234588064200004 ], [ -13.358544418099999, -41.266748481100002 ], [ -13.7169584317, -41.221379618700006 ], [ -13.7235604996, -41.195479198400001 ], [ -13.7248461157, -41.190435627500001 ], [ -14.218028958673347, -41.181554334663986 ], [ -14.200610305060287, -41.191702637181734 ], [ -14.564287505899999, -41.114122773800005 ], [ -14.435473601, -40.369864656900006 ], [ -14.4269243693, -40.320469095800007 ], [ -14.401443554717424, -40.317316830077957 ] ] ], [ [ [ -12.946379107, -40.137925458400005 ], [ -12.945282987302878, -40.136461486017005 ], [ -12.9319506733503, -40.134792665100193 ], [ -12.931771459824931, -40.135450317499703 ], [ -12.946379107, -40.137925458400005 ] ] ] ] } },
{ "type": "Feature", "properties": { "STATE": "AQUALAND", "County": "Eichenfels", "Longitude": -22.19, "Latitude": -41.22 }, "geometry": { "type": "MultiPolygon", "coordinates": [ [ [ [ -22.765905871551467, -41.51018987909859 ], [ -22.6419133363, -41.213766845300007 ], [ -22.561497178, -41.023307523200003 ], [ -22.5567712026, -41.012114423500002 ], [ -22.557425920327113, -41.012065319670327 ], [ -22.55665146241034, -41.010216413042627 ], [ -22.675532463055895, -40.998278939867816 ], [ -22.776675906094532, -40.992454742524494 ], [ -22.785239439288866, -40.97909187747026 ], [ -22.785110755968766, -40.97499327556379 ], [ -22.784071651399998, -40.941897486900004 ], [ -22.78918145, -40.895909299800003 ], [ -22.788254802600001, -40.895882824200001 ], [ -22.580542764, -40.889948194500008 ], [ -22.415686148399999, -40.894796918500006 ], [ -22.239829562600001, -40.839841735400007 ], [ -22.200724238500001, -40.827621321600006 ], [ -22.183693958100001, -40.853166742200003 ], [ -22.040158917898605, -41.069205618524649 ], [ -22.039826036889902, -41.068968623965262 ], [ -22.039502806, -41.069453470300004 ], [ -21.920320054299999, -40.983886366500002 ], [ -21.663687042982154, -40.820581068420644 ], [ -21.663684988127905, -40.820573142554245 ], [ -21.661987121700001, -40.819492682100005 ], [ -21.6603316771, -40.818439217400005 ], [ -21.666091003600002, -40.914907935200006 ], [ -21.7036092072, -41.543337846 ], [ -21.704600295700001, -41.559938577900006 ], [ -21.849753330549238, -41.549896028268172 ], [ -22.733059019453663, -41.511799153257506 ], [ -22.76851663063621, -41.511916637853872 ], [ -22.765905871551467, -41.51018987909859 ] ] ] ] } },
{ "type": "Feature", "properties": { "STATE": "HAMPTON", "County": "Acrest", "Longitude": -11.59, "Latitude": -40.48 }, "geometry": { "type": "MultiPolygon", "coordinates": [ [ [ [ -12.092205551700001, -40.752728467100006 ], [ -12.101691892731466, -40.47882236262604 ], [ -11.787215150939732, -39.943883674616622 ], [ -11.748616715200001, -39.934915455100004 ], [ -11.610143905762026, -39.960558567954301 ], [ -10.854748882499999, -40.100446535200007 ], [ -11.0533861787, -40.282530723300006 ], [ -11.137823231077796, -40.444649863952087 ], [ -11.189705891699999, -40.544264572400003 ], [ -11.3451877622, -40.842789763700004 ], [ -11.417554554900001, -40.961208151800001 ], [ -11.552563146595162, -41.106075698532202 ], [ -11.589285001528356, -41.090207341172473 ], [ -11.814829147200001, -41.010867475900007 ], [ -11.831382255199999, -41.010867475900007 ], [ -12.0850934435, -40.852297983200003 ], [ -12.096231983399999, -40.845336395700002 ], [ -12.092205551700001, -40.752728467100006 ] ] ] ] } },
{ "type": "Feature", "properties": { "STATE": "BAYBAR", "County": "Lakewood", "Longitude": -12.91, "Latitude": -46.66 }, "geometry": { "type": "MultiPolygon", "coordinates": [ [ [ [ -13.00800257775559, -47.324065869960641 ], [ -15.170662315438562, -46.945498705844834 ], [ -15.163937398587588, -46.926374723549877 ], [ -15.163385405782503, -46.924804994010415 ], [ -15.163522404439604, -46.926237943241638 ], [ -15.164445117494505, -46.935889139761613 ], [ -14.6304122195, -46.808192458100002 ], [ -13.372281601099999, -46.493659803500002 ], [ -12.891395523747494, -46.235978777863934 ], [ -12.29070608216532, -45.858801686577493 ], [ -11.628979500328827, -46.253703033816045 ], [ -10.987733306043442, -46.63638221428981 ], [ -12.869245062299999, -46.918061581700002 ], [ -12.782834686899999, -47.090882332400007 ], [ -13.00800257775559, -47.324065869960641 ] ] ] ] } },
{ "type": "Feature", "properties": { "STATE": "MARCENNE", "County": "Chante-loup", "Longitude": -9.9, "Latitude": -32.9 }, "geometry": { "type": "MultiPolygon", "coordinates": [ [ [ [ -11.2079963939, -33.207650455200003 ], [ -10.088924200755349, -32.201032461762317 ], [ -10.081547633165261, -32.173431658348726 ], [ -10.067010025900315, -32.181320415608774 ], [ -10.0668291849, -32.181157747100002 ], [ -10.052348682652271, -32.189429170836149 ], [ -8.905190731273047, -32.822838730478836 ], [ -8.899485564161642, -32.825988869815255 ], [ -8.886275015399999, -33.411142490600007 ], [ -8.907171271760163, -33.409310995323118 ], [ -9.729776196834441, -33.337212098322141 ], [ -9.744519538392627, -33.28373452854494 ], [ -10.301307440906118, -33.287119069404959 ], [ -10.99172458060457, -33.226606042160043 ], [ -11.190602698343252, -33.209174961346498 ], [ -11.191657589875852, -33.209082503213025 ], [ -11.2079963939, -33.207650455200003 ] ] ] ] } },
{ "type": "Feature", "properties": { "STATE": "HARMINGTON", "County": "Ardenbrooke", "Longitude": -25.01, "Latitude": -30.15 }, "geometry": { "type": "MultiPolygon", "coordinates": [ [ [ [ -25.378468822340309, -30.452046518834273 ], [ -25.373903052, -30.451500404700006 ], [ -25.629696152098056, -30.357422406509635 ], [ -26.87945234144388, -30.019268186189386 ], [ -26.917791473851182, -30.01464878913427 ], [ -26.980778488826715, -29.990822659012736 ], [ -26.980397705383915, -29.990571966119404 ], [ -26.973075252689647, -29.99190399264829 ], [ -26.759870738571294, -29.979249270804857 ], [ -23.978202766306289, -29.814143787014487 ], [ -23.980417717686421, -29.822720199362145 ], [ -23.974396144130012, -29.823044800092553 ], [ -23.866856330053153, -30.222717963843102 ], [ -23.809737182659262, -30.474427360297973 ], [ -23.809792792800003, -30.505755101500007 ], [ -24.306993390498583, -30.488731867320304 ], [ -25.378468822340309, -30.452046518834273 ] ] ], [ [ [ -26.982407945700032, -29.990206283534299 ], [ -26.981616980871486, -29.990350167855446 ], [ -26.981772910120455, -29.990446498765273 ], [ -26.982407945700032, -29.990206283534299 ] ] ] ] } },
{ "type": "Feature", "properties": { "STATE": "NEW ZALES", "County": "Fernia", "Longitude": -7.44, "Latitude": -29.93 }, "geometry": { "type": "MultiPolygon", "coordinates": [ [ [ [ -7.13089164694594, -30.225222919889397 ], [ -7.13446919065023, -30.230816834404088 ], [ -7.137101416576431, -30.234932632289905 ], [ -7.437244199191741, -30.232292235191593 ], [ -7.764070599445025, -29.588168050330708 ], [ -7.733858851452846, -29.4447291929337 ], [ -7.735026924652844, -29.441627757233697 ], [ -7.735427636252846, -29.440563798733699 ], [ -7.367938812799999, -29.882092822300002 ], [ -7.3167802223, -29.868319355600001 ], [ -7.302538324548363, -29.864484998526578 ], [ -7.2642538666, -29.854177644500005 ], [ -7.261473426799999, -29.858626348100003 ], [ -7.2692125916, -29.861477619300004 ], [ -7.120929309899999, -30.115677530700005 ], [ -7.1051191277, -30.111087477800005 ], [ -7.1058517049, -30.114331748100007 ], [ -7.107736561493346, -30.114897205065404 ], [ -7.110337647, -30.115677530700005 ], [ -7.119103201794053, -30.168270859761826 ], [ -7.122123440199999, -30.186392290300006 ], [ -7.13089164694594, -30.225222919889397 ] ] ] ] } },
{ "type": "Feature", "properties": { "STATE": "WEST VILLE", "County": "Valroise", "Longitude": -15.82, "Latitude": -32.65 }, "geometry": { "type": "MultiPolygon", "coordinates": [ [ [ [ -15.487556810108838, -32.382059942583147 ], [ -15.083647368835052, -32.321284031676072 ], [ -15.140976698262456, -32.817690561450789 ], [ -15.140435659682549, -32.874920642557385 ], [ -16.415588110676577, -32.972287452239264 ], [ -16.4899453564, -32.977965148100004 ], [ -16.490039993122444, -32.97681193629019 ], [ -16.508822694438901, -32.747932148207106 ], [ -16.540666162318974, -32.359898177085157 ], [ -16.540860679634431, -32.357527853392618 ], [ -16.510382411633032, -32.357075768022213 ], [ -16.51060688877115, -32.354653674210169 ], [ -16.507942489129256, -32.354509722902506 ], [ -16.502597502058897, -32.433348282190245 ], [ -16.499672118370043, -32.433179100161972 ], [ -16.4994071576, -32.435898921500005 ], [ -15.726205091501928, -32.388447627533324 ], [ -15.487556810108838, -32.382059942583147 ] ] ], [ [ [ -15.08324824819913, -32.317828102715836 ], [ -15.073056359328254, -32.319690411462169 ], [ -15.083647368835052, -32.321284031676072 ], [ -15.08324824819913, -32.317828102715836 ] ] ] ] } },
{ "type": "Feature", "properties": { "STATE": "NEW ZALES", "County": "Greenfield", "Longitude": -6.33, "Latitude": -31.13 }, "geometry": { "type": "MultiPolygon", "coordinates": [ [ [ [ -6.966514088299999, -31.219504769700002 ], [ -6.9600089925, -31.219983085500004 ], [ -6.9277276008, -30.871344055800002 ], [ -6.917987991770841, -30.766156277598611 ], [ -6.915095122067346, -30.789744634694003 ], [ -6.908279552585165, -30.845318546840808 ], [ -6.646124624920524, -30.941635775379133 ], [ -6.645989509163362, -30.941685417685605 ], [ -6.643413098433218, -30.941777000716939 ], [ -6.597895635011264, -30.943394998666591 ], [ -6.310362529015707, -30.959123384531402 ], [ -5.70708986968971, -30.990543835520995 ], [ -5.738541206805477, -31.35446825254877 ], [ -5.765623843595287, -31.351652846012648 ], [ -5.765932639383838, -31.352962248425357 ], [ -5.773234536753867, -31.383924853448349 ], [ -5.775097227499632, -31.383672114002678 ], [ -5.897602374223161, -31.367049986606965 ], [ -6.5031945689, -31.286256473700007 ], [ -6.634772646151334, -31.259114045427076 ], [ -6.633810762097008, -31.271236555805146 ], [ -6.9691882377, -31.244240651100007 ], [ -6.966514088299999, -31.219504769700002 ] ] ] ] } },
{ "type": "Feature", "properties": { "STATE": "ORLAY", "County": "Oriella", "Longitude": -18.17, "Latitude": -37.01 }, "geometry": { "type": "MultiPolygon", "coordinates": [ [ [ [ -17.728224316420125, -37.005102833202081 ], [ -17.913161581099999, -37.016746402600006 ], [ -18.0951258958913, -37.336403002754729 ], [ -18.115746302600002, -37.320488834200006 ], [ -18.272524875015243, -37.414759321407558 ], [ -18.275208846200002, -37.415887636700006 ], [ -18.441086668426276, -37.516115024196772 ], [ -18.638735103800002, -37.634960437900006 ], [ -18.638813391349693, -37.635586286906495 ], [ -18.6403718565, -37.636527949200001 ], [ -18.6285704397202, -37.484553473021926 ], [ -18.601495697200001, -37.135894503600007 ], [ -18.718835932950697, -37.137942684948356 ], [ -18.732396373, -37.138179383300006 ], [ -18.409998297830654, -36.758136465499192 ], [ -18.402071141900002, -36.768834681500003 ], [ -18.375820567477753, -36.757153366462134 ], [ -17.9545616007, -36.569696184600005 ], [ -17.950275874399999, -36.593490299100004 ], [ -17.525046218, -36.66217597 ], [ -17.518873824199702, -36.658604489226583 ], [ -17.493368165061092, -36.663654962570789 ], [ -17.527312975004378, -36.740529973361305 ], [ -17.648202535443332, -36.993241418779959 ], [ -17.728224316420125, -37.005102833202081 ] ] ] ] } },
{ "type": "Feature", "properties": { "STATE": "ORLAY", "County": "Arhill", "Longitude": -12.69, "Latitude": -36.7 }, "geometry": { "type": "MultiPolygon", "coordinates": [ [ [ [ -13.274861146106279, -36.653797923795182 ], [ -12.827250898399999, -36.390709265800005 ], [ -12.841574009940455, -36.387171104827381 ], [ -12.8241912894, -36.384512909900003 ], [ -12.45382017, -36.344314167900002 ], [ -12.3526493244, -36.342548224200002 ], [ -12.339613041904414, -36.301038144161843 ], [ -12.331824422499999, -36.300034845300004 ], [ -12.258932899907009, -36.102459095883269 ], [ -11.986086288716235, -36.204694730698549 ], [ -12.0055301842, -36.211914172100002 ], [ -11.560004727450291, -36.547084031448328 ], [ -11.738637615662212, -36.745301494670301 ], [ -11.76449932570738, -36.750332239918293 ], [ -11.769636336773388, -36.751331516221526 ], [ -12.246788155299999, -36.860514466700003 ], [ -12.43326696, -36.880754201900004 ], [ -12.453960677, -36.854460760700007 ], [ -12.960525955449523, -36.943149272817998 ], [ -13.1623931488, -36.988602654 ], [ -13.16574941324264, -36.990354660730787 ], [ -13.522076672800001, -37.176361385700005 ], [ -13.543129223035585, -37.185405850128433 ], [ -13.543129223035598, -37.18540585012844 ], [ -14.108939880540253, -37.45292928941025 ], [ -14.081744278766383, -37.416802268028384 ], [ -13.708025811399999, -36.920349379300006 ], [ -13.274861146106279, -36.653797923795182 ] ] ] ] } },
{ "type": "Feature", "properties": { "STATE": "FLORENTIA", "County": "Rosevale", "Longitude": -23.33, "Latitude": -33.43 }, "geometry": { "type": "MultiPolygon", "coordinates": [ [ [ [ -23.0540514345, -33.114134825 ], [ -23.158913532500002, -33.222722706200003 ], [ -23.092871404, -33.511340311400005 ], [ -22.876227896300001, -33.690571653200003 ], [ -22.966474607822434, -33.674564018839206 ], [ -22.9475930236, -33.704722867900003 ], [ -22.949287070930165, -33.71122323152052 ], [ -23.012547566323502, -33.704133538862813 ], [ -23.11444256337013, -33.692714023287934 ], [ -23.630232870273527, -33.63490867843516 ], [ -23.630275787861361, -33.631401552496705 ], [ -23.617919304371018, -33.199372837311543 ], [ -23.617104727299999, -33.184967246200003 ], [ -23.102342501597587, -33.120209868425896 ], [ -23.0540514345, -33.114134825 ] ] ] ] } },
{ "type": "Feature", "properties": { "STATE": "HILLTON", "County": "Pinewraith", "Longitude": -21.92, "Latitude": -37.89 }, "geometry": { "type": "MultiPolygon", "coordinates": [ [ [ [ -22.239464780583621, -38.027765818645008 ], [ -22.239604955321383, -38.028466692334213 ], [ -22.239868034824724, -38.027638475200533 ], [ -22.239464780583621, -38.027765818645008 ] ] ], [ [ [ -22.240041193188919, -38.027093344461569 ], [ -22.239868034824724, -38.027638475200533 ], [ -22.24013345590032, -38.027554658018829 ], [ -22.240041193188919, -38.027093344461569 ] ] ], [ [ [ -21.806121365999811, -37.481570952418103 ], [ -21.758254272471532, -37.760795664680522 ], [ -21.694225298912009, -38.134298010463283 ], [ -21.6942206973, -38.134324853200006 ], [ -21.695763118302253, -38.134324853200006 ], [ -21.858978352632114, -38.134324853200006 ], [ -21.874631415913782, -38.134324853200006 ], [ -21.884631306300001, -38.134324853200006 ], [ -22.200807377393829, -38.034479778190047 ], [ -22.23928653910513, -38.027822105427646 ], [ -22.239464780583621, -38.027765818645008 ], [ -22.203682922512471, -37.848856528190787 ], [ -22.203091600012471, -37.848292083990785 ], [ -22.177288898229207, -37.877596214056318 ], [ -22.159570332954804, -37.908833388295349 ], [ -21.848291852199999, -37.516554133200003 ], [ -21.846379249400002, -37.512250776800002 ], [ -21.807262835300001, -37.474912381500005 ], [ -21.806121365999811, -37.481570952418103 ] ] ] ] } },
{ "type": "Feature", "properties": { "STATE": "FLORENTIA", "County": "Linkford", "Longitude": -22.58, "Latitude": -33.66 }, "geometry": { "type": "MultiPolygon", "coordinates": [ [ [ [ -22.810213134400001, -33.729713627800002 ], [ -22.807804582566916, -33.726802322709688 ], [ -22.656356783302769, -33.543741803580119 ], [ -22.488339395400001, -33.340653013900003 ], [ -22.487383542300002, -33.395413799 ], [ -22.485726224280011, -33.419038777605259 ], [ -22.483911066406765, -33.444913754769196 ], [ -22.453042589200788, -33.884942225329759 ], [ -22.450922545699999, -33.915163330600002 ], [ -22.801471585624046, -33.734225623586973 ], [ -22.810213134400001, -33.729713627800002 ] ] ] ] } },
{ "type": "Feature", "properties": { "STATE": "WEST VILLE", "County": "Montarielle", "Longitude": -14.69, "Latitude": -32.55 }, "geometry": { "type": "MultiPolygon", "coordinates": [ [ [ [ -15.140976698262456, -32.817690561450789 ], [ -15.08324824819913, -32.317828102715836 ], [ -15.073056359328254, -32.319690411462169 ], [ -15.128883607143543, -31.630951580392249 ], [ -15.115995748594145, -31.261118064530322 ], [ -15.0946495347, -31.226502801100004 ], [ -15.135019603270203, -31.221240320804412 ], [ -15.135068875788781, -31.216028363026972 ], [ -15.131769238075041, -31.207994462506562 ], [ -14.370545164666467, -31.403107297532131 ], [ -14.328223706402143, -31.41412396579166 ], [ -14.187203805499999, -33.741076397300006 ], [ -15.074746493695445, -33.717930847188349 ], [ -15.139005713066599, -33.02617780581388 ], [ -15.140435659682549, -32.874920642557385 ], [ -15.140976698262456, -32.817690561450789 ] ] ] ] } },
{ "type": "Feature", "properties": { "STATE": "NEW ZALES", "County": "Ashgrove", "Longitude": -15.18, "Latitude": -29.47 }, "geometry": { "type": "MultiPolygon", "coordinates": [ [ [ [ -14.579287642299999, -30.060118161600002 ], [ -15.012656175975549, -30.006343681422749 ], [ -16.529724749014541, -29.856138872193156 ], [ -16.515160088400002, -29.800392817900004 ], [ -16.403777625493213, -29.028504370296886 ], [ -13.898819899899999, -28.975768418200005 ], [ -13.898819899899999, -28.987517627500004 ], [ -13.898819899899999, -29.088864263600001 ], [ -13.92288114000738, -29.824553381188935 ], [ -14.129034540399999, -29.802853023300003 ], [ -14.313937373254452, -29.783389567188848 ], [ -14.400845784037561, -29.769416500171538 ], [ -14.402644620068354, -29.774051962250894 ], [ -14.404289799200001, -29.773878785500003 ], [ -14.429785265433207, -29.843991317614183 ], [ -14.482842273121328, -29.980715145118218 ], [ -14.4982311648, -30.032217540800005 ], [ -14.5107045148, -30.066519253500005 ], [ -14.579287642299999, -30.060118161600002 ] ] ] ] } },
{ "type": "Feature", "properties": { "STATE": "NEW ZALES", "County": "Cederfield", "Longitude": -8.64, "Latitude": -30.05 }, "geometry": { "type": "MultiPolygon", "coordinates": [ [ [ [ -8.461624049199999, -30.540992424900004 ], [ -8.46213266352297, -30.535991050695635 ], [ -8.4625166167, -30.532215511100006 ], [ -8.7879502719, -30.548220444900004 ], [ -9.107088833706564, -30.566277685287673 ], [ -9.107149131648171, -30.563918749515395 ], [ -9.128544726902707, -29.726894571399406 ], [ -9.128608496480965, -29.724399820578299 ], [ -9.118494692275883, -29.719307476370858 ], [ -9.118031374686307, -29.719074193958463 ], [ -9.053925097999315, -29.719559847569727 ], [ -9.035739918204936, -29.719697614083316 ], [ -8.797125865415197, -29.726555235456765 ], [ -8.78988602544147, -29.727761875452387 ], [ -8.789644823916889, -29.727802075706485 ], [ -8.573346678737551, -29.628683383235881 ], [ -8.5542108218, -29.619744073800007 ], [ -8.558134847300339, -29.594183497696037 ], [ -8.558220612216029, -29.593624836531795 ], [ -7.959486754901774, -29.527187259009217 ], [ -7.95973824037035, -29.527694985791555 ], [ -7.959940815158148, -29.528103966261781 ], [ -7.974271784617776, -29.55703691834362 ], [ -8.446975714800001, -30.511384089300002 ], [ -8.461624049199999, -30.540992424900004 ] ] ] ] } },
{ "type": "Feature", "properties": { "STATE": "MARCENNE", "County": "Saint Lysien", "Longitude": -11.0, "Latitude": -32.61 }, "geometry": { "type": "MultiPolygon", "coordinates": [ [ [ [ -10.400904200384105, -32.003001926153281 ], [ -10.218913724821142, -32.098890660433128 ], [ -10.081547633165261, -32.173431658348726 ], [ -10.088924200755349, -32.201032461762317 ], [ -11.2079963939, -33.207650455200003 ], [ -11.191657589875852, -33.209082503213025 ], [ -11.234863514803425, -33.247705790168318 ], [ -11.256021546338975, -33.26661969433254 ], [ -11.3180267136, -33.206742000400006 ], [ -11.346176946855033, -33.23132160801125 ], [ -11.564740725744951, -33.020257020120887 ], [ -11.889873409470496, -32.696349195649937 ], [ -10.400904200384105, -32.003001926153281 ] ] ], [ [ [ -10.354146849635072, -32.005455184255105 ], [ -10.405906013357546, -31.990070858644962 ], [ -10.405906013357557, -31.990070858644962 ], [ -10.403406579526438, -31.986662539784348 ], [ -10.403183514398581, -31.985907670796507 ], [ -10.402849427627096, -31.984777096307056 ], [ -10.402597491420179, -31.984880501631793 ], [ -10.402529934308617, -31.984908229941055 ], [ -10.35625251714167, -32.003902448393312 ], [ -10.354146849635072, -32.005455184255105 ] ] ] ] } },
{ "type": "Feature", "properties": { "STATE": "AURELIA", "County": "Robenstein", "Longitude": -24.95, "Latitude": -35.47 }, "geometry": { "type": "MultiPolygon", "coordinates": [ [ [ [ -25.164817452199998, -34.909051391900007 ], [ -24.863690271700001, -34.862996646600003 ], [ -24.859502896400002, -34.862356224500004 ], [ -24.856040780395638, -34.861826724404949 ], [ -24.364058491499996, -34.786582374300004 ], [ -24.340131093399997, -34.782922889900007 ], [ -24.329807672500003, -34.854392727300002 ], [ -24.344299782100002, -34.839900617600001 ], [ -24.179321339960595, -36.188886581179602 ], [ -25.653680922385156, -35.899662975366788 ], [ -25.665330620946442, -35.897377665958764 ], [ -25.746343066204929, -35.698894997114003 ], [ -25.835767037028631, -35.47980386449666 ], [ -25.718320374900003, -35.216623291100007 ], [ -25.830411805911574, -35.44508527748777 ], [ -25.648022560785243, -35.003311263108515 ], [ -25.64159671546382, -35.002501433875054 ], [ -25.595775400491945, -34.963363677281976 ], [ -25.258742759067708, -34.920888505222564 ], [ -25.164817452199998, -34.909051391900007 ] ] ], [ [ [ -25.643837074316622, -34.993173389254743 ], [ -25.648022560785243, -35.003311263108515 ], [ -25.650299259454094, -35.003598188337115 ], [ -25.636956747544005, -34.976508209372703 ], [ -25.639051188047311, -34.981581257338789 ], [ -25.643837074316622, -34.993173389254743 ] ] ] ] } },
{ "type": "Feature", "properties": { "STATE": "BAYBAR", "County": "Pinecrest", "Longitude": -7.97, "Latitude": -44.13 }, "geometry": { "type": "MultiPolygon", "coordinates": [ [ [ [ -8.194606991700001, -44.472383873500007 ], [ -8.1613335219, -44.456964460700007 ], [ -8.774022237800001, -43.781756488 ], [ -8.799029940500001, -43.756748785300005 ], [ -8.8094399526, -43.757349363 ], [ -8.8118666237, -43.753420466900003 ], [ -8.7973707427, -43.7483330604 ], [ -8.860038091975136, -43.594234425514209 ], [ -8.717328837313097, -43.58588146808146 ], [ -8.529615673201112, -43.574894373564661 ], [ -8.022815429171914, -43.716676420747945 ], [ -7.792452053392895, -43.827375906212183 ], [ -7.65946100438833, -43.950002750390205 ], [ -7.516988343465857, -43.973053586098466 ], [ -7.143298652751435, -44.364412258420707 ], [ -7.154001174573343, -44.375472841187694 ], [ -7.5111332519, -44.744553041700001 ], [ -7.7419005337, -44.654810209800004 ], [ -8.1863412246, -44.481972163400002 ], [ -8.194606991700001, -44.472383873500007 ] ] ] ] } },
{ "type": "Feature", "properties": { "STATE": "ORVILLE", "County": "Orsendale", "Longitude": -16.75, "Latitude": -35.05 }, "geometry": { "type": "MultiPolygon", "coordinates": [ [ [ [ -17.199804867911027, -34.608778251683304 ], [ -16.379992203436487, -34.55067775928638 ], [ -16.361727589799997, -34.549383337900004 ], [ -16.276018741759607, -35.323921543627954 ], [ -16.2747519427, -35.335369419700001 ], [ -16.2924212655, -35.372305943400001 ], [ -16.939447087417598, -35.595220566137279 ], [ -17.00889922299627, -35.619148353988052 ], [ -17.089119954738649, -35.646786160001824 ], [ -17.089525231817401, -35.642985454009022 ], [ -17.198740925444874, -34.61875595019896 ], [ -17.199804867911027, -34.608778251683304 ] ] ] ] } },
{ "type": "Feature", "properties": { "STATE": "HARMINGTON", "County": "Ravenshire Crest", "Longitude": -20.21, "Latitude": -30.34 }, "geometry": { "type": "MultiPolygon", "coordinates": [ [ [ [ -19.3551169622, -29.707584082900006 ], [ -19.354003281592064, -29.735815536617501 ], [ -19.392011188, -29.735413521600002 ], [ -19.305622369012404, -31.005462296152494 ], [ -19.323072783129298, -31.00533069134093 ], [ -19.8748870322, -31.001169104700004 ], [ -19.919735963174197, -30.99349236378918 ], [ -20.956675022689232, -30.825031561897518 ], [ -20.957696631028348, -30.822421565382314 ], [ -21.34086125453986, -29.843515761834823 ], [ -21.340932689712741, -29.841785331778141 ], [ -21.341317910366186, -29.832453830638336 ], [ -21.265536389299999, -29.826564738100004 ], [ -20.255931813983207, -29.763686706103407 ], [ -19.3551169622, -29.707584082900006 ] ] ] ] } },
{ "type": "Feature", "properties": { "STATE": "UGHAMPTON", "County": "Nerrisira", "Longitude": -9.1, "Latitude": -32.41 }, "geometry": { "type": "MultiPolygon", "coordinates": [ [ [ [ -10.0668291849, -32.181157747100002 ], [ -10.067010025900315, -32.181320415608774 ], [ -10.081547633165261, -32.173431658348726 ], [ -10.218913724821142, -32.098890660433128 ], [ -10.400904200384105, -32.003001926153281 ], [ -10.400180268624972, -31.991772716151758 ], [ -10.354146849635072, -32.005455184255105 ], [ -7.952313737361933, -32.436293431796301 ], [ -8.8513051501, -32.774063886600004 ], [ -8.85556675117558, -32.813776583863081 ], [ -8.9050291835, -32.775001643100005 ], [ -8.905190731273047, -32.822838730478836 ], [ -8.905194269095922, -32.823886340970809 ], [ -10.052348682652271, -32.189429170836149 ], [ -10.0668291849, -32.181157747100002 ] ] ], [ [ [ -10.405906013357546, -31.990070858644962 ], [ -10.405906013357557, -31.990070858644962 ], [ -10.403183514398581, -31.985907670796507 ], [ -10.402849427627096, -31.984777096307056 ], [ -10.402597491420179, -31.984880501631793 ], [ -10.402529934308617, -31.984908229941055 ], [ -10.399432352411687, -31.980171473193955 ], [ -10.400180268624972, -31.991772716151758 ], [ -10.405906013357546, -31.990070858644962 ] ] ] ] } },
{ "type": "Feature", "properties": { "STATE": "NORTH ORLE", "County": "Ostervale", "Longitude": -25.69, "Latitude": -32.14 }, "geometry": { "type": "MultiPolygon", "coordinates": [ [ [ [ -26.1639377921, -32.454610611200003 ], [ -26.1639377921, -32.298302655 ], [ -26.001144119099997, -32.132045286800007 ], [ -25.7633793368, -31.890678007800005 ], [ -25.763261052, -31.889100877900006 ], [ -25.7568522515, -31.882555719900004 ], [ -25.7568522515, -31.803650203700002 ], [ -25.745610341099997, -31.653758065100007 ], [ -25.592750159399998, -31.651692387 ], [ -25.592719473499997, -31.650035349700005 ], [ -25.584197970799998, -31.660687228100002 ], [ -25.584240221800002, -31.663264539900005 ], [ -25.572515476299998, -31.680851658100003 ], [ -25.493465219, -31.670132979100003 ], [ -25.381738873, -31.662924827800005 ], [ -25.381738873, -32.458101512800006 ], [ -25.453860369499999, -32.458101512800006 ], [ -25.4526041023, -32.476003320700002 ], [ -26.169641765899996, -32.481605177500008 ], [ -26.169641765899996, -32.454875912300004 ], [ -26.1639377921, -32.454610611200003 ] ] ] ] } },
{ "type": "Feature", "properties": { "STATE": "HILLTON", "County": "Thornhelm", "Longitude": -21.46, "Latitude": -40.27 }, "geometry": { "type": "MultiPolygon", "coordinates": [ [ [ [ -20.303123063884843, -40.754804811856623 ], [ -20.303865052100001, -40.75076555 ], [ -22.1903723671, -40.609558628400002 ], [ -22.3738972901, -39.739317410300004 ], [ -22.375213937, -39.733260834600003 ], [ -21.995132911699997, -39.742531103500006 ], [ -21.659924155875892, -39.70144774072714 ], [ -21.659599556526526, -39.701407957658844 ], [ -21.157842223899998, -40.042146194600001 ], [ -20.9034660451, -39.933127832200007 ], [ -20.8925642088, -39.987637013400004 ], [ -20.8671265909, -40.114825102900006 ], [ -20.830787136799998, -40.187504011100003 ], [ -20.334519499599999, -40.488809362300003 ], [ -20.322034779100001, -40.496389371100001 ], [ -20.303123063884843, -40.754804811856623 ] ] ] ] } },
{ "type": "Feature", "properties": { "STATE": "HAMPTON", "County": "Edenia", "Longitude": -14.55, "Latitude": -45.85 }, "geometry": { "type": "MultiPolygon", "coordinates": [ [ [ [ -13.793171430273492, -45.986148810639605 ], [ -14.638284901199999, -46.013180631900006 ], [ -14.8295333947, -46.076930129700003 ], [ -15.3379890787, -46.443018222200003 ], [ -15.3607792098, -46.459427116600004 ], [ -15.504564941475028, -46.20636810387002 ], [ -15.188328565373752, -45.73885851643027 ], [ -15.185908336363331, -45.737240472576929 ], [ -15.154547620368319, -45.71627426915834 ], [ -15.14948999265131, -45.712281405174245 ], [ -15.145430785584313, -45.704914696052661 ], [ -15.115336306858053, -45.650298790216112 ], [ -15.072644048099999, -45.564914272700001 ], [ -15.035840376756855, -45.506028398550967 ], [ -15.022927213026035, -45.482236066076801 ], [ -14.991359043, -45.491742431800006 ], [ -14.8932828925, -45.524434481900002 ], [ -13.660792601400001, -45.545684314500001 ], [ -13.4482942753, -45.779432473200004 ], [ -13.37481535087349, -45.767009911839601 ], [ -13.444957469199998, -45.825268944600005 ], [ -13.604945670141483, -45.887554364765812 ], [ -13.791086166373493, -45.985056529439603 ], [ -13.793171430273492, -45.986148810639605 ] ] ] ] } },
{ "type": "Feature", "properties": { "STATE": "AQUALAND", "County": "Wasserfeld", "Longitude": -22.48, "Latitude": -42.12 }, "geometry": { "type": "MultiPolygon", "coordinates": [ [ [ [ -22.046401786131977, -42.303115101121406 ], [ -22.063780062801108, -42.367688257617154 ], [ -22.082194509916555, -42.418563979818998 ], [ -22.215382547069716, -42.93428737803653 ], [ -22.216390867945027, -42.933657291379255 ], [ -23.26773579230575, -42.273605817660183 ], [ -23.03156434310943, -42.092076794797855 ], [ -22.906568375844937, -41.820025590449944 ], [ -22.763024804285561, -41.513975254385905 ], [ -22.76851663063621, -41.511916637853872 ], [ -22.733059019453663, -41.511799153257506 ], [ -21.849753330549238, -41.549896028268172 ], [ -22.042067117681576, -42.306659503962841 ], [ -22.046401786131977, -42.303115101121406 ] ] ] ] } },
{ "type": "Feature", "properties": { "STATE": "AQUALAND", "County": "Crestfall", "Longitude": -17.35, "Latitude": -45.26 }, "geometry": { "type": "MultiPolygon", "coordinates": [ [ [ [ -17.4665450251, -45.479658444500004 ], [ -17.467610434800001, -45.476462215300003 ], [ -17.476750799199998, -45.449041122 ], [ -17.52026629313319, -45.370713232961975 ], [ -17.5393318534, -45.336395224500002 ], [ -17.693974226599998, -45.241891552 ], [ -17.693974226599998, -45.22121617 ], [ -17.6629611537, -45.22121617 ], [ -17.6009350078, -45.148852333200004 ], [ -17.581658536960603, -45.139490429281807 ], [ -17.578039546500001, -45.142112708100001 ], [ -17.5275225187, -45.142112708100001 ], [ -17.525686923520485, -45.139490429281807 ], [ -17.5254505362606, -45.139490429281807 ], [ -17.519398457899999, -45.130506907 ], [ -17.476882716, -45.045475423400006 ], [ -17.4318660482, -45.005460607500005 ], [ -17.383843497199997, -44.952436204500003 ], [ -17.2457830468, -44.952436204500003 ], [ -17.24262173, -44.952436204500003 ], [ -17.172114081380773, -45.138017052615652 ], [ -17.136271880399999, -45.533090307100004 ], [ -17.125401222699999, -45.593373045300005 ], [ -17.1294727782, -45.592015860100005 ], [ -17.4665450251, -45.479658444500004 ] ] ] ] } },
{ "type": "Feature", "properties": { "STATE": "AURELIA", "County": "Tanfurt", "Longitude": -23.73, "Latitude": -35.52 }, "geometry": { "type": "MultiPolygon", "coordinates": [ [ [ [ -24.1580559744, -36.255353555900001 ], [ -24.1606246407, -36.235831692100007 ], [ -24.16480855, -36.204033981600006 ], [ -24.171482803700002, -36.153309653400001 ], [ -24.344299782100002, -34.839900617600001 ], [ -24.329807672500003, -34.854392727300002 ], [ -24.309708342130605, -34.799905920905914 ], [ -22.7984761785, -35.380007659900002 ], [ -23.282710078400001, -35.901490321300003 ], [ -23.646095271500002, -36.048390718600004 ], [ -24.133888704299999, -36.245583808400006 ], [ -24.1580559744, -36.255353555900001 ] ] ], [ [ [ -24.362924162900001, -34.821276236900005 ], [ -24.344299782100002, -34.839900617600001 ], [ -24.344299782100002, -34.895773759900003 ], [ -24.362924162900001, -34.821276236900005 ] ] ] ] } },
{ "type": "Feature", "properties": { "STATE": "WEST NOKRAS", "County": "Hollowcrest", "Longitude": -3.32, "Latitude": -40.1 }, "geometry": { "type": "MultiPolygon", "coordinates": [ [ [ [ -2.9967932958, -39.599250963900005 ], [ -2.8860444833, -39.682312573300003 ], [ -2.830670077, -40.374492651900006 ], [ -4.048907015199999, -40.595990277 ], [ -3.5505373586, -39.820748589 ], [ -3.0383241006, -39.446971346700003 ], [ -2.9967932958, -39.599250963900005 ] ] ] ] } },
{ "type": "Feature", "properties": { "STATE": "AQUALAND", "County": "Ariel", "Longitude": -21.38, "Latitude": -42.0 }, "geometry": { "type": "MultiPolygon", "coordinates": [ [ [ [ -20.946500203100001, -42.284837206600002 ], [ -20.956555339219815, -42.298914397165319 ], [ -20.986336652965122, -42.339425941883853 ], [ -21.002100579817402, -42.362677733990964 ], [ -21.030255618866942, -42.400990485060902 ], [ -21.167538009520676, -42.398547737281902 ], [ -21.948030186419849, -42.381950183848687 ], [ -22.010980592648796, -42.332078557096253 ], [ -22.042060203144629, -42.306669083647165 ], [ -21.849753330549238, -41.549896028268172 ], [ -21.704600295700001, -41.559938577900006 ], [ -21.7036092072, -41.543337846 ], [ -21.698547151738836, -41.543337846 ], [ -21.485518481438511, -41.614032267516649 ], [ -21.254837827876266, -41.692429796772714 ], [ -20.596135834480464, -41.683200286785549 ], [ -20.877417982736727, -42.284837206600002 ], [ -20.910531950599999, -42.284837206600002 ], [ -20.946016045686843, -42.284577787809731 ], [ -20.946206752618366, -42.284837206600002 ], [ -20.946500203100001, -42.284837206600002 ] ] ] ] } },
{ "type": "Feature", "properties": { "STATE": "AQUALAND", "County": "Königsmoor", "Longitude": -22.14, "Latitude": -40.79 }, "geometry": { "type": "MultiPolygon", "coordinates": [ [ [ [ -22.214159357900002, -40.612659411700001 ], [ -21.499869209802089, -40.665817963347259 ], [ -21.578660850399999, -40.738592579100008 ], [ -21.658904214808349, -40.802133016893102 ], [ -21.663684988127905, -40.820573142554245 ], [ -21.663687042982154, -40.820581068420644 ], [ -21.920320054299999, -40.983886366500002 ], [ -22.039826036889902, -41.068968623965262 ], [ -22.040158917898605, -41.069205618524649 ], [ -22.183693958100001, -40.853166742200003 ], [ -22.200724238500001, -40.827621321600006 ], [ -22.239829562600001, -40.839841735400007 ], [ -22.414789850267802, -40.893793688335023 ], [ -22.580542764, -40.889948194500008 ], [ -22.787883574634463, -40.895256826252854 ], [ -22.789658401400001, -40.880443236700003 ], [ -22.881286654, -40.870262319700004 ], [ -22.889734469438558, -40.854904148249339 ], [ -22.888813035846894, -40.854524529743415 ], [ -22.211509128742186, -40.575484239049487 ], [ -22.214159357900002, -40.612659411700001 ] ] ] ] } },
{ "type": "Feature", "properties": { "STATE": "AQUALAND", "County": "Greystone", "Longitude": -18.6, "Latitude": -42.49 }, "geometry": { "type": "MultiPolygon", "coordinates": [ [ [ [ -18.625789218080669, -41.960873245172209 ], [ -18.625116414805547, -41.960907637071919 ], [ -18.4941366764, -41.996991708 ], [ -18.350004118899999, -42.051041417100002 ], [ -18.293260306800001, -42.051041417100002 ], [ -18.2873630932, -42.058118073400003 ], [ -18.220177374477203, -42.182564956839578 ], [ -18.209655140849328, -42.344907989955381 ], [ -18.209643422056537, -42.344906593732112 ], [ -18.210654447996031, -42.395836415182409 ], [ -18.200031416457598, -42.700368858873816 ], [ -18.1983638297, -42.717133141300003 ], [ -18.252980170922342, -42.853673994440221 ], [ -18.262993677169888, -42.87824880768941 ], [ -18.26558564998955, -42.875875844052729 ], [ -18.26663732865077, -42.876919499873758 ], [ -18.266770441, -42.876841468500004 ], [ -18.300434585421282, -42.909532322971117 ], [ -18.351423251100002, -42.978243971200001 ], [ -18.367133646199999, -42.992645166800003 ], [ -18.584556280400001, -43.135094478800006 ], [ -18.604364592053827, -43.137889452820524 ], [ -18.605315325581, -43.135622024088043 ], [ -18.604424872898953, -43.137897958512426 ], [ -18.608991360299999, -43.139166992200003 ], [ -18.617042880500001, -43.129102591900001 ], [ -18.654616641400001, -43.059322750100002 ], [ -18.723054563200002, -42.996587988500004 ], [ -18.794490079453727, -42.910660565299182 ], [ -18.809031576020061, -42.904628048034994 ], [ -18.983394880604081, -42.840878372445736 ], [ -18.984159598881085, -42.836293542405123 ], [ -18.980220295599896, -42.610362082457193 ], [ -18.973993609699999, -42.158223446800001 ], [ -18.952073467565221, -42.152385085344754 ], [ -18.970377613676696, -42.151700218896401 ], [ -18.970332824211276, -42.151597203125561 ], [ -18.97033282421128, -42.151597203125561 ], [ -18.9680150666, -42.146266360600002 ], [ -18.966772414275468, -42.050150587988213 ], [ -18.883553472642955, -41.953766310500001 ], [ -18.883389136191191, -41.953391764227362 ], [ -18.772769891110791, -41.953359987206241 ], [ -18.625789218080669, -41.960873245172209 ] ] ], [ [ [ -18.9703780362, -42.151701190700003 ], [ -18.97068338238709, -42.151688778279102 ], [ -18.970377613676696, -42.151700218896401 ], [ -18.9703780362, -42.151701190700003 ] ] ], [ [ [ -18.970725420899999, -42.151687069400005 ], [ -18.97068338238709, -42.151688778279102 ], [ -18.970725487636251, -42.151687202872509 ], [ -18.970725420899999, -42.151687069400005 ] ] ] ] } },
{ "type": "Feature", "properties": { "STATE": "AQUALAND", "County": "Fair Haven", "Longitude": -21.57, "Latitude": -42.69 }, "geometry": { "type": "MultiPolygon", "coordinates": [ [ [ [ -21.030255618866942, -42.400990485060902 ], [ -21.002100579817402, -42.362677733990964 ], [ -20.986336652965122, -42.339425941883853 ], [ -20.956555339219815, -42.298914397165319 ], [ -20.946206752618366, -42.284837206600002 ], [ -20.946016045686843, -42.284577787809731 ], [ -20.910531950599999, -42.284837206600002 ], [ -20.877417982736727, -42.284837206600002 ], [ -20.875793381800001, -42.284837206600002 ], [ -20.8413622341, -42.329105825100001 ], [ -20.773671855303284, -42.510285726809954 ], [ -20.707608523474448, -42.687110678600007 ], [ -20.712327434300001, -42.687110678600007 ], [ -20.827501266, -42.705059847100003 ], [ -21.207446562546128, -42.764272101146567 ], [ -21.310923802960762, -42.780398424338792 ], [ -21.314901687178946, -42.780959408010588 ], [ -21.315102776264155, -42.781049692905988 ], [ -21.316252707700002, -42.781228903 ], [ -21.322859586944652, -42.78453234259927 ], [ -21.329300272976958, -42.787424079185207 ], [ -21.345168102223752, -42.788305625254473 ], [ -21.41700894623839, -42.821070283214176 ], [ -21.640895720899998, -43.259008457600004 ], [ -21.6456664932, -43.267506395900007 ], [ -21.6453502952, -43.267705483600004 ], [ -21.649264522499998, -43.275347546500001 ], [ -22.217075685239436, -42.936309003273053 ], [ -22.216390867945027, -42.933657291379255 ], [ -22.215382547069716, -42.93428737803653 ], [ -22.082194509916555, -42.418563979818998 ], [ -22.063780062801108, -42.367688257617154 ], [ -22.046401786131977, -42.303115101121406 ], [ -22.042067117681576, -42.306659503962841 ], [ -22.042060203144629, -42.306669083647165 ], [ -22.010980592648796, -42.332078557096253 ], [ -21.948030186419849, -42.381950183848687 ], [ -21.167538009520676, -42.398547737281902 ], [ -21.030255618866942, -42.400990485060902 ] ] ] ] } },
{ "type": "Feature", "properties": { "STATE": "HAMPTON", "County": "Alvaren", "Longitude": -12.71, "Latitude": -42.79 }, "geometry": { "type": "MultiPolygon", "coordinates": [ [ [ [ -11.680908899936469, -42.425626784926244 ], [ -11.6651177932377, -42.439014897114241 ], [ -11.6566277438, -42.446212982500008 ], [ -12.069646256591069, -43.215929301731563 ], [ -12.090245789400001, -43.251534164900001 ], [ -12.2370538168, -43.314451891 ], [ -12.364552812499999, -43.314451891 ], [ -12.414997771199999, -43.326321293100001 ], [ -12.442494057640568, -43.332791007549872 ], [ -12.7257999668, -43.399451221400007 ], [ -12.769666747900001, -43.443318002600002 ], [ -13.141868836699999, -43.727943129300002 ], [ -13.177041361486499, -43.716218954362411 ], [ -13.2757427821, -43.683318480800004 ], [ -13.321038384088766, -43.658611788809488 ], [ -13.521178348699999, -43.549444535400006 ], [ -13.610356772980076, -43.461173313050494 ], [ -13.744874852346809, -43.31544539374093 ], [ -13.6696480858666, -43.202446387351948 ], [ -13.365006814057985, -42.673831630429895 ], [ -13.184806431088507, -42.366988794022021 ], [ -13.184591864067647, -42.366623432127689 ], [ -13.025257518139414, -42.095311008501518 ], [ -12.6254582364, -41.414538062399998 ], [ -12.626827884306135, -41.433537491260076 ], [ -12.6370864512, -41.575841882800006 ], [ -12.625931439799999, -41.888182200500005 ], [ -12.758356303899999, -42.020607064600007 ], [ -12.410741035699999, -42.351669224900007 ], [ -12.2286568475, -42.252350576800005 ], [ -12.112785091399999, -42.285456792800005 ], [ -12.0353691767, -42.233846183 ], [ -12.0262526249, -42.233017405500007 ], [ -11.877444788658057, -42.158613487379036 ], [ -11.746616361299999, -42.093199273700002 ], [ -11.6824042831, -42.070266388700006 ], [ -11.3844483389, -41.838522876500001 ], [ -11.6737657606, -42.131194310100007 ], [ -11.6906019071, -42.417408800600008 ], [ -11.680908899936469, -42.425626784926244 ] ] ] ] } },
{ "type": "Feature", "properties": { "STATE": "FLORENTIA", "County": "Amphertia", "Longitude": -21.12, "Latitude": -34.79 }, "geometry": { "type": "MultiPolygon", "coordinates": [ [ [ [ -21.388005082500001, -35.183880571600007 ], [ -21.388221940069855, -35.181467911549468 ], [ -21.39039922752632, -35.157244387933396 ], [ -21.388483009, -35.156500179100007 ], [ -21.429032567251095, -34.727427179180282 ], [ -21.42398815260993, -34.691511432570699 ], [ -21.211464153411711, -34.687801812361009 ], [ -21.177564619800002, -34.687210093800005 ], [ -20.955109798868847, -34.147536527719602 ], [ -20.926248835395754, -34.342163450597504 ], [ -20.8437427175, -34.982659293300003 ], [ -21.388005082500001, -35.183880571600007 ] ] ] ] } },
{ "type": "Feature", "properties": { "STATE": "HARMINGTON", "County": "Montvale East", "Longitude": -18.53, "Latitude": -30.48 }, "geometry": { "type": "MultiPolygon", "coordinates": [ [ [ [ -17.937321167, -29.750799984300002 ], [ -18.202688720799998, -30.122435535500003 ], [ -18.187202620299999, -30.230907015200003 ], [ -17.898284519200001, -30.429754788400004 ], [ -17.407197990299998, -30.529924631700005 ], [ -17.398659164400001, -31.019113643700003 ], [ -18.497911303599999, -31.119857504100004 ], [ -19.3005864983, -31.079497356500006 ], [ -19.305622369012404, -31.005462296152494 ], [ -19.392011188, -29.735413521600002 ], [ -19.354003281592064, -29.735815536617501 ], [ -17.937321167, -29.750799984300002 ] ] ] ] } },
{ "type": "Feature", "properties": { "STATE": "AUSTINAS", "County": "Arinwald", "Longitude": -12.73, "Latitude": -39.16 }, "geometry": { "type": "MultiPolygon", "coordinates": [ [ [ [ -12.611120436681665, -39.564322803693571 ], [ -12.609432545961507, -39.565085372547344 ], [ -12.611163675105573, -39.564359467809844 ], [ -12.611120436681665, -39.564322803693571 ] ] ], [ [ [ -13.273404551184353, -39.087136837079072 ], [ -13.1283271068, -38.920622267100001 ], [ -13.11380742775088, -38.927568045183484 ], [ -13.086753058, -38.900518478100004 ], [ -12.9581315406, -38.947428267300005 ], [ -12.684270846482985, -38.739150804607178 ], [ -12.092805904199999, -39.129386382700005 ], [ -12.542424825933489, -39.506072210068247 ], [ -12.611120436681665, -39.564322803693571 ], [ -13.427619491113948, -39.1954382896608 ], [ -13.420363676600001, -39.191795456400001 ], [ -13.273404551184353, -39.087136837079072 ] ] ] ] } },
{ "type": "Feature", "properties": { "STATE": "AURELIA", "County": "Kranichfels", "Longitude": -23.0, "Latitude": -40.35 }, "geometry": { "type": "MultiPolygon", "coordinates": [ [ [ [ -23.602398998399998, -41.135546383400005 ], [ -23.602648016852953, -41.135029900682802 ], [ -23.602884796813505, -41.134538801505386 ], [ -24.004247972099996, -40.302081845400004 ], [ -24.002308103200001, -40.301186521400005 ], [ -23.709282824100001, -40.288977134700005 ], [ -23.2765099623, -40.288977134700005 ], [ -23.2761553904, -40.287975990600003 ], [ -23.262518380499998, -40.287975990600003 ], [ -23.169007455, -39.985440643400004 ], [ -23.016531670799999, -39.554920782300002 ], [ -22.933153745399999, -39.562989613800006 ], [ -22.571460830500001, -39.624293497700002 ], [ -22.564346156299997, -39.598680670800007 ], [ -22.542453609900001, -39.600799304300004 ], [ -22.481826226499997, -39.429021718100003 ], [ -22.4506965659, -39.340821012900001 ], [ -22.3803209304, -39.720849444500004 ], [ -22.221303955700002, -40.579541107600001 ], [ -22.889038053347313, -40.854054014397505 ], [ -23.244002914100001, -40.999984012700004 ], [ -23.5976596165, -41.145376212500004 ], [ -23.602398998399998, -41.135546383400005 ] ] ] ] } },
{ "type": "Feature", "properties": { "STATE": "BAYBAR", "County": "Marisol", "Longitude": -13.49, "Latitude": -46.17 }, "geometry": { "type": "MultiPolygon", "coordinates": [ [ [ [ -12.805230634099999, -45.423154934 ], [ -12.782834686899999, -45.409077481500006 ], [ -12.533663777299999, -45.672091219400002 ], [ -12.329180216299999, -45.859534483600001 ], [ -12.334563075219034, -45.819163041738392 ], [ -12.3075776225, -45.848733186700002 ], [ -12.29070608216532, -45.858801686577493 ], [ -12.290706082165318, -45.858801686577493 ], [ -12.891395523747494, -46.235978777863934 ], [ -13.372281601099999, -46.493659803500002 ], [ -14.6304122195, -46.808192458100002 ], [ -15.164445117494505, -46.935889139761613 ], [ -15.163522404439604, -46.926237943241638 ], [ -15.163385405782503, -46.924804994010415 ], [ -13.604945670141483, -45.887554364765812 ], [ -13.444957469199998, -45.825268944600005 ], [ -12.980882127003088, -45.515014273467507 ], [ -12.805230634099999, -45.423154934 ] ] ], [ [ [ -12.345530197058052, -45.807145478573233 ], [ -12.33728033898414, -45.798783563515819 ], [ -12.334563075219034, -45.819163041738392 ], [ -12.345530197058052, -45.807145478573233 ] ] ] ] } },
{ "type": "Feature", "properties": { "STATE": "UGHAMPTON", "County": "Lutenburg", "Longitude": -7.07, "Latitude": -35.98 }, "geometry": { "type": "MultiPolygon", "coordinates": [ [ [ [ -6.973417169364479, -35.577292538833781 ], [ -6.956744034581042, -35.58526846541789 ], [ -6.615518812121412, -35.748500356621015 ], [ -6.637783622077675, -35.808045751644997 ], [ -6.826037540806323, -36.311515306405617 ], [ -7.336734830183011, -36.416528993921858 ], [ -7.3369888059, -36.401978734800004 ], [ -7.387436210494597, -36.164357384439342 ], [ -7.3866457871, -36.13666722 ], [ -7.3715367901, -36.071411319700005 ], [ -7.482163550351442, -35.935562574958759 ], [ -7.568800811637383, -35.847124847282409 ], [ -7.523674132744922, -35.831202288781469 ], [ -7.00673488, -35.561354347400005 ], [ -6.973417169364479, -35.577292538833781 ] ] ] ] } },
{ "type": "Feature", "properties": { "STATE": "NEW ZALES", "County": "Hearthwick", "Longitude": -5.59, "Latitude": -32.26 }, "geometry": { "type": "MultiPolygon", "coordinates": [ [ [ [ -6.548784305854742, -32.34281487501265 ], [ -4.944303641075853, -31.558195953060803 ], [ -4.724825433, -31.452189471600008 ], [ -4.6723026216, -32.465974607500002 ], [ -5.9674901847, -32.759553643800004 ], [ -5.972220050303148, -32.756638240815334 ], [ -6.326124263262945, -32.722779623044019 ], [ -7.051714609418359, -32.648378231640329 ], [ -7.078725809503743, -32.589107340592349 ], [ -7.0683873705, -32.584113944900004 ], [ -6.8522779373, -32.479734558800004 ], [ -6.549522940156436, -32.333505954724785 ], [ -6.548784305854742, -32.34281487501265 ] ] ] ] } },
{ "type": "Feature", "properties": { "STATE": "NORTH ORLE", "County": "Croydon", "Longitude": -24.78, "Latitude": -31.37 }, "geometry": { "type": "MultiPolygon", "coordinates": [ [ [ [ -25.156287013499998, -31.598778440100006 ], [ -25.163171587299999, -31.590039356100007 ], [ -25.167687116400003, -31.584307470600002 ], [ -25.215833862399997, -31.092373327 ], [ -24.972276631200003, -31.082924986100004 ], [ -24.972050289499997, -31.079378966300006 ], [ -24.970824745400002, -31.079326592700006 ], [ -24.972276631200003, -31.102314783900006 ], [ -24.790951221731831, -31.145373726335997 ], [ -24.341977926447811, -31.207568130853382 ], [ -24.342046274147805, -31.200118232153386 ], [ -24.336252615847805, -31.200776401353387 ], [ -24.350961065141384, -31.639976126185111 ], [ -24.7661897379, -31.589058931600007 ], [ -24.774568507300003, -31.601627085600008 ], [ -24.790811703300001, -31.601505867800007 ], [ -25.156287013499998, -31.598778440100006 ] ] ] ] } },
{ "type": "Feature", "properties": { "STATE": "HILLTON", "County": "Stormfell", "Longitude": -22.54, "Latitude": -37.71 }, "geometry": { "type": "MultiPolygon", "coordinates": [ [ [ [ -22.286268034649595, -38.397701270990055 ], [ -22.322735685910878, -38.748956863127674 ], [ -22.453949420899999, -38.546171999900004 ], [ -22.720438751099998, -38.134324853200006 ], [ -22.695501999599998, -38.275633111800005 ], [ -22.712486905700001, -38.256610016900005 ], [ -22.822611568699998, -37.798836908200002 ], [ -22.975249706712734, -37.164341118823465 ], [ -22.938475475899999, -37.080480683700003 ], [ -22.493189207100002, -37.034416586900001 ], [ -22.397839027250306, -37.008989872362591 ], [ -22.390018899799998, -37.044814182400003 ], [ -22.4115533911, -37.062310956600001 ], [ -22.266195574599998, -37.175367036100006 ], [ -22.266195574599998, -37.280347681400002 ], [ -22.266195574599998, -37.325771999 ], [ -22.284365301699999, -37.462044952 ], [ -22.281544651672988, -37.473797660450053 ], [ -22.282006366600001, -37.477234012100006 ], [ -22.24297591066312, -37.63450074804804 ], [ -22.216710929553422, -37.743938169377181 ], [ -22.221528105212414, -37.791747665282607 ], [ -22.251269320302448, -38.032492409558635 ], [ -22.286698044898209, -38.319275556010879 ], [ -22.281519897588897, -38.286689099855842 ], [ -22.282917726629815, -38.332248810623668 ], [ -22.277494268646329, -38.313192555288239 ], [ -22.284362875302442, -38.379350819248415 ], [ -22.285000606800001, -38.400136524600001 ], [ -22.286268034649595, -38.397701270990055 ] ] ] ] } },
{ "type": "Feature", "properties": { "STATE": "ORVILLE", "County": "Arlbourne", "Longitude": -18.77, "Latitude": -34.48 }, "geometry": { "type": "MultiPolygon", "coordinates": [ [ [ [ -19.459234914238301, -34.789108875564452 ], [ -19.375461034100923, -34.565274265183191 ], [ -19.2743728423, -34.508653488500002 ], [ -19.208923869873438, -34.452002023927243 ], [ -19.207090958022626, -34.451978935790144 ], [ -19.202258537473575, -34.451918064565987 ], [ -19.0922468286, -34.450532310300005 ], [ -18.799216471169867, -34.475879783938758 ], [ -18.772061296006264, -34.286405548563096 ], [ -18.766774734905056, -34.249518763028355 ], [ -18.766788424506018, -34.24764179004422 ], [ -18.767257161569873, -34.183373532119688 ], [ -18.768288762804577, -34.041931305036762 ], [ -18.768342974448544, -34.034498379020128 ], [ -18.412620180637486, -34.020823860195215 ], [ -18.409579839620378, -34.020706984917062 ], [ -18.408346811439579, -34.020659585460621 ], [ -18.332419656699003, -34.675189911511922 ], [ -18.326791275283874, -34.723709394895351 ], [ -19.459234914238301, -34.789108875564452 ] ] ] ] } },
{ "type": "Feature", "properties": { "STATE": "ORLAVIA", "County": "Arinvale", "Longitude": -15.62, "Latitude": -38.34 }, "geometry": { "type": "MultiPolygon", "coordinates": [ [ [ [ -16.0614559116, -38.30721312 ], [ -16.055536550831533, -38.280859235681859 ], [ -15.906395748509981, -38.204292565203723 ], [ -15.698711068796195, -38.066442700784179 ], [ -15.6634870398, -38.043062894300007 ], [ -15.4634293533, -37.972474269200006 ], [ -15.456314251635169, -37.983193885186672 ], [ -15.199279127600001, -38.370443141 ], [ -15.682789212898184, -38.727139727910888 ], [ -15.696106023799999, -38.736963847700004 ], [ -16.0614559116, -38.30721312 ] ] ] ] } },
{ "type": "Feature", "properties": { "STATE": "HAMPTON", "County": "Awarlia", "Longitude": -14.7, "Latitude": -46.35 }, "geometry": { "type": "MultiPolygon", "coordinates": [ [ [ [ -14.8295333947, -46.076930129700003 ], [ -14.638284901199999, -46.013180631900006 ], [ -13.793171430273492, -45.986148810639605 ], [ -13.791086166373493, -45.985056529439603 ], [ -13.604945670141483, -45.887554364765812 ], [ -15.163385405782503, -46.924804994010415 ], [ -15.163937398587588, -46.926374723549877 ], [ -15.3379890787, -46.443018222200003 ], [ -14.8295333947, -46.076930129700003 ] ] ] ] } },
{ "type": "Feature", "properties": { "STATE": "AQUALAND", "County": "Grünford", "Longitude": -18.59, "Latitude": -41.26 }, "geometry": { "type": "MultiPolygon", "coordinates": [ [ [ [ -19.073359867463807, -41.237262457550592 ], [ -19.110817867125178, -40.870331010347591 ], [ -18.932330423051127, -40.889381157465159 ], [ -17.997663565980272, -41.01873825452688 ], [ -18.073626705096558, -41.426584578948173 ], [ -18.094599549800002, -41.526319668600003 ], [ -18.6661482152, -41.629515955400002 ], [ -18.664070379199998, -41.641389303900006 ], [ -18.664982617093429, -41.641539260813616 ], [ -18.688318148114156, -41.645375238505963 ], [ -18.690466991899999, -41.645728473100007 ], [ -18.691513543261756, -41.645615332412298 ], [ -18.739947229650117, -41.640379258210331 ], [ -18.9903985704, -41.613303437600003 ], [ -19.073359867463807, -41.237262457550592 ] ] ] ] } },
{ "type": "Feature", "properties": { "STATE": "HAMPTON", "County": "Ryles", "Longitude": -14.1, "Latitude": -45.31 }, "geometry": { "type": "MultiPolygon", "coordinates": [ [ [ [ -13.37481535087349, -45.767009911839601 ], [ -13.4482942753, -45.779432473200004 ], [ -13.660792601400001, -45.545684314500001 ], [ -14.8932828925, -45.524434481900002 ], [ -14.991359043, -45.491742431800006 ], [ -14.984259898024639, -45.463345851952852 ], [ -14.983835831510756, -45.442596591989684 ], [ -14.755629222855946, -45.064930725553907 ], [ -14.570656353409149, -44.772813604381938 ], [ -14.568864071742272, -44.769826468270786 ], [ -13.851377610283116, -45.106172281412178 ], [ -13.436861844844355, -45.30083440838866 ], [ -12.980845286006527, -45.514985860953814 ], [ -12.980882127003088, -45.515014273467507 ], [ -13.444957469199998, -45.825268944600005 ], [ -13.37481535087349, -45.767009911839601 ] ] ] ] } },
{ "type": "Feature", "properties": { "STATE": "NORTH ORLE", "County": "Branton", "Longitude": -24.58, "Latitude": -31.97 }, "geometry": { "type": "MultiPolygon", "coordinates": [ [ [ [ -24.7785007206, -31.607525405600008 ], [ -24.774568507300003, -31.601627085600008 ], [ -24.350961065141384, -31.639976126185111 ], [ -24.364781269541389, -31.642860718985112 ], [ -24.372362434099998, -32.320455546100007 ], [ -24.372712099015644, -32.320463316431436 ], [ -24.699168077400003, -32.327717893700004 ], [ -24.7785007206, -32.327717893700004 ], [ -24.7846562119, -31.607525405600008 ], [ -24.7785007206, -31.607525405600008 ] ] ] ] } },
{ "type": "Feature", "properties": { "STATE": "ORLAY", "County": "Orlenna", "Longitude": -13.79, "Latitude": -36.56 }, "geometry": { "type": "MultiPolygon", "coordinates": [ [ [ [ -12.827250898399999, -36.390709265800005 ], [ -13.274861146106279, -36.653797923795182 ], [ -13.7218157957, -36.916501245600003 ], [ -14.098012975149075, -36.900285117445208 ], [ -14.203202297899999, -36.895750890100004 ], [ -14.522056346554983, -36.90725438347576 ], [ -14.518390735398103, -36.891422574333234 ], [ -14.420290547800001, -36.467726939300007 ], [ -14.373992259683529, -36.410154946510858 ], [ -14.339612209879039, -36.433036558612123 ], [ -14.17558168267087, -36.354994872406472 ], [ -13.7641864242, -36.159263137500005 ], [ -13.266032298544786, -36.282319463687578 ], [ -12.841574009940455, -36.387171104827381 ], [ -12.827250898399999, -36.390709265800005 ] ] ] ] } },
{ "type": "Feature", "properties": { "STATE": "MARCENNE", "County": "Valcédre", "Longitude": -9.57, "Latitude": -34.88 }, "geometry": { "type": "MultiPolygon", "coordinates": [ [ [ [ -8.771573677198656, -34.985581101768581 ], [ -8.7724836905, -34.986091793200004 ], [ -8.771825257007592, -35.023813425499704 ], [ -9.473110706710312, -35.290191040328246 ], [ -10.036127562012634, -35.491313523048902 ], [ -10.13017307553098, -35.524908728928466 ], [ -10.135411808526356, -35.526780124032214 ], [ -10.130173075530983, -35.524908728928466 ], [ -10.136310403913486, -35.526938523833969 ], [ -10.159584101792001, -35.45970086977907 ], [ -10.234030280825294, -35.244626047648168 ], [ -10.239611926954261, -35.208826243348064 ], [ -10.239967334185895, -35.207349137840389 ], [ -10.3061640792, -34.477841635200001 ], [ -10.262365713685826, -34.449101075093516 ], [ -10.263631095648833, -34.436912632343919 ], [ -9.953984581677094, -34.439575507849 ], [ -9.711223039944, -34.426208113017303 ], [ -9.710455272399999, -34.444107117600005 ], [ -9.291854430351442, -34.469812424925543 ], [ -8.925099316, -34.492334006300005 ], [ -8.924864647894285, -34.484547794427492 ], [ -8.921995449553147, -34.484662998446112 ], [ -8.478671989457959, -34.99788048755034 ], [ -8.7717629548, -34.974737395200002 ], [ -8.771573677198656, -34.985581101768581 ] ] ] ] } },
{ "type": "Feature", "properties": { "STATE": "NEW ZALES", "County": "Chateau Ridge", "Longitude": -11.93, "Latitude": -31.49 }, "geometry": { "type": "MultiPolygon", "coordinates": [ [ [ [ -10.399432352411687, -31.980171473193955 ], [ -10.400904200384105, -32.003001926153281 ], [ -12.266830618174383, -31.717236816624336 ], [ -12.35584500433081, -31.70451526740726 ], [ -12.361323495218139, -31.703732305298907 ], [ -12.444083420163448, -31.671546613809397 ], [ -12.47584060082823, -31.665238553482972 ], [ -12.782747479812098, -31.604276368972322 ], [ -13.538685249667349, -31.451237928215726 ], [ -13.539753712622105, -31.453909085602618 ], [ -13.565159152905403, -31.465202269363012 ], [ -13.56831689470734, -31.473096623867853 ], [ -14.171078604101975, -31.42252329779803 ], [ -14.113675068521761, -31.117628884794634 ], [ -13.226998504200001, -31.171915205100007 ], [ -13.032200455720364, -31.165421936819143 ], [ -13.010657075299999, -31.165873173700007 ], [ -12.521034766689112, -31.148383080522805 ], [ -12.1400782209, -31.135684529 ], [ -11.711061958139748, -31.207187239443599 ], [ -11.711169668820407, -31.210684509575103 ], [ -10.53479379844622, -31.376484926844462 ], [ -10.112511925972129, -31.436158965115311 ], [ -10.115826813806937, -31.443319950749711 ], [ -10.050020095877507, -31.507325246537718 ], [ -10.2020834716, -31.714179503400004 ], [ -10.399432352411687, -31.980171473193955 ] ], [ [ -10.402849427627096, -31.984777096307056 ], [ -10.402597491420179, -31.984880501631793 ], [ -10.402792093984768, -31.985309118975195 ], [ -10.402529934308617, -31.984908229941055 ], [ -10.399432352411699, -31.980171473193977 ], [ -10.402079214600001, -31.983738983100004 ], [ -10.402849427627096, -31.984777096307056 ] ] ] ] } },
{ "type": "Feature", "properties": { "STATE": "AUSTINAS", "County": "Orvis", "Longitude": -13.36, "Latitude": -38.31 }, "geometry": { "type": "MultiPolygon", "coordinates": [ [ [ [ -12.842204581099999, -38.267067326300001 ], [ -12.874372396459968, -38.395431523135969 ], [ -12.906540211, -38.523795716700008 ], [ -13.0529306651, -38.585336834900005 ], [ -13.332648988083065, -38.532022301155926 ], [ -13.724902819748145, -38.501181015053568 ], [ -13.7426049448, -38.499065372 ], [ -13.876089844442941, -38.657102150360124 ], [ -13.9588602598, -38.609073651900005 ], [ -13.973557517, -38.529482285300006 ], [ -13.959076108582799, -38.471102921447965 ], [ -13.948691311800001, -38.429238358800006 ], [ -13.959963490940961, -38.404154972395723 ], [ -13.226716308745512, -37.885965654158248 ], [ -13.217097926965144, -37.895641993764144 ], [ -13.222186756100001, -37.900122805300008 ], [ -13.032195667615941, -38.083595066750298 ], [ -12.842204581099999, -38.267067326300001 ] ] ] ] } },
{ "type": "Feature", "properties": { "STATE": "ORLAY", "County": "Ashmoor", "Longitude": -17.76, "Latitude": -37.28 }, "geometry": { "type": "MultiPolygon", "coordinates": [ [ [ [ -17.728224316420125, -37.005102833202081 ], [ -17.648202535443332, -36.993241418779959 ], [ -17.638248334275172, -36.991765934182446 ], [ -17.640573652699999, -36.997032096500007 ], [ -17.45172308771194, -37.076085821376417 ], [ -17.481933509771508, -37.142850971836431 ], [ -17.5252970624, -37.235559256700007 ], [ -17.521700981303127, -37.230737238866652 ], [ -17.538456850481154, -37.267767775035708 ], [ -17.555384311600001, -37.293154083900006 ], [ -17.584495154799999, -37.453183008 ], [ -17.589385379142676, -37.49548261801597 ], [ -17.645845720929525, -37.683143032359482 ], [ -17.965061655926952, -37.436782411705046 ], [ -18.0951258958913, -37.336403002754729 ], [ -17.913161581099999, -37.016746402600006 ], [ -17.728224316420125, -37.005102833202081 ] ] ] ] } },
{ "type": "Feature", "properties": { "STATE": "WEST VILLE", "County": "Dorchelle", "Longitude": -17.1, "Latitude": -31.25 }, "geometry": { "type": "MultiPolygon", "coordinates": [ [ [ [ -16.573282579629268, -31.69707999528768 ], [ -18.450583462399997, -31.104337051400002 ], [ -17.393578709814285, -30.991935256201913 ], [ -16.896207594467189, -30.99963624621622 ], [ -16.798186970937181, -30.907436699383986 ], [ -16.814009927869762, -30.98048412406331 ], [ -16.181834898403768, -31.086274980881782 ], [ -16.573282579629268, -31.69707999528768 ] ] ] ] } },
{ "type": "Feature", "properties": { "STATE": "HILLTON", "County": "Orwynstead", "Longitude": -21.42, "Latitude": -36.61 }, "geometry": { "type": "MultiPolygon", "coordinates": [ [ [ [ -21.1237949458, -36.172436363800003 ], [ -21.100198946349252, -37.170986601399512 ], [ -21.423373896299999, -37.000836790500003 ], [ -21.650640686300001, -36.980176173200007 ], [ -21.733283155400002, -36.938854938700004 ], [ -21.795265007200001, -36.876873086900005 ], [ -21.741397620555396, -36.55048701943435 ], [ -21.753170017685981, -36.432763048063691 ], [ -21.790165112086655, -36.173969600532317 ], [ -21.732555141699997, -36.181405166300003 ], [ -21.139672496899998, -36.171994330700002 ], [ -21.138282973560685, -36.166065697781463 ], [ -21.1237949458, -36.164985234694178 ], [ -21.1237949458, -36.170382612300003 ], [ -21.129249112099998, -36.17081095 ], [ -21.1237949458, -36.172436363800003 ] ] ] ] } },
{ "type": "Feature", "properties": { "STATE": "FLORENTIA", "County": "New Raven's", "Longitude": -22.86, "Latitude": -33.33 }, "geometry": { "type": "MultiPolygon", "coordinates": [ [ [ [ -22.966474607822434, -33.674564018839206 ], [ -22.876227896300001, -33.690571653200003 ], [ -23.092871404, -33.511340311400005 ], [ -23.158913532500002, -33.222722706200003 ], [ -23.0540514345, -33.114134825 ], [ -23.102342501597587, -33.120209868425896 ], [ -22.966564782664825, -32.883841653336916 ], [ -22.966564782599999, -32.883841654400001 ], [ -22.619155256451336, -33.219331134051821 ], [ -22.501188148699999, -33.333250645800007 ], [ -22.499630973627724, -33.330180923696027 ], [ -22.488339395400001, -33.340653013900003 ], [ -22.656356783302769, -33.543741803580119 ], [ -22.80818195735845, -33.726762406348371 ], [ -22.851797440184974, -33.722149031500415 ], [ -22.9475930236, -33.704722867900003 ], [ -22.966474607822434, -33.674564018839206 ] ] ] ] } },
{ "type": "Feature", "properties": { "STATE": "NOVA", "County": "Phirlys", "Longitude": -16.55, "Latitude": -41.33 }, "geometry": { "type": "MultiPolygon", "coordinates": [ [ [ [ -16.914723398500001, -41.571999895700003 ], [ -17.693114505800001, -40.976759637200004 ], [ -17.554159913682803, -40.948932682159196 ], [ -16.723066777085549, -40.790927800663532 ], [ -16.728407159906315, -40.783567979891721 ], [ -16.727534905549881, -40.783393302809152 ], [ -16.722630518499997, -40.790145589900007 ], [ -15.92356280133383, -40.622390379068335 ], [ -15.924742438568462, -40.657779496176829 ], [ -15.936435105907854, -41.00855951704817 ], [ -15.937918871699999, -41.022547349400007 ], [ -15.937918871699999, -41.053072490900007 ], [ -15.937918871699999, -41.144647915300006 ], [ -15.9837065839, -41.190435627500001 ], [ -15.9935823649, -41.220062970700006 ], [ -15.9774219959, -41.263157288 ], [ -15.876868588799999, -41.388849047 ], [ -15.881862212943611, -41.448197228749578 ], [ -15.881862212943611, -41.478722370249578 ], [ -15.907393730199999, -41.495687042100002 ], [ -15.907393730199999, -41.633050178700003 ], [ -15.9837065839, -41.709363032300004 ], [ -16.003329889100002, -41.728986337600006 ], [ -16.006124638535002, -41.756010848679026 ], [ -15.932947251640789, -41.839094883500003 ], [ -15.916932836899999, -41.867712203700002 ], [ -15.921309603500001, -41.868722226700001 ], [ -15.921309603499999, -41.868722226700001 ], [ -15.876868588799999, -41.923039022600001 ], [ -16.060019437499999, -41.968826734800004 ], [ -16.117449634777358, -41.951177456219611 ], [ -16.1210697205, -41.968826734800004 ], [ -16.136527934746177, -42.015201377538546 ], [ -16.142240383099999, -42.032338722600002 ], [ -16.151594861900001, -42.060402159100008 ], [ -16.256184391920087, -42.133614830106445 ], [ -16.304220569199998, -42.121452442100001 ], [ -16.312438876599998, -42.121452442100001 ], [ -16.548421700900001, -42.121452442100001 ], [ -16.853673115599999, -41.877251310400005 ], [ -16.884198257, -41.846726168900005 ], [ -16.890069034770271, -41.793889169025263 ], [ -16.914723398500001, -41.571999895700003 ] ] ] ] } },
{ "type": "Feature", "properties": { "STATE": "AURELIA", "County": "Hohenbruch", "Longitude": -24.2, "Latitude": -40.95 }, "geometry": { "type": "MultiPolygon", "coordinates": [ [ [ [ -24.890602914399999, -40.969749973900001 ], [ -24.580534267799997, -40.950957934700007 ], [ -24.310047603257409, -40.911630572272593 ], [ -24.307619133400003, -40.911019134500002 ], [ -24.324094924400001, -40.597979105500002 ], [ -24.377205048500002, -40.474055482700003 ], [ -24.345080364, -40.461817507600003 ], [ -24.003710985165107, -40.300449996410826 ], [ -23.679135827056268, -40.981692018348106 ], [ -23.602819423547992, -41.134513959796379 ], [ -23.602884796813505, -41.134538801505386 ], [ -23.978419098855291, -41.277241078652708 ], [ -24.173446938482371, -41.351351264248507 ], [ -24.174301959338599, -41.351676170448897 ], [ -24.789359758132512, -41.324488575765841 ], [ -24.808264207114831, -41.323154747615121 ], [ -24.817749158675277, -41.322485524438534 ], [ -24.816156989671519, -41.320379752530343 ], [ -24.809223350461622, -41.321150156887001 ], [ -24.814936576900003, -41.243388658800001 ], [ -24.819789415700001, -41.235300594200005 ], [ -24.890602914399999, -40.969749973900001 ] ] ] ] } },
{ "type": "Feature", "properties": { "STATE": "WESTVALE", "County": "Luneburg", "Longitude": -11.25, "Latitude": -36.78 }, "geometry": { "type": "MultiPolygon", "coordinates": [ [ [ [ -10.938935518886243, -36.234789761019066 ], [ -10.9491842292, -36.232904853100003 ], [ -11.015846436448211, -37.43564707501082 ], [ -11.739476230599999, -36.746232051900002 ], [ -11.738637615662212, -36.745301494670301 ], [ -11.560004727450291, -36.547084031448328 ], [ -11.5434597871, -36.528725171900007 ], [ -10.941879316351063, -36.207571122867051 ], [ -10.935414314599999, -36.204119778300004 ], [ -10.938935518886243, -36.234789761019066 ] ] ] ] } },
{ "type": "Feature", "properties": { "STATE": "MARCENNE", "County": "Epineville", "Longitude": -13.13, "Latitude": -33.9 }, "geometry": { "type": "MultiPolygon", "coordinates": [ [ [ [ -12.689406137300001, -34.524255459100004 ], [ -12.6992915115, -34.555732429200006 ], [ -14.187203805499999, -33.741076397300006 ], [ -13.5686862791, -33.509371051800002 ], [ -13.568491826399999, -33.500585643500003 ], [ -13.5678245536, -33.470438132400005 ], [ -13.1594954345, -33.254044260200004 ], [ -12.3488369891, -34.037205007900006 ], [ -12.3198276817, -34.065218073100006 ], [ -12.4116377699, -34.179442730100007 ], [ -12.497257185199999, -34.268104230100008 ], [ -12.304322000300001, -34.343128835200005 ], [ -12.3331048917, -34.353284629600005 ], [ -12.6426674126, -34.462511088800007 ], [ -12.6715931357, -34.512685181 ], [ -12.689406137300001, -34.524255459100004 ] ] ], [ [ [ -13.1594954345, -33.254044260200004 ], [ -13.159790271199999, -33.253759424400002 ], [ -13.154472117299999, -33.251382155 ], [ -13.1594954345, -33.254044260200004 ] ] ] ] } },
{ "type": "Feature", "properties": { "STATE": "NORTH ORLE", "County": "Grenton", "Longitude": -24.49, "Latitude": -32.79 }, "geometry": { "type": "MultiPolygon", "coordinates": [ [ [ [ -24.579807233499999, -32.483876312500001 ], [ -24.5803096434, -32.467296783600005 ], [ -24.790811703300001, -32.439839993200003 ], [ -24.790811703300001, -32.434270543900006 ], [ -24.773410330300003, -32.338562992400007 ], [ -24.773410330300003, -32.329367721600001 ], [ -24.699168077400003, -32.327717893700004 ], [ -24.372238291400002, -32.327717893700004 ], [ -24.372331775698953, -32.322249062474953 ], [ -24.372028973364273, -32.322324763058404 ], [ -24.359668337916474, -32.325414921911481 ], [ -24.360212700486585, -32.388560980044488 ], [ -24.36671897097564, -33.143288356774406 ], [ -24.368818415, -33.386823863600007 ], [ -24.373991311527803, -33.386551605888016 ], [ -24.547976582604974, -33.392370449600001 ], [ -24.5711143726, -32.485687325200004 ], [ -24.579807233499999, -32.483876312500001 ] ] ] ] } },
{ "type": "Feature", "properties": { "STATE": "AUSTINAS", "County": "Norle", "Longitude": -13.7, "Latitude": -37.93 }, "geometry": { "type": "MultiPolygon", "coordinates": [ [ [ [ -13.362103672801808, -37.447690605715025 ], [ -13.347670665599999, -37.469750137200002 ], [ -13.266302033599999, -37.625625478 ], [ -13.076660852468795, -37.771984459429632 ], [ -13.122320379970144, -37.812188548057541 ], [ -13.226716308745512, -37.885965654158248 ], [ -13.959963490940961, -38.404154972395723 ], [ -13.961248165610039, -38.401296253533538 ], [ -13.990228652500001, -38.336807502800006 ], [ -14.025774909694992, -38.299622671975527 ], [ -14.0715616765, -38.251725275400005 ], [ -14.104937615200001, -38.245653862300003 ], [ -14.096802131773266, -38.236687296352706 ], [ -14.365809579560445, -38.090927862075603 ], [ -13.362103672801808, -37.447690605715025 ] ] ] ] } },
{ "type": "Feature", "properties": { "STATE": "FLORENTIA", "County": "Tulipmere", "Longitude": -22.55, "Latitude": -34.84 }, "geometry": { "type": "MultiPolygon", "coordinates": [ [ [ [ -22.3889928627, -34.324913365600004 ], [ -22.370892618847641, -35.361875638502106 ], [ -22.370353728, -35.392748674400003 ], [ -22.673779498649807, -35.354793097607867 ], [ -22.7546350766, -35.344678860800002 ], [ -22.679662796900001, -34.932539193200007 ], [ -22.692857751556001, -34.843520823845324 ], [ -22.7727962847, -34.304223944500002 ], [ -22.716735285816661, -34.307245985333147 ], [ -22.3889928627, -34.324913365600004 ] ] ] ] } },
{ "type": "Feature", "properties": { "STATE": "WESTVALE", "County": "Kundarsh", "Longitude": -8.01, "Latitude": -37.63 }, "geometry": { "type": "MultiPolygon", "coordinates": [ [ [ [ -7.555737291166691, -36.859194132452672 ], [ -7.654778419957252, -38.540722325053181 ], [ -7.76912830260001, -38.53233617315 ], [ -7.8980385164, -38.506041589300004 ], [ -8.164259757514586, -38.402519033184667 ], [ -8.367281608499999, -38.338167404200007 ], [ -8.536738065182378, -38.282801800025304 ], [ -8.3003870359, -36.714747246700007 ], [ -8.330456597058065, -36.710934328779331 ], [ -8.33016879836971, -36.708703389855728 ], [ -7.555737291166691, -36.859194132452672 ] ] ] ] } },
{ "type": "Feature", "properties": { "STATE": "UGHAMPTON", "County": "Greenwrath", "Longitude": -7.76, "Latitude": -33.15 }, "geometry": { "type": "MultiPolygon", "coordinates": [ [ [ [ -7.0821630727, -32.528221788600007 ], [ -7.079114579589961, -32.582220908001645 ], [ -7.078725809503743, -32.589107340592349 ], [ -7.051714609418359, -32.648378231640329 ], [ -7.079732303381913, -32.645505322117955 ], [ -7.005362141904737, -33.851594154706667 ], [ -7.041029056681349, -33.854992100143029 ], [ -8.119099527064279, -33.957698618434804 ], [ -8.167765509400001, -33.962334969900006 ], [ -8.261369176600001, -33.731093752500001 ], [ -8.272100783998159, -33.646320388958749 ], [ -8.318549423989172, -33.279403551819264 ], [ -8.8562223821, -32.819886229500007 ], [ -8.85556675117558, -32.813776583863081 ], [ -8.8513051501, -32.774063886600004 ], [ -7.952313737361933, -32.436293431796301 ], [ -7.937524514317136, -32.430736801862743 ], [ -7.801296788, -32.379553108200007 ], [ -7.0821630727, -32.528221788600007 ] ] ] ] } },
{ "type": "Feature", "properties": { "STATE": "NORTH ORLE", "County": "South Penwick", "Longitude": -26.08, "Latitude": -34.02 }, "geometry": { "type": "MultiPolygon", "coordinates": [ [ [ [ -26.003071330600001, -33.026658327500002 ], [ -26.003071330600001, -33.586958385900004 ], [ -25.999963078651405, -33.586854777501479 ], [ -25.999952686944312, -33.590748349374735 ], [ -25.744418043792884, -33.585087771836569 ], [ -25.643023725846838, -34.98269965418033 ], [ -25.653299930495699, -34.985371816326591 ], [ -25.877466399309498, -35.043662709987629 ], [ -26.070191475931587, -35.054326397983125 ], [ -26.067734859829386, -35.079634793690829 ], [ -26.089685275500003, -35.059395447800007 ], [ -26.1025752762, -35.061934387300006 ], [ -26.195574726841208, -34.365881529622641 ], [ -26.237135058002373, -34.366005258799902 ], [ -26.470674097550869, -34.366700527398933 ], [ -26.475669494240016, -34.366552879807152 ], [ -26.470627335323506, -34.363191440529484 ], [ -26.454208337666977, -34.3522454420918 ], [ -26.522664388899997, -33.043023463200001 ], [ -26.003071330600001, -33.026658327500002 ] ] ] ] } },
{ "type": "Feature", "properties": { "STATE": "MARCENNE", "County": "Rochefort", "Longitude": -11.28, "Latitude": -33.86 }, "geometry": { "type": "MultiPolygon", "coordinates": [ [ [ [ -12.274742396932808, -34.03589400178344 ], [ -12.145151629564838, -33.928952921201741 ], [ -11.346176946855033, -33.23132160801125 ], [ -11.3180267136, -33.206742000400006 ], [ -11.256021546338975, -33.26661969433254 ], [ -11.234863514803425, -33.247705790168318 ], [ -11.190602698343252, -33.209174961346498 ], [ -10.99172458060457, -33.226606042160043 ], [ -10.301307440906118, -33.287119069404959 ], [ -10.311548713957691, -33.396680981575031 ], [ -10.336087098442512, -33.659194471078024 ], [ -10.554983528884399, -33.633608614914543 ], [ -10.789821962228354, -33.606159367043915 ], [ -10.8235652766, -33.602215257100006 ], [ -10.960896742466145, -33.90668632867002 ], [ -11.000271159699999, -33.975855343300005 ], [ -10.994076941179848, -33.979493767561856 ], [ -10.98236062496423, -33.986375818790719 ], [ -10.9850201269, -34.007636500200007 ], [ -10.7672892136, -34.144278913300006 ], [ -10.66308074085298, -34.168406777447174 ], [ -10.631658619870237, -34.184841170073227 ], [ -10.616638289270442, -34.192697100950262 ], [ -10.614947629121939, -34.289554955711836 ], [ -10.624002328034269, -34.328662285645478 ], [ -10.57410155530026, -34.328164037288758 ], [ -10.633661759692867, -34.370381462009234 ], [ -10.633717040699999, -34.370620221200006 ], [ -11.472588970996918, -34.495928468650497 ], [ -11.684070275694403, -34.525793048157553 ], [ -11.900203235657417, -34.346533985187222 ], [ -12.274742396932808, -34.03589400178344 ] ] ] ] } },
{ "type": "Feature", "properties": { "STATE": "AQUALAND", "County": "Northwyn", "Longitude": -21.01, "Latitude": -43.16 }, "geometry": { "type": "MultiPolygon", "coordinates": [ [ [ [ -20.707608523474448, -42.687110678600007 ], [ -20.653430693299999, -42.687110678600007 ], [ -20.641738766, -42.687110678600007 ], [ -20.571587202099998, -42.710494533200006 ], [ -20.525442208199998, -42.723678817200003 ], [ -20.524631325, -42.723949111600007 ], [ -20.521093174699999, -42.742814564300005 ], [ -20.499681229700002, -42.837027122500004 ], [ -20.477076716900001, -42.900319758300007 ], [ -20.4819641791, -42.914982144900002 ], [ -20.4807564561, -42.920296126300002 ], [ -20.4744194982, -42.907759970500003 ], [ -20.469188687799999, -42.922406239600001 ], [ -20.5633069123, -43.204760912900007 ], [ -20.661343844800001, -43.453121142100002 ], [ -20.798602473300001, -43.800843001 ], [ -20.804804193425671, -43.796938214254887 ], [ -21.6453502952, -43.267705483600004 ], [ -21.640895720899998, -43.259008457600004 ], [ -21.41700894623839, -42.821070283214176 ], [ -21.345168102223752, -42.788305625254473 ], [ -21.329300272976958, -42.787424079185207 ], [ -21.322859586944652, -42.78453234259927 ], [ -21.315102776264155, -42.781049692905988 ], [ -21.314901687178946, -42.780959408010588 ], [ -21.310923802960762, -42.780398424338792 ], [ -21.207446562546128, -42.764272101146567 ], [ -20.827501266, -42.705059847100003 ], [ -20.712327434300001, -42.687110678600007 ], [ -20.707608523474448, -42.687110678600007 ] ] ] ] } },
{ "type": "Feature", "properties": { "STATE": "AURELIA", "County": "Oberwaldkreis", "Longitude": -24.73, "Latitude": -38.21 }, "geometry": { "type": "MultiPolygon", "coordinates": [ [ [ [ -24.094085614, -38.737779158 ], [ -24.0939510535, -38.739124763400007 ], [ -24.093697763100003, -38.739589129200006 ], [ -24.091216580699999, -38.751167980300004 ], [ -24.388963434399997, -38.830567141300001 ], [ -24.628179322400001, -38.830567141300001 ], [ -24.885842403799998, -38.830567141300001 ], [ -24.890602914399999, -38.809938262100005 ], [ -25.103043410600002, -38.650607889900002 ], [ -25.524776901603282, -37.990614693178543 ], [ -24.766109449200002, -37.520480984700001 ], [ -24.215119668199996, -37.697584842900007 ], [ -24.210315322200003, -37.699129097 ], [ -24.210315322200003, -37.733617438100005 ], [ -24.210315322200003, -38.195373853300005 ], [ -24.095027700599999, -38.733382754 ], [ -24.094085614, -38.737779158 ] ] ] ] } },
{ "type": "Feature", "properties": { "STATE": "AQUALAND", "County": "Nanzal", "Longitude": -19.84, "Latitude": -44.22 }, "geometry": { "type": "MultiPolygon", "coordinates": [ [ [ [ -19.5443096244, -44.142923178100006 ], [ -19.563370724800002, -44.207730919400007 ], [ -19.645724583368299, -44.497828809256916 ], [ -19.648237214400854, -44.496276984221574 ], [ -20.202908062337542, -44.17606938976855 ], [ -20.202162248579398, -44.174848793014071 ], [ -20.105396138700002, -44.028502777600004 ], [ -19.7300358213, -44.064251379200002 ], [ -19.730035940163766, -44.064247710070326 ], [ -19.679488677051829, -44.123324007136908 ], [ -19.676412918899999, -44.126811432100006 ], [ -19.587172407370378, -44.12192454714441 ], [ -19.533418512200001, -44.117874281700004 ], [ -19.538312666, -44.132556743100004 ], [ -19.541537100699998, -44.142230047100007 ], [ -19.5443096244, -44.142923178100006 ] ] ] ] } },
{ "type": "Feature", "properties": { "STATE": "AQUALAND", "County": "San Traquilo", "Longitude": -18.03, "Latitude": -42.75 }, "geometry": { "type": "MultiPolygon", "coordinates": [ [ [ [ -18.072894306400002, -43.127760671900006 ], [ -18.045106665300001, -43.025872654500006 ], [ -18.045821685067764, -43.005074783949844 ], [ -18.053840538585959, -43.003082269402249 ], [ -18.134505704799999, -42.954375969 ], [ -18.266801751399999, -42.888227945700002 ], [ -18.263106331099998, -42.878989394900003 ], [ -18.252980170922342, -42.853673994440221 ], [ -18.1983638297, -42.717133141300003 ], [ -18.200031416457598, -42.700368858873816 ], [ -18.210654447996031, -42.395836415182409 ], [ -18.209643422056537, -42.344906593732112 ], [ -18.20977015, -42.340724571600006 ], [ -17.942460726557542, -42.312716680046975 ], [ -17.920853228539663, -42.310481770337006 ], [ -17.900155358011993, -42.308340262609818 ], [ -17.931120043100002, -42.504611701200005 ], [ -17.993050064400002, -42.739945781900005 ], [ -17.991998145631072, -42.740537486207273 ], [ -17.810548939699999, -42.842602664500006 ], [ -17.7763299788, -43.002291148600001 ], [ -17.924612142599997, -43.161979632700003 ], [ -17.925837960899997, -43.176689452100007 ], [ -17.9275854427, -43.197659234400007 ], [ -17.937435256176975, -43.298755275627386 ], [ -17.943410023200002, -43.289616025900003 ], [ -18.027269025300001, -43.184792273300005 ], [ -18.072894306400002, -43.127760671900006 ] ] ] ] } },
{ "type": "Feature", "properties": { "STATE": "NORTH ORLE", "County": "Greenwich", "Longitude": -25.29, "Latitude": -33.02 }, "geometry": { "type": "MultiPolygon", "coordinates": [ [ [ [ -25.398688744700003, -33.009817760800004 ], [ -25.417079286300002, -32.982231948400006 ], [ -25.4526041023, -32.476003320700002 ], [ -25.381738873, -32.475449686100006 ], [ -25.381738873, -32.458101512800006 ], [ -25.178002245499997, -32.458101512800006 ], [ -25.144592709820429, -33.205831862693472 ], [ -25.128288555400275, -33.570731010236983 ], [ -25.132627047228979, -33.5707845718645 ], [ -25.423089368156297, -33.574370526443843 ], [ -25.398688744700003, -33.009817760800004 ] ] ] ] } },
{ "type": "Feature", "properties": { "STATE": "AUSTINAS", "County": "Harrowick", "Longitude": -10.52, "Latitude": -38.82 }, "geometry": { "type": "MultiPolygon", "coordinates": [ [ [ [ -10.322775816445251, -38.255410470683287 ], [ -10.120335388107319, -38.765152071092075 ], [ -9.991065587943933, -39.10220842236464 ], [ -9.9905586625, -39.103530173 ], [ -10.442391723563183, -39.305364916825575 ], [ -10.5819638099, -39.373980845600002 ], [ -11.148184201499999, -38.603481287300006 ], [ -11.11727280561141, -38.590037235197016 ], [ -10.5606483545, -38.370147831200001 ], [ -10.561476384039523, -38.368972269717034 ], [ -10.3197252527, -38.253022258500003 ], [ -10.322775816445251, -38.255410470683287 ] ] ] ] } },
{ "type": "Feature", "properties": { "STATE": "ORLAVIA", "County": "Calverly", "Longitude": -14.39, "Latitude": -39.12 }, "geometry": { "type": "MultiPolygon", "coordinates": [ [ [ [ -14.0893817592, -39.035344658700005 ], [ -14.088955491079341, -39.039272080117222 ], [ -14.0952808681, -39.054128578200007 ], [ -14.0943029344, -39.110154358900004 ], [ -14.0817441016, -39.116162127 ], [ -14.048445482, -39.240120565500007 ], [ -14.0785929821, -39.296689642600008 ], [ -14.07940790182181, -39.298103189193469 ], [ -14.075941416533849, -39.310503419256392 ], [ -14.0511934714, -39.439432000600007 ], [ -14.066148619253966, -39.521643848798611 ], [ -14.09147337205976, -39.535082158089175 ], [ -14.912002951376222, -39.15953238519964 ], [ -14.938772773767628, -39.147280053324216 ], [ -14.946813840499999, -39.143715942300005 ], [ -14.396059709689439, -38.73741186576131 ], [ -14.393510228299998, -38.735531054300004 ], [ -14.369761287419216, -38.746891833861646 ], [ -14.026664385885862, -38.892968123553175 ], [ -14.070299438710073, -38.995454358999382 ], [ -14.0893817592, -39.035344658700005 ] ] ] ] } },
{ "type": "Feature", "properties": { "STATE": "AQUALAND", "County": "Greenholt", "Longitude": -17.81, "Latitude": -45.1 }, "geometry": { "type": "MultiPolygon", "coordinates": [ [ [ [ -17.383843497199997, -44.952436204500003 ], [ -17.4318660482, -45.005460607500005 ], [ -17.476882716, -45.045475423400006 ], [ -17.519398457899999, -45.130506907 ], [ -17.525686923520485, -45.139490429281807 ], [ -17.5275225187, -45.142112708100001 ], [ -17.578039546500001, -45.142112708100001 ], [ -17.581658536960603, -45.139490429281807 ], [ -17.6009350078, -45.148852333200004 ], [ -17.6629611537, -45.22121617 ], [ -17.693974226599998, -45.22121617 ], [ -17.693974226599998, -45.241891552 ], [ -17.5393318534, -45.336395224500002 ], [ -17.52026629313319, -45.370713232961975 ], [ -17.476750799199998, -45.449041122 ], [ -17.467610434800001, -45.476462215300003 ], [ -18.323740733362584, -45.206070952517216 ], [ -17.772674661700002, -44.752861380400006 ], [ -17.684305217891733, -44.720661343631804 ], [ -17.655330906700001, -44.757661010200003 ], [ -17.643533674863313, -44.768278518861159 ], [ -17.6118471234, -44.796796415200006 ], [ -17.5275225187, -44.872688559500006 ], [ -17.482386398799999, -44.911376662200006 ], [ -17.383843497199997, -44.952436204500003 ] ] ] ] } },
{ "type": "Feature", "properties": { "STATE": "FLORENTIA", "County": "Bellflower", "Longitude": -21.7, "Latitude": -33.45 }, "geometry": { "type": "MultiPolygon", "coordinates": [ [ [ [ -20.934511491473621, -34.101142458880602 ], [ -20.936699582862744, -34.101084690177714 ], [ -20.919146359336619, -34.056795177914424 ], [ -20.914496230943143, -34.099639136999151 ], [ -20.93447466126613, -34.101066167736505 ], [ -20.934511491473621, -34.101142458880602 ] ] ], [ [ [ -22.224448920547765, -32.767932547758328 ], [ -22.224094000599997, -32.788265897900004 ], [ -21.0448254155, -32.898851163373287 ], [ -20.920203499284675, -34.047055218745811 ], [ -21.462360855299998, -34.062240330800002 ], [ -21.489263321300001, -34.090098649800005 ], [ -21.90830197791314, -34.008826924858354 ], [ -22.388935969254732, -33.915608905648298 ], [ -22.396583789204929, -33.911950418432099 ], [ -22.453042589200788, -33.884942225329759 ], [ -22.483911066406765, -33.444913754769196 ], [ -22.485726224280011, -33.419038777605259 ], [ -22.389862516098283, -33.113789930546211 ], [ -22.235800791899997, -32.810081832100003 ], [ -22.236559972191266, -32.766588422189429 ], [ -22.224448920547765, -32.767932547758328 ] ] ] ] } },
{ "type": "Feature", "properties": { "STATE": "UGHAMPTON", "County": "Crystalvale", "Longitude": -10.26, "Latitude": -36.02 }, "geometry": { "type": "MultiPolygon", "coordinates": [ [ [ [ -10.0153352730453, -35.497901486001723 ], [ -9.559737649990879, -36.426250382465994 ], [ -9.508253568499999, -36.531156966300003 ], [ -9.524804733384888, -36.528293955101567 ], [ -9.531947581941729, -36.527058389173177 ], [ -9.537508783210477, -36.526096415703641 ], [ -9.5316699754, -36.493609250100008 ], [ -10.938935518886243, -36.234789761019066 ], [ -10.935414314599999, -36.204119778300004 ], [ -10.941879316351063, -36.207571122867051 ], [ -10.870344373058987, -35.898611028492823 ], [ -10.840263690763486, -35.768692278114948 ], [ -10.839113884259051, -35.7637262529841 ], [ -10.838085407391006, -35.759284251696485 ], [ -10.837836872, -35.758210825 ], [ -10.81447805370572, -35.751228500650207 ], [ -10.136310403913486, -35.526938523833969 ], [ -10.136260315199999, -35.52708323 ], [ -10.135411808526356, -35.526780124032214 ], [ -10.13017307553098, -35.524908728928466 ], [ -10.036127562012634, -35.491313523048902 ], [ -10.025311073029082, -35.494740689187999 ], [ -10.0153352730453, -35.497901486001723 ] ] ] ] } },
{ "type": "Feature", "properties": { "STATE": "ORLAY", "County": "Ardenia", "Longitude": -18.01, "Latitude": -37.89 }, "geometry": { "type": "MultiPolygon", "coordinates": [ [ [ [ -18.441086668426276, -37.516115024196772 ], [ -18.272524875015243, -37.414759321407558 ], [ -18.115746302600002, -37.320488834200006 ], [ -18.0951258958913, -37.336403002754729 ], [ -17.965061655926952, -37.436782411705046 ], [ -17.645845720929525, -37.683143032359482 ], [ -17.208196025745529, -38.019381262565659 ], [ -18.046183143475382, -38.451236642306682 ], [ -18.053775071600001, -38.433177402600002 ], [ -18.072536004832962, -38.445963198175804 ], [ -18.222939455521782, -38.284952779019164 ], [ -18.6462088402, -37.853877375 ], [ -18.66668748657796, -37.856786909459053 ], [ -18.65747595956303, -37.802438482533695 ], [ -18.6593468509, -37.799735571300005 ], [ -18.638813391349693, -37.635586286906495 ], [ -18.638735103800002, -37.634960437900006 ], [ -18.441086668426276, -37.516115024196772 ] ] ] ] } },
{ "type": "Feature", "properties": { "STATE": "UGHAMPTON", "County": "Thalorune", "Longitude": -7.71, "Latitude": -35.12 }, "geometry": { "type": "MultiPolygon", "coordinates": [ [ [ [ -6.99420679752443, -35.549002495679375 ], [ -6.973417169364479, -35.577292538833781 ], [ -7.00673488, -35.561354347400005 ], [ -7.523674132744922, -35.831202288781469 ], [ -7.568800811637383, -35.847124847282409 ], [ -7.5797956867, -35.832985989700006 ], [ -7.769628334605673, -35.395386095812135 ], [ -7.970038119487512, -35.238295861217011 ], [ -8.346971990653515, -35.089158911780522 ], [ -8.45026541232712, -34.998229738722046 ], [ -8.439807847913869, -34.989560086247856 ], [ -8.43046199514208, -34.981812077973231 ], [ -7.866951054516735, -34.361392380524165 ], [ -7.666401623066863, -34.634295389017517 ], [ -6.99420679752443, -35.549002495679375 ] ] ] ] } },
{ "type": "Feature", "properties": { "STATE": "BAYBAR", "County": "Eaux City", "Longitude": -7.22, "Latitude": -43.97 }, "geometry": { "type": "MultiPolygon", "coordinates": [ [ [ [ -7.26146721252081, -43.651546278501833 ], [ -7.250334701195385, -43.660779363110279 ], [ -7.085831099549494, -43.734601887061679 ], [ -6.897497878735082, -43.881282549986736 ], [ -6.885808478422399, -43.892971950299419 ], [ -7.150142853494934, -44.37975030008247 ], [ -7.154001174573343, -44.375472841187694 ], [ -7.143298652751435, -44.364412258420707 ], [ -7.516988343465857, -43.973053586098466 ], [ -7.65946100438833, -43.950002750390205 ], [ -7.4907888094, -43.827004196200001 ], [ -7.26146721252081, -43.650902950601832 ], [ -7.266920517520811, -43.655691218401834 ], [ -7.26146721252081, -43.651546278501833 ] ] ], [ [ [ -6.878729989606262, -43.882180022553527 ], [ -6.878729989606261, -43.882180022553527 ], [ -6.878729989606265, -43.882180022553534 ], [ -6.878729989606262, -43.882180022553527 ] ] ] ] } },
{ "type": "Feature", "properties": { "STATE": "NEW ZALES", "County": "Eastwood", "Longitude": -8.2, "Latitude": -29.28 }, "geometry": { "type": "MultiPolygon", "coordinates": [ [ [ [ -7.737875376752846, -29.438462810433698 ], [ -7.829639465, -29.513239566300001 ], [ -7.959597141267913, -29.527447861562237 ], [ -7.959725867158789, -29.527693610990276 ], [ -7.95973824037035, -29.527694985791555 ], [ -7.959486754901774, -29.527187259009217 ], [ -8.558220612216029, -29.593624836531795 ], [ -8.558134847300339, -29.594183497696037 ], [ -8.5697135097, -29.595470015700002 ], [ -8.635438092299999, -29.036811064400005 ], [ -8.6173122545, -29.036055821200002 ], [ -7.8562521796, -28.975421540500001 ], [ -7.72166297494628, -29.376840761822763 ], [ -7.722386518, -29.377018525700002 ], [ -7.8138808109, -29.398296268200006 ], [ -7.742587140452846, -29.4332275174337 ], [ -7.738450321752845, -29.432538047633699 ], [ -7.736285451252845, -29.438286152133699 ], [ -7.737875376752846, -29.438462810433698 ] ] ] ] } },
{ "type": "Feature", "properties": { "STATE": "ORLAY", "County": "Arlow", "Longitude": -15.52, "Latitude": -35.72 }, "geometry": { "type": "MultiPolygon", "coordinates": [ [ [ [ -16.934361425814544, -35.758874626282136 ], [ -16.93934256916252, -35.598583911585386 ], [ -16.939447087417598, -35.595220566137279 ], [ -16.2924212655, -35.372305943400001 ], [ -16.2747519427, -35.335369419700001 ], [ -16.276018741759607, -35.323921543627954 ], [ -15.35553246003651, -34.993276303640904 ], [ -14.249927577399999, -35.871846797800004 ], [ -14.249560662251852, -35.848453144747012 ], [ -13.7641864242, -36.159263137500005 ], [ -14.17558168267087, -36.354994872406472 ], [ -14.339612209879039, -36.433036558612123 ], [ -14.373992259683529, -36.410154946510858 ], [ -14.74396242919665, -36.163921623523223 ], [ -14.817873219439644, -36.11473036167061 ], [ -15.4209103101, -35.713379553 ], [ -15.6309133266, -35.796339326100004 ], [ -15.805524149024979, -35.867575554095247 ], [ -16.948962459200001, -36.330343505600005 ], [ -16.934361425814544, -35.758874626282136 ] ] ] ] } },
{ "type": "Feature", "properties": { "STATE": "ORLAY", "County": "Orinia", "Longitude": -15.51, "Latitude": -37.54 }, "geometry": { "type": "MultiPolygon", "coordinates": [ [ [ [ -15.847820136029753, -37.352196818618026 ], [ -15.698952345199999, -37.227321779900002 ], [ -15.675067265774159, -37.221453155961989 ], [ -15.603262230826015, -37.203810478730176 ], [ -15.414986667200001, -37.157550700400002 ], [ -15.352387333687938, -37.156458024973055 ], [ -15.319790875265589, -37.150305467233331 ], [ -15.011649597752211, -37.425790424296373 ], [ -14.986582240553997, -37.434853905869296 ], [ -14.97623194176118, -37.432942630693304 ], [ -14.917118179, -37.459969686400001 ], [ -14.993514622399999, -37.539080519500004 ], [ -15.3672880818, -37.662270751800001 ], [ -15.368705790591861, -37.667381333874424 ], [ -15.456314251635169, -37.983193885186672 ], [ -15.4634293533, -37.972474269200006 ], [ -15.6634870398, -38.043062894300007 ], [ -15.698711068796195, -38.066442700784179 ], [ -15.9672446938, -37.452373936800001 ], [ -15.96380896622243, -37.449491939210851 ], [ -15.847820136029753, -37.352196818618026 ] ] ] ] } },
{ "type": "Feature", "properties": { "STATE": "NOVA", "County": "Yohashtlest", "Longitude": -14.43, "Latitude": -43.71 }, "geometry": { "type": "MultiPolygon", "coordinates": [ [ [ [ -14.8390137791, -43.678234656600004 ], [ -14.8378690863, -43.666787728600006 ], [ -14.825882169169311, -43.546918557509791 ], [ -14.78589588612372, -43.337249667945329 ], [ -14.665133222543682, -43.121436885836481 ], [ -14.664445273169523, -43.121181065307098 ], [ -14.442186940100001, -43.159307251800001 ], [ -14.152198096199999, -43.174569822500004 ], [ -14.018650602299999, -43.174569822500004 ], [ -13.732477401099999, -43.174569822500004 ], [ -13.6696480858666, -43.202446387351948 ], [ -13.744874852346809, -43.31544539374093 ], [ -13.959111826319663, -43.637253259789297 ], [ -14.064539420900001, -43.781948208300001 ], [ -14.095965744400001, -43.871737704100006 ], [ -14.299880272, -44.239670438600001 ], [ -14.3407872448, -44.206944860400007 ], [ -14.447236244132993, -44.43758435912148 ], [ -14.808592434792928, -44.410692735630505 ], [ -14.8188612585, -44.396316382500004 ], [ -14.825081032312065, -44.381475278984169 ], [ -14.943085889611591, -44.099901968527767 ], [ -15.002150502322964, -44.014902076754197 ], [ -14.963703359822963, -43.950823506054199 ], [ -14.822268676612229, -43.731726529794621 ], [ -14.81188032, -43.714412602100005 ], [ -14.8390137791, -43.678234656600004 ] ] ] ] } },
{ "type": "Feature", "properties": { "STATE": "NEW ZALES", "County": "Belle Wood", "Longitude": -10.92, "Latitude": -30.67 }, "geometry": { "type": "MultiPolygon", "coordinates": [ [ [ [ -10.135069834526025, -31.425344008118685 ], [ -10.113663959431708, -31.434002727529197 ], [ -10.112511925972129, -31.436158965115311 ], [ -10.53479379844622, -31.376484926844462 ], [ -11.711169668820407, -31.210684509575103 ], [ -11.711061958139748, -31.207187239443599 ], [ -11.705310107599999, -31.208145881200004 ], [ -11.700438273, -30.862245619 ], [ -11.723164778799999, -29.975911893100005 ], [ -11.723171935058195, -29.97563279902166 ], [ -11.709380752638397, -29.976503198211411 ], [ -11.724493470199999, -29.924092928300006 ], [ -11.691378392099999, -29.928232313100004 ], [ -11.689718177324055, -29.928439839921616 ], [ -11.6872903532, -29.928743317900008 ], [ -10.278552655, -30.104835530200006 ], [ -10.116067934478542, -30.123934412996853 ], [ -10.14710349, -30.471492453200007 ], [ -10.14710349, -31.004039954283371 ], [ -10.14710349, -31.419327180400003 ], [ -10.135069834526025, -31.425344008118685 ] ] ] ] } },
{ "type": "Feature", "properties": { "STATE": "ORLAY", "County": "North Athers", "Longitude": -14.28, "Latitude": -37.17 }, "geometry": { "type": "MultiPolygon", "coordinates": [ [ [ [ -14.826389353419732, -37.207574150350197 ], [ -14.812917008099999, -37.183914069800004 ], [ -14.539638463602, -36.942950094132001 ], [ -14.539548104930491, -36.942800729736931 ], [ -14.539490910935328, -36.942706187106559 ], [ -14.539489336713128, -36.942703584890943 ], [ -14.539308650509163, -36.942404907574463 ], [ -14.539265256267505, -36.942333176167388 ], [ -14.539265132562903, -36.942332971681616 ], [ -14.539198217935709, -36.942222360684575 ], [ -14.538719272210049, -36.941430655390789 ], [ -14.538719272207402, -36.941430655386419 ], [ -14.538083795027363, -36.940380200981743 ], [ -14.536867672915871, -36.938369930796178 ], [ -14.535772345906999, -36.936559336936007 ], [ -14.531277846161185, -36.926956602019779 ], [ -14.522056346554983, -36.90725438347576 ], [ -14.203202297899999, -36.895750890100004 ], [ -14.098012975149075, -36.900285117445208 ], [ -14.098012975123911, -36.900285117446295 ], [ -13.708025811399999, -36.920349379300006 ], [ -14.081744278766383, -37.416802268028384 ], [ -14.108939880540253, -37.45292928941025 ], [ -14.1134377177, -37.458904279800002 ], [ -14.215956490987923, -37.500846873188536 ], [ -14.3451152386, -37.553688442200006 ], [ -14.824786650562407, -37.208726754131341 ], [ -14.826389353419732, -37.207574150350197 ] ] ] ] } },
{ "type": "Feature", "properties": { "STATE": "NORTH ORLE", "County": "New Ashford", "Longitude": -25.21, "Latitude": -32.14 }, "geometry": { "type": "MultiPolygon", "coordinates": [ [ [ [ -25.040414352600003, -31.897170498500003 ], [ -25.037076143599997, -31.901899628 ], [ -24.975706287900003, -31.998337972700007 ], [ -24.975706287900003, -32.136267034700005 ], [ -25.1228306207, -32.283391367500002 ], [ -25.196392787100002, -32.458101512800006 ], [ -25.380298203099997, -32.458101512800006 ], [ -25.361907661499998, -31.878799452300001 ], [ -25.040414352600003, -31.897170498500003 ] ] ] ] } },
{ "type": "Feature", "properties": { "STATE": "AURELIA", "County": "Falkenried", "Longitude": -24.47, "Latitude": -39.91 }, "geometry": { "type": "MultiPolygon", "coordinates": [ [ [ [ -24.812252124, -41.32593239 ], [ -24.808407566699998, -41.328265791900002 ], [ -24.808961554618818, -41.32833333615779 ], [ -24.812252124, -41.32593239 ] ] ], [ [ [ -24.814936576900003, -41.243388658800001 ], [ -24.809331419548478, -41.321183618353324 ], [ -24.816271058117508, -41.320305183091428 ], [ -25.939851828800002, -39.765649077600003 ], [ -25.944256125499997, -39.75955476 ], [ -24.755308356800001, -39.468923083200004 ], [ -24.802470565199997, -39.191845108800003 ], [ -24.886462097473682, -38.830386188440784 ], [ -24.628179322400001, -38.830567141300001 ], [ -24.388963434399997, -38.830567141300001 ], [ -24.091216580699999, -38.751167980300004 ], [ -24.093697763100003, -38.739589129200006 ], [ -24.094085614, -38.737779158 ], [ -24.095027700599999, -38.733382754 ], [ -24.094540635400001, -38.733228944 ], [ -24.081571287800003, -38.729133360500008 ], [ -23.883413326400003, -39.072607160300002 ], [ -23.883413326400003, -39.125110596500001 ], [ -23.883413326400003, -39.147626697400007 ], [ -23.883413326400003, -39.297186183300006 ], [ -23.579571118800001, -39.416080960200006 ], [ -23.201575679400001, -39.517494370800001 ], [ -23.037939357500001, -39.561396798600008 ], [ -23.169007455, -39.985440643400004 ], [ -23.262518380499998, -40.287975990600003 ], [ -23.2761553904, -40.287975990600003 ], [ -23.685255364900001, -40.287975990600003 ], [ -23.709282824100001, -40.288977134700005 ], [ -24.002308103200001, -40.301186521400005 ], [ -24.004247972099996, -40.302081845400004 ], [ -24.345781903099997, -40.459712890500008 ], [ -24.345080364, -40.461817507600003 ], [ -24.377205048500002, -40.474055482700003 ], [ -24.324094924400001, -40.597979105500002 ], [ -24.307619133400003, -40.911019134500002 ], [ -24.580534267799997, -40.950957934700007 ], [ -24.890602914399999, -40.969749973900001 ], [ -24.819789415700001, -41.235300594200005 ], [ -24.814936576900003, -41.243388658800001 ] ] ] ] } },
{ "type": "Feature", "properties": { "STATE": "NEW ZALES", "County": "New Addams", "Longitude": -5.83, "Latitude": -30.45 }, "geometry": { "type": "MultiPolygon", "coordinates": [ [ [ [ -5.415671571, -30.475794071900005 ], [ -5.422931351496197, -30.479321167725317 ], [ -5.7896857752, -30.657505342500002 ], [ -6.292287052672052, -30.479889981686142 ], [ -5.948502083331794, -30.294052448519658 ], [ -5.808206028531795, -30.194676076319659 ], [ -5.415671571, -30.475794071900005 ] ] ] ] } },
{ "type": "Feature", "properties": { "STATE": "AURELIA", "County": "Wittergau", "Longitude": -25.95, "Latitude": -38.72 }, "geometry": { "type": "MultiPolygon", "coordinates": [ [ [ [ -25.515314827, -38.007464480300001 ], [ -25.103043410600002, -38.650607889900002 ], [ -24.890602914399999, -38.809938262100005 ], [ -24.885842403799998, -38.830567141300001 ], [ -24.802470565199997, -39.191845108800003 ], [ -24.755308356800001, -39.468923083200004 ], [ -25.944256125499997, -39.75955476 ], [ -25.939851828800002, -39.765649077600003 ], [ -26.554720134900002, -39.730513745800003 ], [ -26.979601127400002, -37.747735780900001 ], [ -26.887543579099997, -37.742320631 ], [ -26.714050507099998, -37.783142530300005 ], [ -26.298906370700003, -37.545917309500005 ], [ -26.092962700101396, -37.425365056451568 ], [ -26.047875290035272, -37.46878256244117 ], [ -25.5456277778, -37.960176277200006 ], [ -25.524401602899999, -37.993289110100001 ], [ -25.515314827, -38.007464480300001 ] ] ] ] } },
{ "type": "Feature", "properties": { "STATE": "AURELIA", "County": "Lichtenhain", "Longitude": -23.61, "Latitude": -37.17 }, "geometry": { "type": "MultiPolygon", "coordinates": [ [ [ [ -22.6202600427, -38.702004200800005 ], [ -22.873268377599999, -38.509235945700006 ], [ -22.8794129883, -38.504554337500004 ], [ -23.047446212812599, -38.569130684783225 ], [ -23.490422503059012, -38.083644911033318 ], [ -23.3233222448, -38.070040394200007 ], [ -23.278398302299998, -38.056217642600004 ], [ -23.275728911199998, -38.055396291500003 ], [ -23.270261792900001, -37.987057313 ], [ -23.2524721001, -37.764686152700001 ], [ -23.249307849699999, -37.725133022500003 ], [ -24.222079075692982, -37.691458386401841 ], [ -24.766245223893719, -37.520041948737799 ], [ -24.169731375658785, -36.236589600631326 ], [ -23.646095271500002, -36.048390718600004 ], [ -23.283563970499998, -35.918106032300003 ], [ -23.275728911199998, -35.915290307800007 ], [ -23.222335299699999, -36.137240222500004 ], [ -22.975249706712734, -37.164341118823465 ], [ -22.822611568699998, -37.798836908200002 ], [ -22.712486905700001, -38.256610016900005 ], [ -22.697453191370702, -38.274769998623896 ], [ -22.621903419700001, -38.692691731400004 ], [ -22.606867579799999, -38.703718014 ], [ -22.6045963782, -38.713938421400002 ], [ -22.6202600427, -38.702004200800005 ] ] ] ] } },
{ "type": "Feature", "properties": { "STATE": "NORTH ORLE", "County": "Dunmoor", "Longitude": -26.76, "Latitude": -30.74 }, "geometry": { "type": "MultiPolygon", "coordinates": [ [ [ [ -26.564009682200002, -30.916206049 ], [ -27.097310941799996, -31.153228831 ], [ -27.097127368400002, -31.149006644100005 ], [ -27.075650876736333, -30.655047335616764 ], [ -27.067683094, -30.471788332600006 ], [ -26.208475509099998, -30.501416180400007 ], [ -26.256140444894498, -30.557025272164729 ], [ -26.563853839099998, -30.916024232100007 ], [ -26.564009682200002, -30.916206049 ] ] ] ] } },
{ "type": "Feature", "properties": { "STATE": "ORLAY", "County": "Cargette", "Longitude": -18.94, "Latitude": -38.4 }, "geometry": { "type": "MultiPolygon", "coordinates": [ [ [ [ -19.766983150841298, -38.013113069461703 ], [ -19.758925550302294, -38.011968273756324 ], [ -19.563349767734149, -37.984181550540555 ], [ -19.007289309207721, -37.905178425258818 ], [ -18.667922513299999, -37.864073623100005 ], [ -18.66668748657796, -37.856786909459053 ], [ -18.6462088402, -37.853877375 ], [ -18.222939455521782, -38.284952779019164 ], [ -18.072536004832962, -38.445963198175804 ], [ -18.42484138753445, -38.686063439861016 ], [ -19.154679019700001, -39.119488523 ], [ -19.776954083376246, -38.012722924816217 ], [ -19.766983150841298, -38.013113069461703 ] ] ] ] } },
{ "type": "Feature", "properties": { "STATE": "NEW ZALES", "County": "Hilltops", "Longitude": -6.78, "Latitude": -29.77 }, "geometry": { "type": "MultiPolygon", "coordinates": [ [ [ [ -6.8608743645, -29.752978826 ], [ -6.860016567019692, -29.711147166642654 ], [ -6.826881731799999, -29.676495402500002 ], [ -6.820897245871753, -29.664904016154487 ], [ -6.704866771718638, -29.56862600605303 ], [ -6.485429531399999, -29.723786000700002 ], [ -6.4911771561, -29.726598668 ], [ -6.4960211944, -29.723786000700002 ], [ -6.6138961533, -29.786652645400004 ], [ -6.809458242697036, -29.886343192588292 ], [ -6.834638240599999, -29.894675369 ], [ -7.015109549206827, -29.945920316079025 ], [ -7.0345665195, -29.887549405100003 ], [ -7.058869945745191, -29.806915856566533 ], [ -7.06657291013972, -29.792636319671921 ], [ -7.040527000945191, -29.793158647966536 ], [ -7.0087546752, -29.792643763300006 ], [ -6.8608743645, -29.792643763300006 ], [ -6.8608743645, -29.752978826 ] ] ] ] } },
{ "type": "Feature", "properties": { "STATE": "AURELIA", "County": "Vodersteinmark", "Longitude": -23.42, "Latitude": -38.69 }, "geometry": { "type": "MultiPolygon", "coordinates": [ [ [ [ -22.571460830500001, -39.624293497700002 ], [ -22.933153745399999, -39.562989613800006 ], [ -23.201575679400001, -39.517494370800001 ], [ -23.579571118800001, -39.416080960200006 ], [ -23.883413326400003, -39.297186183300006 ], [ -23.883413326400003, -39.147626697400007 ], [ -23.881510557299997, -39.128599006500004 ], [ -23.883413326400003, -39.125110596500001 ], [ -23.883413326400003, -39.072607160300002 ], [ -24.081571287800003, -38.729133360500008 ], [ -24.094540635400001, -38.733228944 ], [ -24.207412531186989, -38.192338580700799 ], [ -24.210315322200003, -37.733617438100005 ], [ -24.210315322200003, -37.699129097 ], [ -24.215119668199996, -37.697584842900007 ], [ -24.217874676299999, -37.676922282200003 ], [ -23.248018007267728, -37.726047516758946 ], [ -23.270261792900001, -37.987057313 ], [ -23.278398302299998, -38.056217642600004 ], [ -23.3233222448, -38.070040394200007 ], [ -23.4920363142, -38.0840999 ], [ -23.049451947, -38.562091016500005 ], [ -22.873268377599999, -38.509235945700006 ], [ -22.6045963782, -38.713938421400002 ], [ -22.536054081099998, -39.022378758400002 ], [ -22.482943957, -39.305632753300003 ], [ -22.501503878199998, -39.372448469500007 ], [ -22.564346156299997, -39.598680670800007 ], [ -22.571460830500001, -39.624293497700002 ] ] ] ] } },
{ "type": "Feature", "properties": { "STATE": "ORLAY", "County": "Orcrest", "Longitude": -16.46, "Latitude": -38.08 }, "geometry": { "type": "MultiPolygon", "coordinates": [ [ [ [ -15.96380896622243, -37.449491939210851 ], [ -15.9672446938, -37.452373936800001 ], [ -15.698711068796195, -38.066442700784179 ], [ -15.906395748509981, -38.204292565203723 ], [ -16.055536550831533, -38.280859235681859 ], [ -16.056913040200001, -38.279176905100002 ], [ -16.930117034345137, -38.729855852606448 ], [ -16.939710817177566, -38.719434941903863 ], [ -16.9416499218, -38.717328657400003 ], [ -17.183826339460666, -38.078301056795922 ], [ -17.205347132098865, -38.020426626061536 ], [ -16.718558675645099, -37.810656875948034 ], [ -16.59400266895636, -37.736121525172472 ], [ -15.995967157993924, -37.458020502449756 ], [ -15.992243652699999, -37.461500122900006 ], [ -15.974385083383648, -37.447984314110478 ], [ -15.9662187099, -37.444186752300006 ], [ -15.96380896622243, -37.449491939210851 ] ] ] ] } },
{ "type": "Feature", "properties": { "STATE": "NEW ZALES", "County": "Twiga", "Longitude": -9.37, "Latitude": -30.56 }, "geometry": { "type": "MultiPolygon", "coordinates": [ [ [ [ -9.175289838899999, -29.720216698200005 ], [ -9.129122112, -29.728056500900003 ], [ -9.107960032799999, -30.563958629900007 ], [ -9.107149131648171, -30.563918749515395 ], [ -9.107088833706564, -30.566277685287673 ], [ -8.7879502719, -30.548220444900004 ], [ -8.4625166167, -30.532215511100006 ], [ -8.46213266352297, -30.535991050695635 ], [ -8.468402638909733, -30.546170213079407 ], [ -8.460998263752431, -30.547145982114074 ], [ -8.4190035774, -30.960093730700002 ], [ -8.404062438066434, -31.107014934528159 ], [ -8.400070873299999, -31.146265321500003 ], [ -10.14710349, -31.004039954283371 ], [ -10.14710349, -30.471492453200007 ], [ -10.116067934478542, -30.123934412996853 ], [ -10.116072836393233, -30.123728532363579 ], [ -10.0763403261, -30.128348591700004 ], [ -9.572013393, -30.186991258300004 ], [ -9.675833583880673, -29.619761303452044 ], [ -9.569945133899999, -29.653199761300002 ], [ -9.175289838899999, -29.720216698200005 ] ], [ [ -8.4730976563, -30.542796550700004 ], [ -8.473074845399999, -30.542972521100005 ], [ -8.471912043, -30.542953141100007 ], [ -8.4730976563, -30.542796550700004 ] ] ] ] } },
{ "type": "Feature", "properties": { "STATE": "WESTVALE", "County": "Starlet City", "Longitude": -8.77, "Latitude": -38.81 }, "geometry": { "type": "MultiPolygon", "coordinates": [ [ [ [ -8.367281608499999, -38.338167404200007 ], [ -8.164259757514586, -38.402519033184667 ], [ -7.955110567799999, -38.507037785600005 ], [ -7.9801599062, -38.707288063700005 ], [ -8.16352715595, -38.831803811100002 ], [ -8.3754304314, -38.956817656700004 ], [ -8.515620068901486, -39.101988275948578 ], [ -8.515620069, -39.101988276 ], [ -8.6297641718, -39.103980668800006 ], [ -8.754155679514282, -39.147871136799608 ], [ -8.765362731919959, -39.148768176019708 ], [ -9.770533849442836, -39.116083472979135 ], [ -9.877710288477658, -39.053513653720337 ], [ -9.869387476255863, -39.049571930031398 ], [ -8.367281608499999, -38.338167404200007 ] ] ] ] } },
{ "type": "Feature", "properties": { "STATE": "NORTH ORLE", "County": "Norham", "Longitude": -24.87, "Latitude": -32.96 }, "geometry": { "type": "MultiPolygon", "coordinates": [ [ [ [ -24.905052083500003, -33.526246733900003 ], [ -24.908168335794024, -33.581216166460344 ], [ -24.923508340600002, -33.573584938300002 ], [ -25.132478608100001, -33.575311965300003 ], [ -25.132627047228979, -33.5707845718645 ], [ -25.128288555400275, -33.570731010236983 ], [ -25.144592709820429, -33.205831862693472 ], [ -25.168806974699997, -32.467296783600005 ], [ -25.025981729500003, -32.442457610500007 ], [ -24.969618817499999, -32.440203094 ], [ -24.969320952499999, -32.463138703400006 ], [ -24.790811703300001, -32.456983212100006 ], [ -24.790811703300001, -32.439917048 ], [ -24.579807233499999, -32.483876312500001 ], [ -24.557171853404974, -33.392370449600001 ], [ -24.734540063799997, -33.392370449600001 ], [ -24.9096160478, -33.392370449600001 ], [ -24.905052083500003, -33.526246733900003 ] ] ] ] } },
{ "type": "Feature", "properties": { "STATE": "WEST VILLE", "County": "Orlevigne", "Longitude": -15.31, "Latitude": -34.15 }, "geometry": { "type": "MultiPolygon", "coordinates": [ [ [ [ -15.211422037353497, -33.756753153117081 ], [ -15.074746493695445, -33.717930847188349 ], [ -14.187203805499999, -33.741076397300006 ], [ -14.317262521267809, -34.241532775764995 ], [ -14.460017594260043, -34.564503063520384 ], [ -16.34532756764731, -34.541978130258151 ], [ -16.360057126932759, -34.374096899308398 ], [ -16.415769303893462, -33.83029482662198 ], [ -16.40781185247846, -33.829808916693715 ], [ -15.211422037353497, -33.756753153117081 ] ] ] ] } },
{ "type": "Feature", "properties": { "STATE": "HAMPTON", "County": "Morintal", "Longitude": -9.07, "Latitude": -42.61 }, "geometry": { "type": "MultiPolygon", "coordinates": [ [ [ [ -10.252245512471125, -43.647304116385598 ], [ -10.257189024520482, -43.642695719955086 ], [ -10.257144330916679, -43.642734397771257 ], [ -10.257144329409183, -43.642734399075849 ], [ -10.257188980320482, -43.642695071655083 ], [ -10.233307394899999, -43.610475094 ], [ -10.192624562, -43.013793545400006 ], [ -9.8748048882, -42.735701330700003 ], [ -9.798062991, -42.659120743600006 ], [ -9.662213699, -42.602582356100001 ], [ -9.543895231600001, -42.553414993800004 ], [ -9.540212219299999, -42.546401354800004 ], [ -9.5080130005, -42.520323532900001 ], [ -9.512088440699999, -42.502446052800003 ], [ -9.441355423299999, -42.429411997400003 ], [ -9.2618688166, -42.324724570900003 ], [ -9.253261438599999, -42.317768907400001 ], [ -9.216095492399999, -42.289856977400007 ], [ -9.033907001199999, -42.153031928700003 ], [ -8.878277429099999, -42.071774636700006 ], [ -8.674162304799999, -41.880080033500008 ], [ -8.3915310751, -41.690678173600006 ], [ -7.9538678337, -41.604512825900002 ], [ -8.001594992399999, -42.243321608800002 ], [ -8.008360912300001, -42.379741473 ], [ -8.007412883299999, -42.380042046200003 ], [ -8.007614304400001, -42.384775440900007 ], [ -8.6698327528, -42.787011831800001 ], [ -9.207174949900001, -43.113397462600005 ], [ -9.462131252599999, -43.268259809400007 ], [ -10.1714197233, -43.718238516600003 ], [ -10.182116668534951, -43.708816911219387 ], [ -10.182117083001703, -43.708816546167306 ], [ -10.23610866850767, -43.661262090073727 ], [ -10.236733002218598, -43.660712192348633 ], [ -10.2368015993, -43.661701102500004 ], [ -10.252245512471125, -43.647304116385598 ] ] ] ] } },
{ "type": "Feature", "properties": { "STATE": "NEW ZALES", "County": "Shawnee Springs", "Longitude": -11.67, "Latitude": -29.49 }, "geometry": { "type": "MultiPolygon", "coordinates": [ [ [ [ -10.116072836393233, -30.123728532363579 ], [ -10.278552655, -30.104835530200006 ], [ -11.6872903532, -29.928743317900008 ], [ -11.689718177324055, -29.928439839921616 ], [ -11.691378392099999, -29.928232313100004 ], [ -11.724493470199999, -29.924092928300006 ], [ -11.709380752638397, -29.976503198211411 ], [ -11.723171935058195, -29.97563279902166 ], [ -13.878163623175894, -29.839625387752079 ], [ -13.893974156789277, -29.838627541793137 ], [ -13.923280951984452, -29.836777909904029 ], [ -13.92288114000738, -29.824553381188935 ], [ -13.898819899899999, -29.088864263600001 ], [ -13.898819899899999, -28.987517627500004 ], [ -9.6213068299, -28.987517627500004 ], [ -9.588444538599999, -28.987517627500004 ], [ -9.606166464194622, -29.009717449643134 ], [ -9.654169121100001, -29.003948773200001 ], [ -9.643272677199999, -29.036638105 ], [ -9.6213068299, -29.102535646900002 ], [ -9.628890435599999, -29.112647121200006 ], [ -9.645400433307335, -29.120923545704137 ], [ -9.7198937036, -29.233984811900001 ], [ -9.721706857413233, -29.236953397240342 ], [ -9.713918741600001, -29.305684356500002 ], [ -9.712368469125618, -29.324287626162935 ], [ -9.703462558, -29.431158559500005 ], [ -9.6870314124, -29.579038870100007 ], [ -9.6795491509, -29.618587966500002 ], [ -9.675833583880673, -29.619761303452044 ], [ -9.572013393, -30.186991258300004 ], [ -10.0763403261, -30.128348591700004 ], [ -10.116072836393233, -30.123728532363579 ] ] ] ] } },
{ "type": "Feature", "properties": { "STATE": "NOVA", "County": "San Atlantica", "Longitude": -16.62, "Latitude": -45.55 }, "geometry": { "type": "MultiPolygon", "coordinates": [ [ [ [ -17.1283993887, -45.601318568700002 ], [ -17.1294727782, -45.592015860100005 ], [ -17.125401222699999, -45.593373045300005 ], [ -17.136271880399999, -45.533090307100004 ], [ -17.172114081380773, -45.138017052615652 ], [ -16.197448661799999, -45.190705116 ], [ -16.197382574100001, -45.189229159 ], [ -16.191836112530822, -45.189133344206098 ], [ -16.170451563194575, -45.188763927387491 ], [ -16.222783056799997, -45.756506605400006 ], [ -16.229090006656509, -46.23138788407698 ], [ -17.1283993887, -45.601318568700002 ] ] ] ] } },
{ "type": "Feature", "properties": { "STATE": "BAYBAR", "County": "San Bravado", "Longitude": -11.51, "Latitude": -45.03 }, "geometry": { "type": "MultiPolygon", "coordinates": [ [ [ [ -10.341741583299999, -45.265463153100001 ], [ -12.382026085106068, -45.524302346312844 ], [ -12.372385404, -45.535495576100004 ], [ -12.33728033898414, -45.798783563515819 ], [ -12.329180216299999, -45.859534483600001 ], [ -12.533663777299999, -45.672091219400002 ], [ -12.782834686899999, -45.409077481500006 ], [ -12.805230634099999, -45.423154934 ], [ -12.980882127003088, -45.515014273467507 ], [ -12.980845286006526, -45.514985860953814 ], [ -12.320834568914096, -45.005972389937412 ], [ -12.281993654625813, -44.976017499679834 ], [ -12.065390802483279, -44.844064038047307 ], [ -11.979027277527333, -44.791451775724809 ], [ -11.775340740426568, -44.66736687382933 ], [ -11.017477368725814, -44.205679992279833 ], [ -11.006399738703927, -44.214771731034915 ], [ -10.959932862900001, -44.252908471 ], [ -10.931300342354369, -44.299806565002839 ], [ -10.647123457099999, -44.765268704700006 ], [ -10.6746076424, -44.782064595700007 ], [ -10.347028897774624, -45.223516126061675 ], [ -10.329566013132506, -45.244540351337712 ], [ -10.341741583299999, -45.265463153100001 ] ] ] ] } },
{ "type": "Feature", "properties": { "STATE": "HARMINGTON", "County": "North Argenvale", "Longitude": -26.49, "Latitude": -30.33 }, "geometry": { "type": "MultiPolygon", "coordinates": [ [ [ [ -25.373903052, -30.451500404700006 ], [ -25.378468822340309, -30.452046518834273 ], [ -25.706015270527715, -30.491224517649435 ], [ -26.193833889799997, -30.501231053400005 ], [ -26.240137053372749, -30.555111098289395 ], [ -26.256140444894498, -30.557025272164729 ], [ -26.208475509099998, -30.501416180400007 ], [ -27.067683094, -30.471788332600006 ], [ -27.075650876736333, -30.655047335616764 ], [ -27.238710080069204, -30.674550930634602 ], [ -26.983347007631593, -29.99251367111674 ], [ -26.982751837259919, -29.991051266264755 ], [ -26.982407945700032, -29.990206283534299 ], [ -26.981772910120455, -29.990446498765273 ], [ -26.980778488826715, -29.990822659012736 ], [ -26.917791473851182, -30.01464878913427 ], [ -26.87945234144388, -30.019268186189386 ], [ -25.629696152098056, -30.357422406509635 ], [ -25.373903052, -30.451500404700006 ] ] ] ] } },
{ "type": "Feature", "properties": { "STATE": "NEW CALIPHATE", "County": "Arlenton", "Longitude": -2.79, "Latitude": -43.13 }, "geometry": { "type": "MultiPolygon", "coordinates": [ [ [ [ -2.8639526428, -42.981819455100002 ], [ -2.7776681069, -42.902725297300002 ], [ -2.5835279013, -42.989009833100006 ], [ -2.5044337434, -43.046532857 ], [ -2.5907182792, -43.104055880900006 ], [ -2.4397203415, -43.291005708600004 ], [ -2.6122894132, -43.219101928700006 ], [ -2.6554316811, -43.326957598500002 ], [ -2.8495718868, -43.362909488500001 ], [ -3.0077602025, -43.240673062700004 ], [ -3.086854360399999, -42.989009833100006 ], [ -2.8639526428, -42.981819455100002 ] ] ] ] } },
{ "type": "Feature", "properties": { "STATE": "ORVILLE", "County": "Marcliff", "Longitude": -19.24, "Latitude": -31.73 }, "geometry": { "type": "MultiPolygon", "coordinates": [ [ [ [ -19.306349777093537, -31.006175886181985 ], [ -19.301109351818081, -31.082027470737209 ], [ -18.574190134062253, -31.117950804172814 ], [ -18.572016548798914, -31.222621015978028 ], [ -18.571154966800002, -32.387643289900005 ], [ -18.547832360723916, -32.387297344749634 ], [ -18.547217714600002, -32.417157364370098 ], [ -19.853472374736803, -32.423913110949343 ], [ -19.919735963174197, -30.99349236378918 ], [ -19.8748870322, -31.001169104700004 ], [ -19.323072783129298, -31.00533069134093 ], [ -19.306349777093537, -31.006175886181985 ] ] ] ] } },
{ "type": "Feature", "properties": { "STATE": "BAYBAR", "County": "Solterra", "Longitude": -9.98, "Latitude": -43.94 }, "geometry": { "type": "MultiPolygon", "coordinates": [ [ [ [ -11.017477368725814, -44.205679992279833 ], [ -11.006399738703925, -44.214771731034915 ], [ -11.006399738703927, -44.214771731034915 ], [ -11.017477368725814, -44.205679992279833 ] ] ], [ [ [ -10.236801599250995, -43.661701102510108 ], [ -10.182117083001703, -43.708816546167306 ], [ -10.182116668534951, -43.708816911219387 ], [ -10.1714197233, -43.718238516600003 ], [ -9.462131252599999, -43.268259809400007 ], [ -9.207174949900001, -43.113397462600005 ], [ -8.811533791900001, -43.756748785300005 ], [ -8.810941379499999, -43.757435983700006 ], [ -8.805457193799999, -43.763797639100005 ], [ -8.802880742799999, -43.767969035900002 ], [ -9.191773166699999, -43.779407048400003 ], [ -9.4492302105, -43.794260339400005 ], [ -9.576197950599999, -43.965178451 ], [ -9.7727596129, -44.272306048400004 ], [ -10.402868781900001, -44.616001958700004 ], [ -10.647123457108659, -44.765268704685823 ], [ -10.931300342354369, -44.299806565002839 ], [ -10.959932862900001, -44.252908471 ], [ -11.006399738703925, -44.214771731034915 ], [ -10.294478851341397, -43.608984138390383 ], [ -10.294074149286562, -43.608639769391118 ], [ -10.287588371550278, -43.614648651705366 ], [ -10.26240711245276, -43.637978347632988 ], [ -10.253322315127839, -43.646395145154258 ], [ -10.252245512471125, -43.647304116385598 ], [ -10.2368015993, -43.661701102500004 ], [ -10.236733002218598, -43.660712192348633 ], [ -10.236733002214827, -43.660712192351959 ], [ -10.236801599250995, -43.661701102510108 ] ] ], [ [ [ -10.293270288088893, -43.60814649092891 ], [ -10.293270288088891, -43.60814649092891 ], [ -10.287588371550278, -43.614648651705366 ], [ -10.293270288088893, -43.60814649092891 ] ] ] ] } },
{ "type": "Feature", "properties": { "STATE": "ORLAVIA", "County": "Dravenholt", "Longitude": -13.11, "Latitude": -39.74 }, "geometry": { "type": "MultiPolygon", "coordinates": [ [ [ [ -14.09147337205976, -39.535082158089175 ], [ -14.066148619253966, -39.521643848798611 ], [ -13.869261353659031, -39.417167726534863 ], [ -13.4404683752, -39.189633317400002 ], [ -13.427619491113948, -39.1954382896608 ], [ -12.611120436681665, -39.564322803693571 ], [ -12.611163675105573, -39.564359467809844 ], [ -12.609432545961507, -39.565085372547344 ], [ -11.815688659609751, -39.923689373610074 ], [ -11.787215150939732, -39.943883674616622 ], [ -12.047870388089954, -39.985680839345548 ], [ -12.916409363712273, -40.132847341678406 ], [ -12.9319506733503, -40.134792665100193 ], [ -12.945282987302878, -40.136461486017005 ], [ -13.432863138289083, -40.197492448645249 ], [ -14.108699611817919, -39.566363199957173 ], [ -14.1049856925, -39.559081071300007 ], [ -14.094196604, -39.536527212 ], [ -14.09147337205976, -39.535082158089175 ] ] ] ] } },
{ "type": "Feature", "properties": { "STATE": "NOVA", "County": "Moriette", "Longitude": -15.77, "Latitude": -44.26 }, "geometry": { "type": "MultiPolygon", "coordinates": [ [ [ [ -15.41141218786159, -45.163919392118402 ], [ -15.411412187866549, -45.16391939212491 ], [ -15.420467472193099, -45.175807996797246 ], [ -16.170451563194575, -45.188763927387491 ], [ -16.169919887380772, -45.182995793715655 ], [ -16.191836112530822, -45.189133344206098 ], [ -16.197382574100001, -45.189229159 ], [ -16.197448661799999, -45.190705116 ], [ -17.172114081380773, -45.138017052615652 ], [ -17.24262173, -44.952436204500003 ], [ -17.245765162537495, -44.948688232061848 ], [ -17.201195749640405, -44.941136352120225 ], [ -17.250499954600002, -44.685564324900007 ], [ -16.998768275128675, -44.625628210735911 ], [ -16.969073040600001, -44.618557916800007 ], [ -16.902066632500002, -44.558996665200006 ], [ -16.853673115599999, -44.471888334600003 ], [ -16.6804761173, -44.548864778300008 ], [ -16.578946842400001, -44.578726329800006 ], [ -16.166857432699999, -44.090324066400001 ], [ -16.029494296099998, -43.678234656600004 ], [ -15.876868588799999, -43.647709515200006 ], [ -15.9291974027, -43.399147649 ], [ -16.104159039563434, -43.066151621775433 ], [ -16.006433116926935, -43.074147613376255 ], [ -16.006433116926921, -43.074147613376255 ], [ -16.006399125882684, -43.074151758991533 ], [ -15.889364718317097, -43.083726217565932 ], [ -15.88580122766796, -43.083867968868418 ], [ -14.710264086282013, -43.130629399533483 ], [ -14.665148201886362, -43.121097317366726 ], [ -14.665133222543682, -43.121436885836481 ], [ -14.78589588612372, -43.337249667945329 ], [ -14.825882169169311, -43.546918557509791 ], [ -14.8378690863, -43.666787728600006 ], [ -14.8390137791, -43.678234656600004 ], [ -14.81188032, -43.714412602100005 ], [ -14.822268676612229, -43.731726529794621 ], [ -14.963703359822963, -43.950823506054199 ], [ -15.002150502322964, -44.014902076754197 ], [ -14.943085889611591, -44.099901968527767 ], [ -14.825081032312065, -44.381475278984169 ], [ -14.8188612585, -44.396316382500004 ], [ -14.818901864453025, -44.39637903168466 ], [ -14.818903112918791, -44.396377263024824 ], [ -15.41063667912492, -45.162994304865862 ], [ -15.410533020172728, -45.1630107960628 ], [ -15.41141218786159, -45.163919392118402 ] ] ] ] } },
{ "type": "Feature", "properties": { "STATE": "ORLAY", "County": "Orwellin", "Longitude": -18.48, "Latitude": -39.12 }, "geometry": { "type": "MultiPolygon", "coordinates": [ [ [ [ -18.053775071600001, -38.433177402600002 ], [ -18.046183143475382, -38.451236642306682 ], [ -17.878148444945971, -38.85094786848947 ], [ -17.786234241799999, -39.115215907200003 ], [ -17.784305968240545, -39.135762364121902 ], [ -17.979233616238311, -39.230166100358076 ], [ -17.980080015886045, -39.229266696591033 ], [ -18.980293505792339, -39.774295070265268 ], [ -18.99824198253345, -39.752323659080879 ], [ -19.013814430700002, -39.733260834600003 ], [ -19.12789546289255, -39.227836112061851 ], [ -19.137597830899999, -39.162174087800004 ], [ -19.143925897857329, -39.162970951743475 ], [ -19.143933606417214, -39.162956970116007 ], [ -19.154679019700001, -39.119488523 ], [ -18.42484138753445, -38.686063439861016 ], [ -18.072536004832962, -38.445963198175804 ], [ -18.053775071600001, -38.433177402600002 ] ] ] ] } },
{ "type": "Feature", "properties": { "STATE": "AQUALAND", "County": "Crestwood", "Longitude": -20.26, "Latitude": -43.54 }, "geometry": { "type": "MultiPolygon", "coordinates": [ [ [ [ -19.7300358213, -44.064251379200002 ], [ -20.105396138700002, -44.028502777600004 ], [ -20.202162248579398, -44.174848793014071 ], [ -20.798602473300001, -43.800843001 ], [ -20.661343844800001, -43.453121142100002 ], [ -20.5633069123, -43.204760912900007 ], [ -20.469188687799999, -42.922406239600001 ], [ -20.4744194982, -42.907759970500003 ], [ -20.383450892891382, -42.74543931128219 ], [ -20.317762124938611, -42.599393712898298 ], [ -19.728417666983862, -43.862365050280076 ], [ -19.729324839096019, -43.910814065560118 ], [ -19.7300358213, -43.948068423800002 ], [ -19.730947759675754, -44.036101336299566 ], [ -19.730035940163766, -44.064247710070326 ], [ -19.7300358213, -44.064251379200002 ] ] ] ] } },
{ "type": "Feature", "properties": { "STATE": "ORLAY", "County": "Clayton", "Longitude": -18.17, "Latitude": -36.28 }, "geometry": { "type": "MultiPolygon", "coordinates": [ [ [ [ -18.690457740565471, -36.424727330566611 ], [ -18.492293550232109, -36.386794440873238 ], [ -18.4897027145743, -36.377235276570282 ], [ -18.489327847140714, -36.375852163218944 ], [ -18.488896749960325, -36.374261584223525 ], [ -18.488300927513372, -36.372063233799935 ], [ -18.37583414230059, -35.957105042517775 ], [ -18.371961692071743, -35.942817224654462 ], [ -18.370698239661266, -35.93808391689673 ], [ -18.366766798348962, -35.923355446312286 ], [ -18.20001932486301, -35.89891645794183 ], [ -17.958831285372568, -35.863567246532654 ], [ -17.714486241323165, -35.827755335472986 ], [ -17.9545616007, -36.569696184600005 ], [ -18.375820567477753, -36.757153366462134 ], [ -18.402071141900002, -36.768834681500003 ], [ -18.409998297830654, -36.758136465499192 ], [ -18.690457740565471, -36.424727330566611 ] ] ] ] } },
{ "type": "Feature", "properties": { "STATE": "FLORENTIA", "County": "Hollyvale", "Longitude": -22.95, "Latitude": -31.97 }, "geometry": { "type": "MultiPolygon", "coordinates": [ [ [ [ -23.571870675474276, -32.166669656201755 ], [ -23.572719186864553, -32.166473196479657 ], [ -23.589195980100001, -32.162658249200007 ], [ -23.611143737569023, -31.730768521117177 ], [ -23.6124262284, -31.705531563900003 ], [ -23.57410798500619, -31.730122059650533 ], [ -23.566154692399998, -31.735226036 ], [ -23.498110516783907, -31.728795518906303 ], [ -23.215562314577852, -31.702093291601308 ], [ -23.202798434134614, -31.700887040652873 ], [ -23.170279842900001, -31.697813870100006 ], [ -22.348199346635962, -31.822431399771119 ], [ -22.189350515446698, -31.819814965383763 ], [ -22.236773595990751, -32.061852366181931 ], [ -22.2156869053, -32.214938920900003 ], [ -22.234106562385875, -32.21464661871314 ], [ -22.246197501303737, -32.214454747177719 ], [ -22.2469781416, -32.169731894400002 ], [ -23.009299496, -32.183038263100002 ], [ -23.008121035105319, -32.202363755791993 ], [ -23.570340834688025, -32.193441869996285 ], [ -23.588663725300002, -32.193151103400005 ], [ -23.570789909536487, -32.188349708670373 ], [ -23.570634205413519, -32.188307882293437 ], [ -23.527944144399999, -32.176840166800005 ], [ -23.571870675474276, -32.166669656201755 ] ] ] ] } },
{ "type": "Feature", "properties": { "STATE": "AURELIA", "County": "Oakstein", "Longitude": -26.57, "Latitude": -36.93 }, "geometry": { "type": "MultiPolygon", "coordinates": [ [ [ [ -26.714050507099998, -37.783142530300005 ], [ -26.887543579099997, -37.742320631 ], [ -27.015007876799999, -37.712329031500005 ], [ -27.050414626200002, -37.252041289700003 ], [ -26.911118962526039, -36.033204232577425 ], [ -26.910995747737815, -36.032126103180516 ], [ -26.908787628699997, -36.012805061600005 ], [ -26.905757183360187, -36.013856440601522 ], [ -26.905730781300001, -36.013865600500004 ], [ -26.908787628699997, -36.030508436300003 ], [ -26.6432370084, -36.136728684400005 ], [ -26.476546515243875, -36.206631149292505 ], [ -26.0944323931, -36.366872555400008 ], [ -26.082822060061261, -36.35194498434263 ], [ -26.050616540699998, -36.310537888 ], [ -26.046806961608262, -36.311859578728722 ], [ -26.041322269, -36.313762431300006 ], [ -26.0944323931, -37.429075036600004 ], [ -26.298906370700003, -37.545917309500005 ], [ -26.714050507099998, -37.783142530300005 ] ] ] ] } },
{ "type": "Feature", "properties": { "STATE": "ORLAY", "County": "North Couries", "Longitude": -15.35, "Latitude": -36.21 }, "geometry": { "type": "MultiPolygon", "coordinates": [ [ [ [ -15.722745526985722, -36.43262693275171 ], [ -15.723181484021115, -36.428399215456921 ], [ -15.723251268674709, -36.427722474945902 ], [ -15.726441854626875, -36.396781592438089 ], [ -15.724168782967674, -36.41882482969725 ], [ -15.726441854626891, -36.396781592438096 ], [ -15.755196997759143, -35.931913685705851 ], [ -15.820231953, -35.874185068400003 ], [ -15.805524149024979, -35.867575554095247 ], [ -15.6309133266, -35.796339326100004 ], [ -15.4209103101, -35.713379553 ], [ -14.817873219439644, -36.11473036167061 ], [ -14.749551842300001, -36.161591089700003 ], [ -14.782672419660997, -36.217977063100612 ], [ -15.024197453840584, -36.555247667792351 ], [ -15.070367138190436, -36.528630514531564 ], [ -15.097319510935604, -36.52508399449556 ], [ -15.396543052498441, -36.665067113611329 ], [ -15.698216966927994, -36.65577486750626 ], [ -15.699830720518342, -36.654844527018895 ], [ -15.722745526985722, -36.43262693275171 ] ] ] ] } },
{ "type": "Feature", "properties": { "STATE": "AUSTINAS", "County": "Thaleburg", "Longitude": -11.93, "Latitude": -39.55 }, "geometry": { "type": "MultiPolygon", "coordinates": [ [ [ [ -12.542424825933489, -39.506072210068247 ], [ -12.092805904199999, -39.129386382700005 ], [ -11.194615757106199, -39.638716703516316 ], [ -11.217825792099999, -39.648688053 ], [ -11.427150325992939, -39.746752784793252 ], [ -11.815688659609751, -39.923689373610074 ], [ -12.609432545961507, -39.565085372547344 ], [ -12.611120436681665, -39.564322803693571 ], [ -12.542424825933489, -39.506072210068247 ] ] ] ] } },
{ "type": "Feature", "properties": { "STATE": "BAYBAR", "County": "North Howard", "Longitude": -6.0, "Latitude": -42.43 }, "geometry": { "type": "MultiPolygon", "coordinates": [ [ [ [ -6.293673095656453, -42.660430629800004 ], [ -6.303455943830587, -42.596235997242054 ], [ -6.328626889696984, -42.586787568399536 ], [ -6.307967500736724, -42.530090004384768 ], [ -6.077385179930101, -42.182945946961951 ], [ -6.077385179930078, -42.182945946961958 ], [ -6.077385179930067, -42.182945946961958 ], [ -6.077385179929807, -42.182945946961993 ], [ -5.581743519226343, -42.252350576800005 ], [ -6.0248638994, -42.704073741200006 ], [ -6.079655112053862, -42.670356071862663 ], [ -6.0957839554, -42.660430629800004 ], [ -6.293673095656453, -42.660430629800004 ] ] ] ] } },
{ "type": "Feature", "properties": { "STATE": "NEW ZALES", "County": "Oakridge", "Longitude": -6.53, "Latitude": -29.94 }, "geometry": { "type": "MultiPolygon", "coordinates": [ [ [ [ -6.809458242697036, -29.886343192588292 ], [ -6.6138961533, -29.786652645400004 ], [ -6.4960211944, -29.723786000700002 ], [ -6.4911771561, -29.726598668 ], [ -6.1676796422, -29.914435934200007 ], [ -6.3722456293, -30.099519446300008 ], [ -6.398361665167272, -30.089073031975808 ], [ -6.453377283685228, -30.067066784616465 ], [ -6.462488165257442, -30.063422431995498 ], [ -6.4642462055, -30.062719215900003 ], [ -6.469702261680289, -30.060815322788095 ], [ -6.467680630899999, -30.066310943100007 ], [ -6.481481765666844, -30.057528402789195 ], [ -6.494746272, -30.049087353300003 ], [ -6.502840957320239, -30.043344830371524 ], [ -6.505893975367344, -30.041178961601716 ], [ -6.5066128574, -30.041535889900004 ], [ -6.577957144058663, -30.07060208076669 ], [ -6.7823179409, -30.153860183200003 ], [ -6.783048916899999, -30.144357495 ], [ -6.7828980592, -30.144077330600005 ], [ -6.7831394315, -30.143180804700002 ], [ -6.7925877577, -30.020352564 ], [ -6.803344915399999, -30.023579711300002 ], [ -6.8033530545, -30.023477972700007 ], [ -6.8137710837, -29.893252608300003 ], [ -6.809458242697036, -29.886343192588292 ] ] ] ] } },
{ "type": "Feature", "properties": { "STATE": "WEST VILLE", "County": "Aurenois", "Longitude": -15.68, "Latitude": -34.82 }, "geometry": { "type": "MultiPolygon", "coordinates": [ [ [ [ -16.276018741759607, -35.323921543627954 ], [ -16.361727589799997, -34.549383337900004 ], [ -16.379992203436487, -34.55067775928638 ], [ -16.3810743921, -34.542602093400006 ], [ -16.34532756764731, -34.541978130258151 ], [ -14.460017594260043, -34.564503063520384 ], [ -14.448566511500001, -34.564639876499996 ], [ -15.366141300199999, -34.984845973700004 ], [ -15.35553246003651, -34.993276303640904 ], [ -16.276018741759607, -35.323921543627954 ] ] ] ] } },
{ "type": "Feature", "properties": { "STATE": "NEW ZALES", "County": "Stone Haven", "Longitude": -5.85, "Latitude": -31.65 }, "geometry": { "type": "MultiPolygon", "coordinates": [ [ [ [ -5.272575879143062, -31.307881834341124 ], [ -5.076184931382993, -31.233689698555452 ], [ -5.076522894238788, -31.223820570924786 ], [ -5.076561744903987, -31.223245672520825 ], [ -4.684846825699999, -31.074957524517778 ], [ -4.683317988971646, -31.074378765946349 ], [ -4.721001513459924, -31.448997332918061 ], [ -4.944303641075853, -31.558195953060803 ], [ -6.548784305854742, -32.34281487501265 ], [ -6.549522940156436, -32.333505954724785 ], [ -6.633810762097008, -31.271236555805146 ], [ -6.634772646151334, -31.259114045427076 ], [ -6.5031945689, -31.286256473700007 ], [ -5.775227625405179, -31.384239274243548 ], [ -5.553170687887226, -31.414127665210415 ], [ -5.272575879143062, -31.307881834341124 ] ] ] ] } },
{ "type": "Feature", "properties": { "STATE": "ORLAY", "County": "Orlinton", "Longitude": -20.23, "Latitude": -39.02 }, "geometry": { "type": "MultiPolygon", "coordinates": [ [ [ [ -19.6434218106, -39.201536718900002 ], [ -19.636254301545598, -39.217615950777365 ], [ -19.494012818825887, -39.536713389772004 ], [ -19.4875592434, -39.551191018600001 ], [ -20.319467522034167, -39.103646443056036 ], [ -21.0260274197, -38.723535969800004 ], [ -21.012587690405031, -38.71934639545217 ], [ -20.990031817230541, -38.712315040461995 ], [ -20.6667978242, -38.611553126600008 ], [ -19.6434218106, -39.201536718900002 ] ] ] ] } },
{ "type": "Feature", "properties": { "STATE": "AUSTINAS", "County": "New Alcroft", "Longitude": -12.17, "Latitude": -38.69 }, "geometry": { "type": "MultiPolygon", "coordinates": [ [ [ [ -12.679482996499999, -38.744194303700006 ], [ -12.684270846482985, -38.739150804607178 ], [ -12.781937225335405, -38.63626949151412 ], [ -12.784403366199999, -38.633671670100007 ], [ -12.5810977917, -38.480317590900007 ], [ -12.220323674608387, -38.227043463261452 ], [ -12.187627673348761, -38.204089900896562 ], [ -11.55785491497786, -38.831559802792874 ], [ -12.092805904199999, -39.129386382700005 ], [ -12.679482996499999, -38.744194303700006 ] ] ] ] } },
{ "type": "Feature", "properties": { "STATE": "ORLAY", "County": "Ravenspire", "Longitude": -20.69, "Latitude": -37.57 }, "geometry": { "type": "MultiPolygon", "coordinates": [ [ [ [ -20.347011233112575, -37.990417614474183 ], [ -20.350406541006286, -37.990162911087097 ], [ -21.044216697586755, -37.925708510012221 ], [ -21.097902386127409, -37.198907496291291 ], [ -21.100198946349252, -37.170986601399512 ], [ -20.271451119181698, -37.223938964279455 ], [ -20.347011233112575, -37.990417614474183 ] ] ] ] } },
{ "type": "Feature", "properties": { "STATE": "ORVILLE", "County": "Silvernor", "Longitude": -17.67, "Latitude": -31.86 }, "geometry": { "type": "MultiPolygon", "coordinates": [ [ [ [ -18.572097534543726, -31.113112928881776 ], [ -18.440956766276322, -31.107282314582726 ], [ -17.611814458886034, -31.365647872829449 ], [ -16.571338493308659, -31.699363586413561 ], [ -16.51060688877115, -32.354653674210169 ], [ -16.510382411633032, -32.357075768022213 ], [ -16.540860679634431, -32.357527853392618 ], [ -18.50891767412498, -32.386720121644153 ], [ -18.547832360723916, -32.387297344749634 ], [ -18.571154966800002, -32.387643289900005 ], [ -18.572016548798914, -31.222621015978028 ], [ -18.572097534543726, -31.113112928881776 ] ] ] ] } },
{ "type": "Feature", "properties": { "STATE": "AUSTINAS", "County": "Orvalen", "Longitude": -13.36, "Latitude": -38.79 }, "geometry": { "type": "MultiPolygon", "coordinates": [ [ [ [ -13.796715369762044, -38.849921725342604 ], [ -13.795568659099999, -38.844074059900002 ], [ -13.811164365955124, -38.834701219396294 ], [ -13.875050262199998, -38.796306530300001 ], [ -13.895907064399999, -38.727853746600005 ], [ -13.888707883009417, -38.70088324822602 ], [ -13.8774519353, -38.658714770600007 ], [ -13.876089844442941, -38.657102150360124 ], [ -13.7426049448, -38.499065372 ], [ -13.724902819748145, -38.501181015053568 ], [ -13.332648988083065, -38.532022301155926 ], [ -13.0529306651, -38.585336834900005 ], [ -12.906540211, -38.523795716700008 ], [ -12.7865458399, -38.639672933800007 ], [ -12.781937225335405, -38.63626949151412 ], [ -12.684270846482985, -38.739150804607178 ], [ -12.9581315406, -38.947428267300005 ], [ -13.086753058, -38.900518478100004 ], [ -13.11380742775088, -38.927568045183484 ], [ -13.1283271068, -38.920622267100001 ], [ -13.273404551184353, -39.087136837079072 ], [ -13.420363676600001, -39.191795456400001 ], [ -13.8226509345, -38.982180463900001 ], [ -13.796715369762044, -38.849921725342604 ] ] ] ] } },
{ "type": "Feature", "properties": { "STATE": "NOVA", "County": "Margartia", "Longitude": -15.86, "Latitude": -45.72 }, "geometry": { "type": "MultiPolygon", "coordinates": [ [ [ [ -15.753309860762968, -45.766613363902053 ], [ -15.754768022899999, -45.769206846800003 ], [ -15.713747190494605, -45.788139538682593 ], [ -15.556354603399999, -45.860782271200002 ], [ -15.486047305330374, -45.912031770736384 ], [ -15.446039938585789, -45.94119456862115 ], [ -15.44049495462189, -45.936816949703427 ], [ -15.244825236626189, -45.782340856589371 ], [ -15.188328565373752, -45.73885851643027 ], [ -15.504564941475028, -46.20636810387002 ], [ -16.23835062763154, -46.22593459004699 ], [ -16.222783056799997, -45.756506605400006 ], [ -16.170583012705855, -45.190190018874915 ], [ -15.420467472193099, -45.175807996797246 ], [ -15.42084547343371, -45.176118206400247 ], [ -15.423001699226532, -45.179128237081628 ], [ -15.753309860762968, -45.766613363902053 ] ] ], [ [ [ -16.170451563194575, -45.188763927387491 ], [ -16.170583012705855, -45.190190018874915 ], [ -16.197448661799999, -45.190705116 ], [ -16.191836112530822, -45.189133344206098 ], [ -16.169919887380772, -45.182995793715655 ], [ -16.170451563194575, -45.188763927387491 ] ] ], [ [ [ -15.420467472193099, -45.175807996797246 ], [ -15.413258840112395, -45.166640124536244 ], [ -15.41141218786159, -45.163919392118402 ], [ -15.412868579420429, -45.166245401011253 ], [ -15.420467472193099, -45.175807996797246 ] ] ] ] } },
{ "type": "Feature", "properties": { "STATE": "NEW CALIPHATE", "County": "Ardellin", "Longitude": -1.87, "Latitude": -42.75 }, "geometry": { "type": "MultiPolygon", "coordinates": [ [ [ [ -1.936905424, -42.613031224600007 ], [ -1.834211660399999, -42.492477676100002 ], [ -1.812025032499999, -42.466432504200007 ], [ -1.8087850493, -42.468494311700006 ], [ -1.779617239899999, -42.428388573700005 ], [ -1.7316986958, -42.372136369700002 ], [ -1.4618964583, -42.776839725900004 ], [ -1.664248136399999, -43.075549346 ], [ -2.5874804763, -42.642195390500007 ], [ -2.6085559676, -42.632302813 ], [ -2.3194821417, -42.632302813 ], [ -2.088223081, -42.709389166600005 ], [ -2.0793285017, -42.685670288500006 ], [ -2.0593156984, -42.632302813 ], [ -1.9533219623, -42.632302813 ], [ -1.936905424, -42.613031224600007 ] ] ] ] } },
{ "type": "Feature", "properties": { "STATE": "WEST NOKRAS", "County": "Glowham", "Longitude": -2.36, "Latitude": -39.73 }, "geometry": { "type": "MultiPolygon", "coordinates": [ [ [ [ -1.7231819514, -39.516189354500007 ], [ -1.7231819514, -39.699736438600006 ], [ -1.7408799267, -40.155459301800008 ], [ -2.8168264754, -40.305274644 ], [ -2.8583572801, -39.682312573300003 ], [ -2.9967932958, -39.530032956100001 ], [ -3.024480499, -39.405440541900006 ], [ -2.5814852487, -39.100881307400002 ], [ -2.5537980456, -39.100881307400002 ], [ -1.7231819514, -39.516189354500007 ] ] ] ] } },
{ "type": "Feature", "properties": { "STATE": "AQUALAND", "County": "Hohenvale", "Longitude": -23.99, "Latitude": -41.48 }, "geometry": { "type": "MultiPolygon", "coordinates": [ [ [ [ -24.808407566699998, -41.328265791900002 ], [ -24.812252124, -41.32593239 ], [ -24.8177751789, -41.322580246900003 ], [ -24.814504920175104, -41.32272421824139 ], [ -24.808298865233631, -41.3231532082143 ], [ -24.808264207114831, -41.323154747615121 ], [ -24.789359758132512, -41.324488575765841 ], [ -24.174301959338599, -41.351676170448897 ], [ -24.173446938482371, -41.351351264248507 ], [ -24.173071941168267, -41.351367920408521 ], [ -23.978419098855291, -41.277241078652708 ], [ -23.602884796813505, -41.134538801505386 ], [ -23.602648016852953, -41.135029900682802 ], [ -23.597069768943044, -41.174183297066676 ], [ -23.581101595255159, -41.286262975852189 ], [ -23.602502032, -41.341303598400003 ], [ -23.6052829313, -41.353354161800006 ], [ -23.622895293199999, -41.397385066500007 ], [ -23.637776505849768, -41.441952486153269 ], [ -23.642877709700002, -41.452336712100006 ], [ -23.6441049795, -41.464609409600001 ], [ -23.64039320164472, -41.475969531487628 ], [ -23.64107816596244, -41.482228512284266 ], [ -23.650486171139534, -41.56819579877542 ], [ -23.622839709916697, -41.757911644005546 ], [ -23.628633607777111, -41.766200439634133 ], [ -23.673346524799999, -41.830167088700001 ], [ -23.679140327100001, -41.839582017400005 ], [ -23.67587306671463, -41.85452507092571 ], [ -23.677419671010473, -41.854225562899501 ], [ -24.808407566699998, -41.328265791900002 ] ] ] ] } },
{ "type": "Feature", "properties": { "STATE": "NORTH ORLE", "County": "North Hansen", "Longitude": -26.82, "Latitude": -32.23 }, "geometry": { "type": "MultiPolygon", "coordinates": [ [ [ [ -26.521664040700003, -32.479952408200006 ], [ -27.0932009092, -32.520776470200005 ], [ -27.096176566799997, -32.520989017200002 ], [ -27.102038939499998, -31.958201236500003 ], [ -27.100191245300003, -31.958162742900001 ], [ -27.025649172, -31.956609783 ], [ -26.539251158799999, -31.946476491100007 ], [ -26.526307525199996, -32.339100042900007 ], [ -26.521950525599998, -32.471262366300003 ], [ -26.521680348, -32.479457751800005 ], [ -26.521664040700003, -32.479952408200006 ] ] ] ] } },
{ "type": "Feature", "properties": { "STATE": "BAYBAR", "County": "Yellowfield", "Longitude": -6.74, "Latitude": -42.43 }, "geometry": { "type": "MultiPolygon", "coordinates": [ [ [ [ -7.1323831603, -42.644113547300009 ], [ -7.1327024047, -42.644291848700007 ], [ -7.211283825143203, -42.539912963038795 ], [ -7.440149172522551, -42.397834400777299 ], [ -7.41782978858893, -42.399431981193906 ], [ -7.0066303488, -42.097524498600002 ], [ -6.9564066203, -42.059856702200001 ], [ -6.404921514170634, -42.137081081598943 ], [ -6.077385179930102, -42.182945946961951 ], [ -6.307967500736724, -42.530090004384768 ], [ -6.328626889696984, -42.586787568399536 ], [ -6.303455943830587, -42.596235997242054 ], [ -6.293673095656453, -42.660430629800004 ], [ -6.3065022353, -42.660430629800004 ], [ -6.7965750607, -42.899490544600006 ], [ -6.7971390688, -42.899765670600004 ], [ -6.8109175766, -42.906486893800007 ], [ -6.9402672286, -42.801090881100002 ], [ -6.962457289994832, -42.783010090338173 ], [ -6.958225830762685, -42.779629149386103 ], [ -6.9668842731, -42.762508467100005 ], [ -7.1323831603, -42.644113547300009 ] ] ] ] } },
{ "type": "Feature", "properties": { "STATE": "ORLAY", "County": "Orford", "Longitude": -14.94, "Latitude": -37.81 }, "geometry": { "type": "MultiPolygon", "coordinates": [ [ [ [ -14.976231941761181, -37.432942630693304 ], [ -14.97623194176118, -37.432942630693304 ], [ -14.946193528044335, -37.427395769137675 ], [ -14.9277632956, -37.423992462 ], [ -14.826389353419849, -37.207574150350403 ], [ -14.824786650562407, -37.208726754131341 ], [ -14.3451152386, -37.553688442200006 ], [ -14.407377331699999, -37.586557158100007 ], [ -14.6658709453, -37.984308269900005 ], [ -14.665566702798284, -37.984419975843636 ], [ -14.67285702788843, -37.995654169065048 ], [ -14.737342006, -38.104976083200008 ], [ -14.773700973410676, -38.135118820065543 ], [ -14.805453156399999, -38.179031293900003 ], [ -15.199279127600001, -38.370443141 ], [ -15.456314251635169, -37.983193885186672 ], [ -15.368705790591861, -37.667381333874424 ], [ -14.993514622399999, -37.539080519500004 ], [ -14.917118179, -37.459969686400001 ], [ -14.976231941761181, -37.432942630693304 ] ] ] ] } },
{ "type": "Feature", "properties": { "STATE": "HILLTON", "County": "Valenridge", "Longitude": -22.06, "Latitude": -37.29 }, "geometry": { "type": "MultiPolygon", "coordinates": [ [ [ [ -22.239040480946777, -38.027864678462663 ], [ -22.239136457381079, -38.027967037661575 ], [ -22.23928653910513, -38.027822105427646 ], [ -22.239040480946777, -38.027864678462663 ] ] ], [ [ [ -22.239868034824724, -38.02763847520054 ], [ -22.24013345590032, -38.027554658018829 ], [ -22.239868034824724, -38.027638475200533 ], [ -22.239868034824724, -38.02763847520054 ] ] ], [ [ [ -21.811250595152998, -37.415029385917975 ], [ -21.798129144499999, -37.472372808 ], [ -21.806121365999811, -37.481570952418103 ], [ -21.807262835300001, -37.474912381500005 ], [ -21.846379249400002, -37.512250776800002 ], [ -21.848291852199999, -37.516554133200003 ], [ -22.159570332954804, -37.908833388295349 ], [ -22.177288898229207, -37.877596214056318 ], [ -22.203091600012471, -37.848292083990785 ], [ -22.203682922512471, -37.848856528190787 ], [ -22.239464780583621, -38.027765818645008 ], [ -22.239661306225749, -38.027703757915958 ], [ -22.239868034824724, -38.027638475200533 ], [ -22.240041193188919, -38.027093344461569 ], [ -22.241625703304166, -38.026558619282852 ], [ -22.251269320302448, -38.032492409558635 ], [ -22.221528105212414, -37.791747665282607 ], [ -22.216710929553422, -37.743938169377181 ], [ -22.216452436600001, -37.741372679 ], [ -22.24297591066312, -37.63450074804804 ], [ -22.282006366600001, -37.477234012100006 ], [ -22.281544651672988, -37.473797660450053 ], [ -22.266195574599998, -37.325771999 ], [ -22.262174357100001, -37.175755885500003 ], [ -22.4075286325, -37.063576117600007 ], [ -22.466501393466807, -36.847889412902724 ], [ -22.401174231600002, -37.016861445700002 ], [ -22.397839027250306, -37.008989872362591 ], [ -22.389024851890145, -36.98818712072228 ], [ -22.388464728552403, -36.986865147173212 ], [ -22.318585313248597, -36.947557976060978 ], [ -22.1032617786, -36.832416151700002 ], [ -22.081702961399998, -36.831695190100007 ], [ -21.862043048156437, -36.8863040271412 ], [ -21.8612702287, -36.890477252200007 ], [ -21.834503934699999, -36.897614930500005 ], [ -21.835443555091445, -36.892916828542766 ], [ -21.83251374828863, -36.891746924057053 ], [ -21.833284832239787, -36.891577951428879 ], [ -21.804316097552963, -36.880373762069858 ], [ -21.804704373199364, -36.88064233087006 ], [ -21.795265007200001, -36.876873086900005 ], [ -21.7546048122, -37.295952779300002 ], [ -21.754774105558425, -37.296264076207876 ], [ -21.813652951800002, -37.404530596200004 ], [ -21.811250595152998, -37.415029385917975 ] ] ], [ [ [ -21.8355371086719, -36.892449060640487 ], [ -21.835822551908834, -36.891021844455821 ], [ -21.833284832239787, -36.891577951428879 ], [ -21.8355371086719, -36.892449060640487 ] ] ], [ [ [ -21.804316097552963, -36.880373762069858 ], [ -21.795644014972773, -36.874375315256707 ], [ -21.795265007200001, -36.876873086900005 ], [ -21.804316097552963, -36.880373762069858 ] ] ], [ [ [ -22.106347975799999, -36.828174473800004 ], [ -22.161719644, -36.859321037100003 ], [ -22.120837758100002, -36.826104504900002 ], [ -22.106347975799999, -36.828174473800004 ] ] ] ] } },
{ "type": "Feature", "properties": { "STATE": "ORLAY", "County": "Greyfort", "Longitude": -19.04, "Latitude": -36.85 }, "geometry": { "type": "MultiPolygon", "coordinates": [ [ [ [ -19.507589015624315, -36.647581314688047 ], [ -18.690457740565471, -36.424727330566611 ], [ -18.409998297830654, -36.758136465499192 ], [ -18.732396373, -37.138179383300006 ], [ -18.718835932950697, -37.137942684948356 ], [ -18.7192764837, -37.138457924800001 ], [ -19.602710698881694, -37.256827837408963 ], [ -19.507589015624315, -36.647581314688047 ] ] ] ] } },
{ "type": "Feature", "properties": { "STATE": "WESTVALE", "County": "Yaldrak", "Longitude": -6.23, "Latitude": -39.87 }, "geometry": { "type": "MultiPolygon", "coordinates": [ [ [ [ -7.6860829311, -39.201687531600001 ], [ -7.677858054086831, -39.128722196281601 ], [ -4.6640037472, -38.991940983 ], [ -4.66699668198059, -40.382683032205065 ], [ -4.667000593399795, -40.38450057102829 ], [ -4.6671367656, -40.447776391800005 ], [ -4.766894228704563, -40.46954515243916 ], [ -5.972839292064756, -40.732702700869815 ], [ -6.231139099, -40.789068074400006 ], [ -6.317234610362099, -40.778513154399505 ], [ -7.233228930122804, -40.666216396844646 ], [ -7.8616773492, -40.589171465200003 ], [ -7.861995427948373, -40.570948745676496 ], [ -7.863420692813403, -40.489295375198303 ], [ -7.8634206928, -40.489295375200001 ], [ -7.863420692813719, -40.489295375180184 ], [ -7.8636697419, -40.475027362400006 ], [ -7.81337955811828, -39.968902780818091 ], [ -7.6860829311, -39.201687531600001 ] ] ] ] } },
{ "type": "Feature", "properties": { "STATE": "ARDENLAND", "County": "Greylin", "Longitude": -19.15, "Latitude": -36.3 }, "geometry": { "type": "MultiPolygon", "coordinates": [ [ [ [ -18.690457740565471, -36.424727330566611 ], [ -19.507589015624315, -36.647581314688047 ], [ -19.530317755399999, -36.653780061900001 ], [ -19.5297832553, -36.647472960300007 ], [ -19.523595760799999, -36.649316915600004 ], [ -19.5295288961, -36.644471521800007 ], [ -19.529262048880085, -36.64132272460315 ], [ -19.495286970400002, -36.240416798300004 ], [ -19.475760679947228, -36.038053424725661 ], [ -19.291726441522052, -36.022174880042137 ], [ -18.922677619729797, -35.987109837418188 ], [ -18.8566046306, -36.264289661600003 ], [ -18.7251845033, -36.301838269400001 ], [ -18.488300927513372, -36.372063233799935 ], [ -18.488896749960325, -36.374261584223525 ], [ -18.489327847140714, -36.375852163218944 ], [ -18.4897027145743, -36.377235276570282 ], [ -18.492293550232109, -36.386794440873238 ], [ -18.690457740565471, -36.424727330566611 ] ] ] ] } },
{ "type": "Feature", "properties": { "STATE": "NOVA", "County": "Artterns", "Longitude": -12.47, "Latitude": -40.43 }, "geometry": { "type": "MultiPolygon", "coordinates": [ [ [ [ -12.548692837800001, -40.881922614300002 ], [ -12.732273532818844, -40.908044381301927 ], [ -12.774710822599999, -40.919592278500005 ], [ -12.774910528751782, -40.919306983997785 ], [ -12.836077510500001, -40.831925581600004 ], [ -13.020272864900001, -40.514700248900006 ], [ -12.9450603269, -40.397702967600004 ], [ -12.915929866900001, -40.381519378700006 ], [ -12.903629816132536, -40.23872053364132 ], [ -12.946379107, -40.137925458400005 ], [ -12.931771459824931, -40.135450317499703 ], [ -12.916409363712273, -40.132847341678406 ], [ -12.047870388089954, -39.985680839345548 ], [ -11.787215150939732, -39.943883674616622 ], [ -12.101691892731466, -40.47882236262604 ], [ -12.102647246011466, -40.465447416715335 ], [ -12.427884683416384, -41.03573292201483 ], [ -12.433108768343541, -41.028767475445285 ], [ -12.548692837800001, -40.881922614300002 ] ] ] ] } },
{ "type": "Feature", "properties": { "STATE": "ORLAY", "County": "Ortania", "Longitude": -19.11, "Latitude": -37.55 }, "geometry": { "type": "MultiPolygon", "coordinates": [ [ [ [ -19.602710698881694, -37.256827837408963 ], [ -18.7192764837, -37.138457924800001 ], [ -18.718835932950697, -37.137942684948356 ], [ -18.601495697200001, -37.135894503600007 ], [ -18.6285704397202, -37.484553473021926 ], [ -18.6403718565, -37.636527949200001 ], [ -18.638813391349693, -37.635586286906495 ], [ -18.6593468509, -37.799735571300005 ], [ -18.65747595956303, -37.802438482533695 ], [ -18.66668748657796, -37.856786909459053 ], [ -18.667922513299999, -37.864073623100005 ], [ -19.007289309207721, -37.905178425258818 ], [ -19.563349767734149, -37.984181550540555 ], [ -19.602710698881694, -37.256827837408963 ] ] ] ] } },
{ "type": "Feature", "properties": { "STATE": "MARCENNE", "County": "Montclaire", "Longitude": -12.66, "Latitude": -35.01 }, "geometry": { "type": "MultiPolygon", "coordinates": [ [ [ [ -12.7160157498, -34.608985683800007 ], [ -12.689815415141021, -34.610907154842288 ], [ -12.663712512956671, -34.589970057494071 ], [ -12.605915861423615, -34.602249439525451 ], [ -12.486271019959474, -34.627668986808068 ], [ -12.433152830434807, -34.634415476062927 ], [ -12.328032256530557, -34.640658405232777 ], [ -12.097274841800001, -34.654362689200006 ], [ -12.145261556529242, -34.795740215696675 ], [ -12.150984205499999, -34.79574311 ], [ -12.249105795454826, -35.148724558028498 ], [ -12.332753549744982, -35.433057592206765 ], [ -12.4171946387, -35.414363644500007 ], [ -12.415690393795916, -35.424900039386067 ], [ -12.750985035200966, -35.339979097856713 ], [ -13.401527940599999, -35.197037260200005 ], [ -13.410040790545544, -35.204058936977894 ], [ -13.41595814495313, -35.208939764232703 ], [ -13.426604717520584, -35.201884711287953 ], [ -12.7160157498, -34.608985683800007 ] ] ] ] } },
{ "type": "Feature", "properties": { "STATE": "UGHAMPTON", "County": "Skirnvuk", "Longitude": -6.42, "Latitude": -33.29 }, "geometry": { "type": "MultiPolygon", "coordinates": [ [ [ [ -7.051714609418359, -32.648378231640329 ], [ -6.326124263262945, -32.722779623044019 ], [ -5.9674901847, -32.759553643800004 ], [ -5.821044047800886, -33.148058732038628 ], [ -5.600795296441505, -33.769223839478656 ], [ -5.639647581720368, -33.768052873118094 ], [ -5.673219127599999, -33.767041062600001 ], [ -5.682357734917902, -33.770772124845173 ], [ -5.686706708946293, -33.772547700951918 ], [ -5.746519050730556, -33.796967567400216 ], [ -6.971247892528789, -33.850155741182185 ], [ -7.005362141904737, -33.851594154706667 ], [ -7.079732303381913, -32.645505322117955 ], [ -7.051714609418359, -32.648378231640329 ] ] ] ] } },
{ "type": "Feature", "properties": { "STATE": "ORLAY", "County": "Drayden", "Longitude": -17.49, "Latitude": -38.57 }, "geometry": { "type": "MultiPolygon", "coordinates": [ [ [ [ -18.046183143475382, -38.451236642306682 ], [ -17.208196025745529, -38.019381262565659 ], [ -17.206131733500001, -38.018316649900001 ], [ -17.205367330775204, -38.020372307109888 ], [ -17.205347132098865, -38.020426626061536 ], [ -17.183826339460666, -38.078301056795922 ], [ -16.9416499218, -38.717328657400003 ], [ -17.786234241799999, -39.115215907200003 ], [ -17.878148444945971, -38.85094786848947 ], [ -18.046183143475382, -38.451236642306682 ] ] ] ] } },
{ "type": "Feature", "properties": { "STATE": "ORVILLE", "County": "Ravenford", "Longitude": -20.55, "Latitude": -31.66 }, "geometry": { "type": "MultiPolygon", "coordinates": [ [ [ [ -19.855323382796605, -32.436805336453446 ], [ -19.855424672654266, -32.434664181406717 ], [ -19.887160120133142, -32.43218164192627 ], [ -20.650042901320987, -32.459922833969465 ], [ -21.0863125371, -32.472613427300004 ], [ -21.091996312888991, -32.421249984672912 ], [ -21.150511833762174, -31.892453862034536 ], [ -21.1544602325, -31.856772765600006 ], [ -21.183400965300002, -31.842928388800004 ], [ -21.200104565351232, -31.826797909794344 ], [ -21.212592094, -31.814738843600004 ], [ -21.215743443198889, -30.930847198969012 ], [ -21.2145010586, -30.764556205700003 ], [ -20.957696631028348, -30.822421565382314 ], [ -20.956675022689232, -30.825031561897518 ], [ -19.919735963174197, -30.99349236378918 ], [ -19.853472374736803, -32.423913110949343 ], [ -19.8528784429, -32.436734215900003 ], [ -19.855323382796605, -32.436805336453446 ] ] ] ] } },
{ "type": "Feature", "properties": { "STATE": "HILLTON", "County": "Orlinhaven", "Longitude": -22.0, "Latitude": -38.31 }, "geometry": { "type": "MultiPolygon", "coordinates": [ [ [ [ -21.884631306300001, -38.134324853200006 ], [ -21.874631415913782, -38.134324853200006 ], [ -21.858978352632114, -38.134324853200006 ], [ -21.695763118302253, -38.134324853200006 ], [ -21.6942206973, -38.134324853200006 ], [ -21.694225298912009, -38.134298010463283 ], [ -21.633096785281808, -38.109574671028277 ], [ -21.624448702888067, -38.122068715114189 ], [ -21.624156382181805, -38.122491036228276 ], [ -21.624230662487768, -38.122593745648217 ], [ -21.635176354491229, -38.137728654719396 ], [ -21.740424766099999, -38.283258525200004 ], [ -21.8394976266, -38.598725942500003 ], [ -21.845452913835629, -38.597511207112909 ], [ -21.878855017, -38.590697981300004 ], [ -21.878960009704386, -38.591403678079139 ], [ -21.910928194144045, -38.644096793768561 ], [ -22.285000606800001, -38.400136524600001 ], [ -22.29614470815682, -38.378724092272975 ], [ -22.286698044898209, -38.319275556010879 ], [ -22.281519897588897, -38.286689099855842 ], [ -22.255732897215026, -38.043396949958037 ], [ -22.253484730096204, -38.033280197923347 ], [ -22.251269320302448, -38.032492409558635 ], [ -22.241625703304166, -38.026558619282852 ], [ -22.240041193188919, -38.027093344461569 ], [ -22.24013345590032, -38.027554658018829 ], [ -22.23928653910513, -38.027822105427646 ], [ -22.238872586900321, -38.028221854418824 ], [ -22.200807377393829, -38.034479778190047 ], [ -21.884631306300001, -38.134324853200006 ] ] ] ] } },
{ "type": "Feature", "properties": { "STATE": "ORLAVIA", "County": "North Halcrest", "Longitude": -18.14, "Latitude": -39.85 }, "geometry": { "type": "MultiPolygon", "coordinates": [ [ [ [ -17.2393613355, -40.016371432800007 ], [ -17.276000252656353, -40.028274376553917 ], [ -18.451057122136831, -40.4100169855231 ], [ -18.703513777575687, -40.113111634136821 ], [ -18.988024991099998, -39.778508049700001 ], [ -18.980293505792339, -39.774295070265268 ], [ -17.980080015886045, -39.229266696591033 ], [ -17.979233616238311, -39.230166100358076 ], [ -17.977700408733828, -39.231795321978005 ], [ -17.631833313397319, -39.599321666387631 ], [ -17.246316942661622, -40.008980244370321 ], [ -17.2393613355, -40.016371432800007 ] ] ] ] } },
{ "type": "Feature", "properties": { "STATE": "WEST VILLE", "County": "Fayrevaux", "Longitude": -11.73, "Latitude": -32.21 }, "geometry": { "type": "MultiPolygon", "coordinates": [ [ [ [ -12.35587314417451, -31.706351706098857 ], [ -12.266830618174383, -31.717236816624336 ], [ -10.400904200384105, -32.003001926153281 ], [ -11.889873409470496, -32.696349195649937 ], [ -12.393632992699999, -32.946629037400001 ], [ -12.3952835648, -31.701533931900002 ], [ -12.35587314417451, -31.706351706098857 ] ] ] ] } },
{ "type": "Feature", "properties": { "STATE": "ARDENLAND", "County": "Alderny", "Longitude": -18.64, "Latitude": -36.13 }, "geometry": { "type": "MultiPolygon", "coordinates": [ [ [ [ -18.8566046306, -36.264289661600003 ], [ -18.922677619729797, -35.987109837418188 ], [ -18.647385740572162, -35.964968846050134 ], [ -18.371961692071743, -35.942817224654462 ], [ -18.37583414230059, -35.957105042517775 ], [ -18.488300927513372, -36.372063233799935 ], [ -18.7251845033, -36.301838269400001 ], [ -18.8566046306, -36.264289661600003 ] ] ] ] } },
{ "type": "Feature", "properties": { "STATE": "NOVA", "County": "Cylexia", "Longitude": -14.04, "Latitude": -42.29 }, "geometry": { "type": "MultiPolygon", "coordinates": [ [ [ [ -13.6696480858666, -43.202446387351948 ], [ -13.732477401099999, -43.174569822500004 ], [ -14.018650602299999, -43.174569822500004 ], [ -14.152198096199999, -43.174569822500004 ], [ -14.442186940100001, -43.159307251800001 ], [ -14.664445273169523, -43.121181065307098 ], [ -14.665133222543682, -43.121436885836481 ], [ -14.665148201886362, -43.121097317366726 ], [ -14.665186298109862, -43.120202463435682 ], [ -14.684199701781377, -42.673590766670031 ], [ -14.68561376662058, -42.640375361996433 ], [ -14.692869638326741, -42.475891158337667 ], [ -14.6936457977, -42.458296310800002 ], [ -14.6558629303, -41.923039022600001 ], [ -14.610880873136121, -41.872696522610077 ], [ -14.604201297671784, -41.870499288661911 ], [ -14.200610305060287, -41.191702637181734 ], [ -14.218028958673347, -41.181554334663986 ], [ -13.7248461157, -41.190435627500001 ], [ -13.7235604996, -41.195479198400001 ], [ -13.770633827899999, -41.190435627500001 ], [ -13.7634750236, -41.215491442500003 ], [ -13.556957837700001, -41.938301593300004 ], [ -13.530107018799999, -41.954412084600001 ], [ -13.526432696200001, -41.968826734800004 ], [ -13.480644984, -42.014614446900005 ], [ -13.480644984, -42.121452442100001 ], [ -13.465382413299999, -42.121452442100001 ], [ -13.389069559599999, -42.151977583500006 ], [ -13.3312324495, -42.200175175300004 ], [ -13.184806431088507, -42.366988794022021 ], [ -13.365006814057985, -42.673831630429895 ], [ -13.6696480858666, -43.202446387351948 ] ] ] ] } },
{ "type": "Feature", "properties": { "STATE": "HILLTON", "County": "Ravensmead", "Longitude": -22.18, "Latitude": -39.11 }, "geometry": { "type": "MultiPolygon", "coordinates": [ [ [ [ -21.884631306300001, -38.691529816400006 ], [ -21.884631306300001, -38.894463393514563 ], [ -21.884631306300001, -39.024641479200007 ], [ -21.873852809885655, -39.053127505443477 ], [ -21.819951113056298, -39.195581989948877 ], [ -21.635470512099999, -39.683137864 ], [ -21.6302551275, -39.696921380500001 ], [ -21.660941777600002, -39.700757211700001 ], [ -21.995132911699997, -39.742531103500006 ], [ -22.375213937, -39.733260834600003 ], [ -22.3738972901, -39.739317410300004 ], [ -22.3803209304, -39.720849444500004 ], [ -22.4506965659, -39.340821012900001 ], [ -22.481826226499997, -39.429021718100003 ], [ -22.501503878199998, -39.372448469500007 ], [ -22.482943957, -39.305632753300003 ], [ -22.536054081099998, -39.022378758400002 ], [ -22.6045963782, -38.713938421400002 ], [ -22.606867579799999, -38.703718014 ], [ -22.621903419700001, -38.692691731400004 ], [ -22.6613380742, -38.469228689200001 ], [ -22.695501999599998, -38.275633111800005 ], [ -22.720438751099998, -38.134324853200006 ], [ -22.453949420899999, -38.546171999900004 ], [ -22.322735685910878, -38.748956863127674 ], [ -22.320704755800001, -38.752095573300004 ], [ -22.3180205916, -38.698412288800007 ], [ -22.286365207852739, -38.397514561037426 ], [ -22.285000606800001, -38.400136524600001 ], [ -21.910928194144045, -38.644096793768561 ], [ -21.888409821, -38.658782689300004 ], [ -21.884631306300001, -38.691529816400006 ] ] ], [ [ [ -22.29614470815682, -38.378724092272975 ], [ -22.277494268646329, -38.313192555288239 ], [ -22.286365207852739, -38.397514561037426 ], [ -22.29614470815682, -38.378724092272975 ] ] ] ] } },
{ "type": "Feature", "properties": { "STATE": "BAYBAR", "County": "Cedarbrook", "Longitude": -11.09, "Latitude": -45.85 }, "geometry": { "type": "MultiPolygon", "coordinates": [ [ [ [ -10.329566013132506, -45.244540351337712 ], [ -10.323453097832507, -45.243751588137712 ], [ -10.100078907974623, -45.557232328561675 ], [ -10.080353389100001, -45.607535918300002 ], [ -9.9096897065, -45.837931889800004 ], [ -9.914969454, -45.841972512900007 ], [ -10.968216804600001, -46.648029158700005 ], [ -10.987733306043442, -46.63638221428981 ], [ -11.628979500328827, -46.253703033816045 ], [ -12.29070608216532, -45.858801686577493 ], [ -12.3075776225, -45.848733186700002 ], [ -12.345530197058052, -45.807145478573233 ], [ -12.382026085106068, -45.524302346312844 ], [ -10.341741583299999, -45.265463153100001 ], [ -10.329566013132506, -45.244540351337712 ] ] ] ] } },
{ "type": "Feature", "properties": { "STATE": "NEW ZALES", "County": "Willowdale", "Longitude": -5.0, "Latitude": -30.97 }, "geometry": { "type": "MultiPolygon", "coordinates": [ [ [ [ -5.404483668696297, -30.920584292715361 ], [ -5.387537008353408, -30.913170128815345 ], [ -5.198538197553091, -30.903703863249525 ], [ -5.156171545653091, -30.691870603749528 ], [ -5.158537309336843, -30.689985605613622 ], [ -4.684846825699999, -30.984193894700006 ], [ -4.684846825699999, -31.074957524517778 ], [ -5.076561744903987, -31.223245672520825 ], [ -5.076522894238788, -31.223820570924786 ], [ -5.087330018799999, -31.227802143100007 ], [ -5.087330018799999, -31.079518861400004 ], [ -5.400170970432839, -30.922745506918034 ], [ -5.400171001754484, -30.922745491221875 ], [ -5.400171032537452, -30.922745475795665 ], [ -5.404483669124838, -30.920584292929625 ], [ -5.404483668696297, -30.920584292715361 ] ] ] ] } },
{ "type": "Feature", "properties": { "STATE": "BAYBAR", "County": "Ferlington", "Longitude": -7.08, "Latitude": -43.32 }, "geometry": { "type": "MultiPolygon", "coordinates": [ [ [ [ -7.277652557362098, -43.606811938447692 ], [ -7.277652557362096, -43.606811938447699 ], [ -7.3165578661, -43.562002082300005 ], [ -7.5019199794, -43.365736315300005 ], [ -7.510506081246642, -43.356739098510161 ], [ -7.459456478946642, -43.101491086810164 ], [ -6.962457289994832, -42.783010090338173 ], [ -6.9402672286, -42.801090881100002 ], [ -6.8109175766, -42.906486893800007 ], [ -6.7971390688, -42.899765670600004 ], [ -6.7987984221, -42.918018556300005 ], [ -6.8453603717, -43.430200002400007 ], [ -6.8454677838, -43.431381534800003 ], [ -6.6879192568, -43.497026754400004 ], [ -6.878729989606262, -43.882180022553527 ], [ -6.878729989606265, -43.882180022553534 ], [ -6.884368834835081, -43.894411593886737 ], [ -6.885808478422399, -43.892971950299419 ], [ -6.897497878735082, -43.881282549986736 ], [ -7.085831099549494, -43.734601887061679 ], [ -7.250334701195385, -43.660779363110279 ], [ -7.26146721252081, -43.651546278501833 ], [ -7.26146721252081, -43.650902950601832 ], [ -7.277652557362098, -43.606811938447692 ] ] ] ] } },
{ "type": "Feature", "properties": { "STATE": "FLORENTIA", "County": "Lilymere", "Longitude": -21.65, "Latitude": -31.32 }, "geometry": { "type": "MultiPolygon", "coordinates": [ [ [ [ -21.215743443198889, -30.930847198969012 ], [ -21.212592094, -31.814738843600004 ], [ -21.200104565351232, -31.826797909794344 ], [ -21.199028318506564, -31.888456050160642 ], [ -21.198932733199999, -31.893932128700001 ], [ -22.161614647046697, -31.842570891383765 ], [ -22.161202510817098, -31.787922830113899 ], [ -22.166892220174137, -31.710107374512958 ], [ -21.983902961053445, -30.854664489852553 ], [ -22.055719619100309, -30.746399474287543 ], [ -22.237240812894843, -30.721162304247343 ], [ -21.567383256702527, -30.730983770142082 ], [ -21.216275426499998, -30.781636316500006 ], [ -21.215743443198889, -30.930847198969012 ] ] ] ] } },
{ "type": "Feature", "properties": { "STATE": "UGHAMPTON", "County": "Bhazintagraphzen", "Longitude": -8.02, "Latitude": -36.23 }, "geometry": { "type": "MultiPolygon", "coordinates": [ [ [ [ -7.482163550351442, -35.935562574958759 ], [ -7.3715367901, -36.071411319700005 ], [ -7.3866457871, -36.13666722 ], [ -7.387436210494597, -36.164357384439342 ], [ -7.3369888059, -36.401978734800004 ], [ -7.336734830183011, -36.416528993921858 ], [ -7.3545842315, -36.420199331500001 ], [ -7.334071341270837, -36.569120171927729 ], [ -7.328378584862182, -36.895257969058065 ], [ -7.5557108278, -36.858744835300001 ], [ -7.555737291166691, -36.859194132452672 ], [ -8.33016879836971, -36.708703389855728 ], [ -8.759134157281105, -36.625345062088186 ], [ -8.766191257, -36.623973697200007 ], [ -8.8138855282, -35.944094444700006 ], [ -8.775175357276536, -35.993873781970464 ], [ -7.772566233611345, -35.402360625624262 ], [ -7.769628334605673, -35.395386095812135 ], [ -7.5797956867, -35.832985989700006 ], [ -7.568800811637383, -35.847124847282409 ], [ -7.482163550351442, -35.935562574958759 ] ] ] ] } },
{ "type": "Feature", "properties": { "STATE": "ORVILLE", "County": "Veldenport", "Longitude": -19.16, "Latitude": -32.98 }, "geometry": { "type": "MultiPolygon", "coordinates": [ [ [ [ -18.4671094413, -33.531095937670102 ], [ -18.485417915298527, -33.531415513273281 ], [ -18.485417915299998, -33.531415513270098 ], [ -19.474599264950633, -33.551760823971058 ], [ -19.472174468095105, -33.559775410943402 ], [ -19.803628047099998, -33.565560954700004 ], [ -19.806126767226793, -33.514803234180519 ], [ -19.806256575454107, -33.512166376353854 ], [ -19.804452164089092, -33.512166376353854 ], [ -19.855323382796605, -32.436805336453446 ], [ -19.8528784429, -32.436734215900003 ], [ -19.853472374736803, -32.423913110949343 ], [ -18.547217714600002, -32.417157364370098 ], [ -18.547832360723916, -32.387297344749634 ], [ -18.50891767412498, -32.386720121644153 ], [ -18.4671094413, -33.531095937670102 ] ] ] ] } },
{ "type": "Feature", "properties": { "STATE": "HARMINGTON", "County": "Aurgthorin", "Longitude": -22.44, "Latitude": -30.27 }, "geometry": { "type": "MultiPolygon", "coordinates": [ [ [ [ -23.904243931502371, -30.493015926745933 ], [ -23.83828637960589, -30.502322033166919 ], [ -23.82490957952519, -30.557713898183366 ], [ -23.920065030689038, -30.487912647984025 ], [ -23.906358405739184, -30.487518351221595 ], [ -23.904243931502371, -30.493015926745933 ] ] ], [ [ [ -22.796902646074937, -29.886519113897599 ], [ -22.332380242900001, -29.842620128400007 ], [ -22.332735567807831, -29.833557815133261 ], [ -22.017727008775601, -29.840583192524896 ], [ -21.340358681464167, -29.855689982470935 ], [ -21.340705245559043, -29.847294889379675 ], [ -20.957696631028348, -30.822421565382314 ], [ -21.216275426499998, -30.781636316500006 ], [ -21.567383256702527, -30.730983770142082 ], [ -22.239203996162139, -30.72113352001206 ], [ -22.24582403554664, -30.727006297805652 ], [ -23.83828637960589, -30.502322033166919 ], [ -23.853119774461582, -30.440898568614493 ], [ -23.866856330053153, -30.222717963843102 ], [ -23.974396144130012, -29.823044800092553 ], [ -22.796902646074937, -29.886519113897599 ] ] ] ] } },
{ "type": "Feature", "properties": { "STATE": "NEW ZALES", "County": "Route City", "Longitude": -7.05, "Latitude": -29.96 }, "geometry": { "type": "MultiPolygon", "coordinates": [ [ [ [ -7.314441368905876, -29.865559152496104 ], [ -7.140918940939469, -29.79124557255615 ], [ -7.082377839399999, -29.792643763300006 ], [ -7.06657291013972, -29.792636319671921 ], [ -7.058869945745191, -29.806915856566533 ], [ -7.0345665195, -29.887549405100003 ], [ -7.015109549206827, -29.945920316079025 ], [ -7.0150126802, -29.946210923100004 ], [ -6.999673030399999, -29.941828166 ], [ -6.834638240599999, -29.894675369 ], [ -6.809458242697036, -29.886343192588292 ], [ -6.8137710837, -29.893252608300003 ], [ -6.8033530545, -30.023477972700007 ], [ -6.804132277036805, -30.023704198597734 ], [ -6.807613821717958, -30.024714969633933 ], [ -7.1051191277, -30.111087477800005 ], [ -7.120929309899999, -30.115677530700005 ], [ -7.2692125916, -29.861477619300004 ], [ -7.261473426799999, -29.858626348100003 ], [ -7.2642538666, -29.854177644500005 ], [ -7.302538324548363, -29.864484998526578 ], [ -7.309245731245769, -29.865090288006549 ], [ -7.314441368905876, -29.865559152496104 ] ] ] ] } },
{ "type": "Feature", "properties": { "STATE": "NORTH ORLE", "County": "Halstead", "Longitude": -25.7, "Latitude": -30.81 }, "geometry": { "type": "MultiPolygon", "coordinates": [ [ [ [ -24.972276631200003, -31.082924986100004 ], [ -25.215833862399997, -31.092373327 ], [ -26.471754324300001, -31.141094379400002 ], [ -26.5377719691, -31.115702977600002 ], [ -26.5493135153, -31.108778049800001 ], [ -26.5493135153, -31.111263921300001 ], [ -26.555776781299997, -31.108778049800001 ], [ -26.5493135153, -30.914880072200006 ], [ -26.240137053372749, -30.555111098289395 ], [ -26.193833889799997, -30.501231053400005 ], [ -25.706015270527715, -30.491224517649435 ], [ -24.933497035599999, -30.475377989800002 ], [ -24.972050289499997, -31.079378966300006 ], [ -24.972276631200003, -31.082924986100004 ] ] ] ] } },
{ "type": "Feature", "properties": { "STATE": "ORVILLE", "County": "Greythorne", "Longitude": -19.12, "Latitude": -35.39 }, "geometry": { "type": "MultiPolygon", "coordinates": [ [ [ [ -19.75751897602925, -34.814814402574939 ], [ -19.461833826820232, -34.796049951026795 ], [ -18.442481087080971, -34.731360888534205 ], [ -18.410538923399997, -35.290467567700006 ], [ -18.408650716678142, -35.290353196042176 ], [ -18.394088346105047, -35.53888756138722 ], [ -18.3873248413, -35.926368492100003 ], [ -18.371520402884904, -35.924052148238516 ], [ -18.366766798348962, -35.923355446312286 ], [ -18.370698239661266, -35.93808391689673 ], [ -18.371961692071743, -35.942817224654462 ], [ -18.647385740572162, -35.964968846050134 ], [ -18.922677619729797, -35.987109837418188 ], [ -19.291726441522052, -36.022174880042137 ], [ -19.475760679947228, -36.038053424725661 ], [ -19.475745164300001, -36.037892626200005 ], [ -19.4781426863, -36.038114245900005 ], [ -19.501645830439486, -36.040286805439209 ], [ -19.78599812047613, -36.064820830095961 ], [ -19.851206231299997, -34.855569208600002 ], [ -19.852040922397109, -34.855670308097153 ], [ -19.853806585083547, -34.820924902813523 ], [ -19.75751897602925, -34.814814402574939 ] ] ] ] } },
{ "type": "Feature", "properties": { "STATE": "NORTH ORLE", "County": "East Grinstead", "Longitude": -26.65, "Latitude": -34.67 }, "geometry": { "type": "MultiPolygon", "coordinates": [ [ [ [ -26.663884924281049, -35.086917661164065 ], [ -27.077084246399998, -35.137347998100005 ], [ -27.094407035400003, -34.184594605100003 ], [ -26.468463501095371, -34.200815037480368 ], [ -26.470627335323506, -34.363191440529484 ], [ -26.475669494240016, -34.366552879807152 ], [ -26.470674097550869, -34.366700527398933 ], [ -26.470786632699998, -34.375145283700007 ], [ -26.237135058002373, -34.366005258799902 ], [ -26.195574726841208, -34.365881529622641 ], [ -26.1025752762, -35.061934387300006 ], [ -26.102352470500001, -35.064051041700004 ], [ -26.157410036582988, -35.025103185996912 ], [ -26.663884924281049, -35.086917661164065 ] ] ] ] } },
{ "type": "Feature", "properties": { "STATE": "UGHAMPTON", "County": "Voldrinnak", "Longitude": -6.34, "Latitude": -34.77 }, "geometry": { "type": "MultiPolygon", "coordinates": [ [ [ [ -6.971247892528789, -33.850155741182185 ], [ -5.746519050730556, -33.796967567400216 ], [ -5.686706708946293, -33.772547700951918 ], [ -5.687756996960212, -34.039739834409815 ], [ -5.7175844753, -34.761499866 ], [ -5.693280915550518, -35.445018742318922 ], [ -5.6655140072, -35.692091274600003 ], [ -5.671986747168541, -35.692458340897417 ], [ -6.611976470767919, -35.8210584512981 ], [ -6.637783622077675, -35.808045751644997 ], [ -6.615518812121412, -35.748500356621015 ], [ -6.956744034581042, -35.58526846541789 ], [ -6.9586418356, -35.499701296700003 ], [ -7.041029056681349, -33.854992100143029 ], [ -7.005362141904737, -33.851594154706667 ], [ -6.971247892528789, -33.850155741182185 ] ] ] ] } },
{ "type": "Feature", "properties": { "STATE": "AQUALAND", "County": "Lavenshire", "Longitude": -17.46, "Latitude": -44.59 }, "geometry": { "type": "MultiPolygon", "coordinates": [ [ [ [ -17.2457830468, -44.952436204500003 ], [ -17.383843497199997, -44.952436204500003 ], [ -17.482386398799999, -44.911376662200006 ], [ -17.5275225187, -44.872688559500006 ], [ -17.6118471234, -44.796796415200006 ], [ -17.643533674863313, -44.768278518861159 ], [ -17.655330906700001, -44.757661010200003 ], [ -17.684305217891733, -44.720661343631804 ], [ -17.71627367670035, -44.702323440429581 ], [ -17.734073429, -44.637057682100007 ], [ -17.671117085600002, -44.506302199900006 ], [ -17.533347018600001, -44.220164368400006 ], [ -17.543543570699999, -44.200790919500001 ], [ -17.465605087, -44.142337056700001 ], [ -17.447230671864297, -43.989852585268061 ], [ -17.254743512344575, -44.666704068244762 ], [ -17.201195749640405, -44.941136352120225 ], [ -17.245765162537495, -44.948688232061848 ], [ -17.24262173, -44.952436204500003 ], [ -17.2457830468, -44.952436204500003 ] ] ] ] } },
{ "type": "Feature", "properties": { "STATE": "NEW ZALES", "County": "Maplehill", "Longitude": -7.69, "Latitude": -30.88 }, "geometry": { "type": "MultiPolygon", "coordinates": [ [ [ [ -8.460998263752431, -30.547145982114074 ], [ -8.461281876299999, -30.544357125400005 ], [ -7.912302557099999, -30.616863827900005 ], [ -7.362088497599999, -30.521634471500008 ], [ -7.360627489444211, -30.525391349608924 ], [ -7.318932859731418, -30.623413693943583 ], [ -7.302744778310414, -30.661471201639358 ], [ -7.298261144439461, -30.678957373712286 ], [ -7.292043134235214, -30.703207613475875 ], [ -7.276945807375454, -30.736230427221592 ], [ -7.135861538972347, -30.68435262178135 ], [ -7.13428027649738, -30.684277271074798 ], [ -7.043848644010497, -30.666465475185916 ], [ -7.017001908158427, -30.660647178409121 ], [ -7.017000712248818, -30.660900395471103 ], [ -7.008836930340597, -30.665439643979049 ], [ -6.917796173799999, -30.764084643500006 ], [ -6.917987991770841, -30.766156277598611 ], [ -6.9277276008, -30.871344055800002 ], [ -6.9600089925, -31.219983085500004 ], [ -6.966514088299999, -31.219504769700002 ], [ -8.399030379099999, -31.114172689500002 ], [ -8.399919795697338, -31.107311475727478 ], [ -8.4190035774, -30.960093730700002 ], [ -8.460998263752431, -30.547145982114074 ] ] ] ] } },
{ "type": "Feature", "properties": { "STATE": "UGHAMPTON", "County": "Thirwellen", "Longitude": -6.19, "Latitude": -36.04 }, "geometry": { "type": "MultiPolygon", "coordinates": [ [ [ [ -5.672132701105378, -35.715007285306704 ], [ -5.678478415982017, -36.265630170981801 ], [ -6.7834033879, -36.302748528700008 ], [ -6.826037540806323, -36.311515306405617 ], [ -6.615518812121412, -35.748500356621015 ], [ -6.6140134269, -35.744474328200006 ], [ -6.605002215967919, -35.837939328298098 ], [ -5.672132701105378, -35.715007285306704 ] ] ] ] } },
{ "type": "Feature", "properties": { "STATE": "MARCENNE", "County": "Aux City", "Longitude": -10.62, "Latitude": -33.93 }, "geometry": { "type": "MultiPolygon", "coordinates": [ [ [ [ -10.789821962228354, -33.606159367043915 ], [ -10.554983528884399, -33.633608614914543 ], [ -10.336087098442512, -33.659194471078024 ], [ -10.398332078811153, -34.325095969635299 ], [ -10.39926276819147, -34.325112214879013 ], [ -10.57410155530026, -34.328164037288758 ], [ -10.624002328034269, -34.328662285645478 ], [ -10.614947629121939, -34.289554955711836 ], [ -10.616638289270442, -34.192697100950262 ], [ -10.631658619870237, -34.184841170073227 ], [ -10.66308074085298, -34.168406777447174 ], [ -10.7672892136, -34.144278913300006 ], [ -10.9850201269, -34.007636500200007 ], [ -10.98236062496423, -33.986375818790719 ], [ -10.994076941179848, -33.979493767561856 ], [ -11.000271159699999, -33.975855343300005 ], [ -10.960896742466145, -33.90668632867002 ], [ -10.8235652766, -33.602215257100006 ], [ -10.789821962228354, -33.606159367043915 ] ] ] ] } },
{ "type": "Feature", "properties": { "STATE": "WEST VILLE", "County": "Lysaraine", "Longitude": -16.11, "Latitude": -32.11 }, "geometry": { "type": "MultiPolygon", "coordinates": [ [ [ [ -16.575879755076478, -31.650907987337305 ], [ -15.607421888317369, -32.00700959865457 ], [ -15.608630941542906, -32.008782569037727 ], [ -15.632413954739535, -32.043658269403224 ], [ -15.642154755754701, -32.05794229871087 ], [ -15.641844658366205, -32.058537980274615 ], [ -15.487556810108838, -32.382059942583147 ], [ -15.726205091501928, -32.388447627533324 ], [ -16.4994071576, -32.435898921500005 ], [ -16.499672118370043, -32.433179100161972 ], [ -16.575879755076478, -31.650907987337305 ] ] ] ] } },
{ "type": "Feature", "properties": { "STATE": "HARMINGTON", "County": "Greywick", "Longitude": -17.1, "Latitude": -29.81 }, "geometry": { "type": "MultiPolygon", "coordinates": [ [ [ [ -16.892715493299999, -31.002603271300003 ], [ -17.424326752199999, -30.989741465600005 ], [ -17.433599317400002, -30.458516563600007 ], [ -17.260774275700001, -30.211947628400004 ], [ -17.289863070499997, -29.813915308800006 ], [ -17.912329954400001, -29.669792705 ], [ -18.000867438, -29.671338132500004 ], [ -17.856744834300002, -29.048871248700003 ], [ -16.3966490675, -28.979102952700003 ], [ -16.403777625493213, -29.028504370296886 ], [ -16.515160088400002, -29.800392817900004 ], [ -16.529724749014541, -29.856138872193156 ], [ -16.805723437099999, -30.912520360100004 ], [ -16.892715493299999, -31.002603271300003 ] ] ] ] } },
{ "type": "Feature", "properties": { "STATE": "NOVA", "County": "Noel", "Longitude": -16.95, "Latitude": -42.5 }, "geometry": { "type": "MultiPolygon", "coordinates": [ [ [ [ -17.7083770765, -41.755150744500007 ], [ -17.647326793600001, -41.755150744500007 ], [ -17.250499954600002, -41.938301593300004 ], [ -16.902065539673728, -41.784291965084265 ], [ -16.890069034770271, -41.793889169025263 ], [ -16.884198257, -41.846726168900005 ], [ -16.853673115599999, -41.877251310400005 ], [ -16.548421700900001, -42.121452442100001 ], [ -16.312438876599998, -42.121452442100001 ], [ -16.304220569199998, -42.121452442100001 ], [ -16.256184391920087, -42.133614830106445 ], [ -16.265174628632334, -42.250596099794663 ], [ -16.0447568668, -42.701430129800002 ], [ -15.88580122766796, -43.083867968868418 ], [ -15.889364718317097, -43.083726217565932 ], [ -16.06129461068133, -43.007348114247982 ], [ -16.060019437499999, -43.006681544500005 ], [ -16.071357152163451, -43.007994332507636 ], [ -16.453454397327505, -43.105092538047195 ], [ -17.540899634781148, -43.071603702334706 ], [ -17.540887279524142, -43.071724822507178 ], [ -17.564646798044077, -43.070995765230798 ], [ -17.617358928429315, -42.816397801821552 ], [ -17.809249254305335, -41.889573448320284 ], [ -17.8312035507, -41.783534874100006 ], [ -17.799952500899998, -41.724625603100002 ], [ -17.72145928, -41.755150744500007 ], [ -17.7083770765, -41.755150744500007 ] ] ] ] } },
{ "type": "Feature", "properties": { "STATE": "ARDENLAND", "County": "Hartwell", "Longitude": -20.29, "Latitude": -36.3 }, "geometry": { "type": "MultiPolygon", "coordinates": [ [ [ [ -20.108436385499999, -36.192077881800003 ], [ -20.0446355901, -36.223978279500002 ], [ -19.980834794700002, -36.314362739600007 ], [ -19.927667465100001, -36.378163535100008 ], [ -19.842599737900002, -36.394113733900006 ], [ -19.534229226800001, -36.644000182600003 ], [ -19.533928048500002, -36.640878880700001 ], [ -19.5295288961, -36.644471521800007 ], [ -19.5297832553, -36.647472960300007 ], [ -20.211675178089628, -36.444260135630437 ], [ -20.25136989305264, -36.432430584813808 ], [ -21.1237949458, -36.172436363800003 ], [ -21.1237949458, -36.170382612300003 ], [ -20.113753118399998, -36.091059955700004 ], [ -20.113753118399998, -36.101693421600004 ], [ -20.108436385499999, -36.133593819300003 ], [ -20.108436385499999, -36.192077881800003 ] ] ] ] } },
{ "type": "Feature", "properties": { "STATE": "HILLTON", "County": "Orvandel", "Longitude": -22.08, "Latitude": -36.53 }, "geometry": { "type": "MultiPolygon", "coordinates": [ [ [ [ -21.775612944, -36.208333784800004 ], [ -21.749034337932596, -36.474119845620322 ], [ -21.7392734899, -36.571728326 ], [ -21.795265007200001, -36.876873086900005 ], [ -21.8280860375, -36.891453497600004 ], [ -21.836586241699997, -36.887203395500002 ], [ -21.835822551908834, -36.891021844455821 ], [ -21.834503934699999, -36.897614930500005 ], [ -21.8612702287, -36.890477252200007 ], [ -21.862043048156437, -36.8863040271412 ], [ -21.926541878408074, -36.87026921196464 ], [ -22.081702961399998, -36.831695190100007 ], [ -22.102668031100002, -36.826104504900002 ], [ -22.106347975799999, -36.828174473800004 ], [ -22.120837758100002, -36.826104504900002 ], [ -22.161719644, -36.859321037100003 ], [ -22.355576904083275, -36.968365745907519 ], [ -22.388464728552403, -36.986865147173212 ], [ -22.3887691302, -36.987036373100004 ], [ -22.320704755800001, -36.680746688400006 ], [ -22.393383664, -36.408200782500003 ], [ -22.408684486799999, -36.377599136900002 ], [ -22.450451344200825, -36.309989003719828 ], [ -22.447980192734292, -36.290688416906455 ], [ -22.37667013866918, -36.238125112506843 ], [ -22.361427361795123, -36.235381456588513 ], [ -22.284365301699999, -36.208333784800004 ], [ -22.269022630248671, -36.203219560973508 ], [ -22.229856120499999, -36.190164057700002 ], [ -21.774604389899999, -36.184742408200002 ], [ -21.775612944, -36.208333784800004 ] ] ] ] } },
{ "type": "Feature", "properties": { "STATE": "MARCENNE", "County": "La Rochevale", "Longitude": -10.04, "Latitude": -33.88 }, "geometry": { "type": "MultiPolygon", "coordinates": [ [ [ [ -10.398332078811153, -34.325095969635299 ], [ -10.336087098442512, -33.659194471078024 ], [ -10.311548713957691, -33.396680981575031 ], [ -10.301307440906118, -33.287119069404959 ], [ -9.744519538392627, -33.28373452854494 ], [ -9.729776196834441, -33.337212098322141 ], [ -9.718982098033592, -33.797141376710613 ], [ -9.710768137913465, -34.426183064341927 ], [ -9.711355836674954, -34.423112215939476 ], [ -9.711223039944, -34.426208113017303 ], [ -9.953984581677094, -34.439575507849 ], [ -10.263631095648833, -34.436912632343919 ], [ -10.300985773800001, -34.460348312 ], [ -10.3988475365, -34.330610374900004 ], [ -10.398410527029961, -34.325935214601785 ], [ -10.398332078811153, -34.325095969635299 ] ] ] ] } },
{ "type": "Feature", "properties": { "STATE": "ORLAVIA", "County": "North Althorn", "Longitude": -17.59, "Latitude": -40.55 }, "geometry": { "type": "MultiPolygon", "coordinates": [ [ [ [ -18.460291261965242, -40.413908945597022 ], [ -18.458339679894856, -40.413238546832915 ], [ -17.306437504, -40.017542251600005 ], [ -17.274731588512353, -40.030653813856745 ], [ -16.728407159906315, -40.783567979891721 ], [ -16.723066777085549, -40.790927800663532 ], [ -17.554159913682803, -40.948932682159196 ], [ -17.762738373211661, -40.988586980010027 ], [ -17.958030294896599, -41.025715281982571 ], [ -17.960007437890098, -41.023306915235651 ], [ -18.460291261965242, -40.413908945597022 ] ] ] ] } },
{ "type": "Feature", "properties": { "STATE": "WESTVALE", "County": "Halqarn", "Longitude": -8.99, "Latitude": -37.35 }, "geometry": { "type": "MultiPolygon", "coordinates": [ [ [ [ -9.524804733384888, -36.528293955101567 ], [ -9.493744152965046, -36.558288808911634 ], [ -9.491443426, -36.563359630100003 ], [ -9.488176985732601, -36.563664959808243 ], [ -9.4876206914, -36.564202167 ], [ -8.330456597058065, -36.710934328779331 ], [ -8.3003870359, -36.714747246700007 ], [ -8.536738065182378, -38.282801800025304 ], [ -8.552748600778175, -38.277570763133724 ], [ -9.654238592457896, -37.877739955221259 ], [ -9.648996686959453, -37.819844079655041 ], [ -9.541484323455879, -36.632389933241384 ], [ -9.531947581941729, -36.527058389173177 ], [ -9.524804733384888, -36.528293955101567 ] ] ] ] } },
{ "type": "Feature", "properties": { "STATE": "ORLAY", "County": "North Couries", "Longitude": -17.08, "Latitude": -36.87 }, "geometry": { "type": "MultiPolygon", "coordinates": [ [ [ [ -17.504719495996156, -36.650414488284433 ], [ -17.234421744400002, -36.494014353400004 ], [ -17.199395192706007, -36.469022294756705 ], [ -17.103657004144974, -36.413024486347325 ], [ -16.958628927224662, -36.573047150071055 ], [ -16.778474108899999, -36.78130612 ], [ -16.498594232282763, -36.695395344720836 ], [ -16.498515568366166, -36.69547957782634 ], [ -16.492109008860822, -36.702339704121592 ], [ -16.483454969199805, -36.720609343405954 ], [ -16.481807980397093, -36.732618519293283 ], [ -16.480788763422531, -36.733929181176386 ], [ -16.422549584565907, -36.783748237788679 ], [ -16.370257238302543, -36.828480244833244 ], [ -16.869954960101889, -37.159859782386732 ], [ -17.151895543458131, -37.292791158130825 ], [ -17.412375378699998, -37.084141544500007 ], [ -17.413152196625656, -37.085183186718268 ], [ -17.446755252164706, -37.130241829362753 ], [ -17.538456850481154, -37.267767775035708 ], [ -17.521700981303127, -37.230737238866652 ], [ -17.5252970624, -37.235559256700007 ], [ -17.481933509771508, -37.142850971836431 ], [ -17.450871407199998, -37.076442338800007 ], [ -17.45172308771194, -37.076085821376417 ], [ -17.640573652699999, -36.997032096500007 ], [ -17.638248334275172, -36.991765934182446 ], [ -17.527312975004378, -36.740529973361305 ], [ -17.493368165061092, -36.663654962570789 ], [ -17.490576528399998, -36.657332726600004 ], [ -17.504719495996156, -36.650414488284433 ] ] ] ] } },
{ "type": "Feature", "properties": { "STATE": "FLORENTIA", "County": "Lavender", "Longitude": -23.96, "Latitude": -32.13 }, "geometry": { "type": "MultiPolygon", "coordinates": [ [ [ [ -23.611143737569023, -31.730768521117177 ], [ -23.589195980100001, -32.162658249200007 ], [ -23.572719186864553, -32.166473196479657 ], [ -23.570789909536487, -32.188349708670373 ], [ -23.588663725300002, -32.193151103400005 ], [ -23.570340834688025, -32.193441869996285 ], [ -23.5545306846, -32.470119496900004 ], [ -23.554574558058828, -32.470129246557562 ], [ -23.552848323699997, -32.497547390400001 ], [ -23.629080459099999, -32.498878027200007 ], [ -23.629285287738458, -32.546707911818572 ], [ -23.643438070391149, -32.555810290274891 ], [ -23.643443847858716, -32.555338168998091 ], [ -23.817193192218959, -32.525307418114316 ], [ -24.346460914399998, -32.465646732600007 ], [ -24.360212700486585, -32.388560980044488 ], [ -24.359668337916474, -32.325414921911481 ], [ -24.372028973364273, -32.322324763058404 ], [ -24.372362434099998, -32.320455546100007 ], [ -24.3530636626, -31.743718781600002 ], [ -23.611143737569023, -31.730768521117177 ] ] ] ] } },
{ "type": "Feature", "properties": { "STATE": "AQUALAND", "County": "Nanzal", "Longitude": -20.13, "Latitude": -44.45 }, "geometry": { "type": "MultiPolygon", "coordinates": [ [ [ [ -20.100086225560283, -44.442227296488468 ], [ -20.072774494835958, -44.451079876537413 ], [ -20.082159690814244, -44.466721869834558 ], [ -20.130581616622113, -44.459030793545857 ], [ -20.100086225560283, -44.442227296488468 ] ] ], [ [ [ -20.12595727204625, -44.401025497986545 ], [ -20.097801684111388, -44.407282295305407 ], [ -20.098088614298998, -44.442874784330805 ], [ -20.100086225560283, -44.442227296488468 ], [ -20.110315278749106, -44.432309484580834 ], [ -20.12985898273385, -44.417932910966158 ], [ -20.136660613527106, -44.447406644403586 ], [ -20.140035066013681, -44.46202927184541 ], [ -20.130581616622113, -44.459030793545857 ], [ -20.122828873386819, -44.487056461120844 ], [ -20.182268447915966, -44.480799663801982 ], [ -20.177085302208042, -44.460539117454381 ], [ -20.188525245234828, -44.455772474526555 ], [ -20.169754853278253, -44.463593471175123 ], [ -20.169754853278253, -44.447951477877979 ], [ -20.165062255289108, -44.43074528525112 ], [ -20.150984461321677, -44.419795889943124 ], [ -20.12595727204625, -44.401025497986545 ] ] ] ] } },
{ "type": "Feature", "properties": { "STATE": "AQUALAND", "County": "Nanzal", "Longitude": -19.95, "Latitude": -44.47 }, "geometry": { "type": "MultiPolygon", "coordinates": [ [ [ [ -19.945355283020245, -44.443525872825838 ], [ -19.909439456592594, -44.453787537519453 ], [ -19.950486115367053, -44.494834196293915 ], [ -19.984691664345771, -44.506806138436467 ], [ -19.986401941794707, -44.487993086498172 ], [ -19.962458057509604, -44.474310866906684 ], [ -19.945355283020245, -44.443525872825838 ] ] ] ] } },
{ "type": "Feature", "properties": { "STATE": "NEW ZALES", "County": "Hillcrest", "Longitude": -6.24, "Latitude": -30.76 }, "geometry": { "type": "MultiPolygon", "coordinates": [ [ [ [ -6.489693573957197, -30.50780056924372 ], [ -6.489693919675529, -30.507810808915558 ], [ -6.489187006484197, -30.507653491029799 ], [ -6.323299757429172, -30.484254049589943 ], [ -6.307991177994225, -30.489233679971733 ], [ -6.292287052672052, -30.479889981686142 ], [ -5.7896857752, -30.657505342500002 ], [ -5.828746427, -30.677035668400002 ], [ -5.5670538058, -30.729788449500006 ], [ -5.436792983861096, -30.899646330102151 ], [ -5.70708986968971, -30.990543835520995 ], [ -6.310362529015707, -30.959123384531402 ], [ -6.310362529016279, -30.959123384531374 ], [ -6.597895635011264, -30.943394998666591 ], [ -6.643413098433218, -30.941777000716939 ], [ -6.908279552585165, -30.845318546840808 ], [ -6.915095122067346, -30.789744634694003 ], [ -6.917987991770841, -30.766156277598611 ], [ -6.917796173799999, -30.764084643500006 ], [ -7.008836930340597, -30.665439643979049 ], [ -7.017000712248818, -30.660900395471103 ], [ -6.714748473599557, -30.57314363692624 ], [ -6.489693573957197, -30.50780056924372 ] ] ] ] } },
{ "type": "Feature", "properties": { "STATE": "NEW ZALES", "County": "Roseville", "Longitude": -6.93, "Latitude": -30.4 }, "geometry": { "type": "MultiPolygon", "coordinates": [ [ [ [ -7.414883932834242, -30.31245903711541 ], [ -7.431600173152844, -30.2472780974337 ], [ -7.435715084030359, -30.236352299585853 ], [ -7.437244199191741, -30.232292235191593 ], [ -7.137101416576431, -30.234932632289905 ], [ -7.13446919065023, -30.230816834404088 ], [ -7.042123177851892, -30.230366838941578 ], [ -6.959182286604994, -30.229962673958305 ], [ -6.895316063863578, -30.229651458459436 ], [ -6.890521046202233, -30.245916752825345 ], [ -6.877448768754749, -30.246242518203346 ], [ -6.871718326454242, -30.272082299179715 ], [ -6.846543961657324, -30.273853552511206 ], [ -6.7823179409, -30.153860183200003 ], [ -6.5066128574, -30.041535889900004 ], [ -6.502840957320239, -30.043344830371524 ], [ -6.494746272, -30.049087353300003 ], [ -6.481481765666844, -30.057528402789195 ], [ -6.467680630899999, -30.066310943100007 ], [ -6.469702261680289, -30.060815322788095 ], [ -6.4642462055, -30.062719215900003 ], [ -6.462488165257442, -30.063422431995498 ], [ -6.453377283685228, -30.067066784616465 ], [ -6.489513138216713, -30.50245632626671 ], [ -6.714748473599557, -30.57314363692624 ], [ -7.017000712248818, -30.660900395471103 ], [ -7.017001908158427, -30.660647178409121 ], [ -7.043848644010497, -30.666465475185916 ], [ -7.13428027649738, -30.684277271074798 ], [ -7.135861538972347, -30.68435262178135 ], [ -7.276945807375454, -30.736230427221592 ], [ -7.298261144439461, -30.678957373712286 ], [ -7.302744778310414, -30.661471201639358 ], [ -7.318932859731418, -30.623413693943583 ], [ -7.355727572031777, -30.524548472150009 ], [ -7.414883932834242, -30.31245903711541 ] ] ] ] } },
{ "type": "Feature", "properties": { "STATE": "NEW ZALES", "County": "Gel Tower", "Longitude": -6.94, "Latitude": -30.15 }, "geometry": { "type": "MultiPolygon", "coordinates": [ [ [ [ -7.1058517049, -30.114331748100007 ], [ -6.7925877577, -30.020352564 ], [ -6.7823179409, -30.153860183200003 ], [ -6.846543961657324, -30.273853552511206 ], [ -6.871718326454242, -30.272082299179715 ], [ -6.877448768754749, -30.246242518203346 ], [ -6.890521046202233, -30.245916752825345 ], [ -6.895316063863578, -30.229651458459436 ], [ -7.13446919065023, -30.230816834404088 ], [ -7.13089164694594, -30.225222919889397 ], [ -7.122123440199999, -30.186392290300006 ], [ -7.119103201794053, -30.168270859761826 ], [ -7.1058517049, -30.114331748100007 ] ] ] ] } },
{ "type": "Feature", "properties": { "STATE": "AQUALAND", "County": "Eisenreach", "Longitude": -20.86, "Latitude": -41.18 }, "geometry": { "type": "MultiPolygon", "coordinates": [ [ [ [ -21.658904214808349, -40.802133016893102 ], [ -21.578660850399999, -40.738592579100008 ], [ -21.499869209802089, -40.665817963347259 ], [ -20.303865052100001, -40.75076555 ], [ -20.303123063884843, -40.754804811856623 ], [ -19.948575185180381, -40.798108369556296 ], [ -19.917796081899688, -40.785012172479107 ], [ -20.1673369744178, -41.661121187827717 ], [ -20.392874172048792, -41.656800066527396 ], [ -20.447491718382086, -41.642038567518398 ], [ -20.505061564517177, -41.661228516230089 ], [ -20.571488310057664, -41.661228516230089 ], [ -20.577392909661263, -41.678942315040892 ], [ -20.596135834480464, -41.683200286785549 ], [ -21.254837827876266, -41.692429796772714 ], [ -21.485518481438511, -41.614032267516649 ], [ -21.698547151738836, -41.543337846 ], [ -21.7036092072, -41.543337846 ], [ -21.666091003600002, -40.914907935200006 ], [ -21.6603316771, -40.818439217400005 ], [ -21.661987121700001, -40.819492682100005 ], [ -21.658904214808349, -40.802133016893102 ] ] ] ] } },
{ "type": "Feature", "properties": { "STATE": "NOVA", "County": "Phaula Tërns", "Longitude": -16.78, "Latitude": -43.75 }, "geometry": { "type": "MultiPolygon", "coordinates": [ [ [ [ -17.447230671864297, -43.989852585268061 ], [ -17.448907139756855, -43.973417955037498 ], [ -17.540887279524142, -43.071724822507178 ], [ -16.718623865940977, -43.09695585251611 ], [ -16.453454397327505, -43.105092538047195 ], [ -16.060019437499999, -43.006681544500005 ], [ -16.06129461068133, -43.007348114247982 ], [ -15.889364718317097, -43.083726217565932 ], [ -16.006433116926935, -43.074147613376255 ], [ -16.104159039563434, -43.066151621775433 ], [ -15.9291974027, -43.399147649 ], [ -15.876868588799999, -43.647709515200006 ], [ -16.029494296099998, -43.678234656600004 ], [ -16.166857432699999, -44.090324066400001 ], [ -16.578946842400001, -44.578726329800006 ], [ -16.853673115599999, -44.471888334600003 ], [ -16.902066632500002, -44.558996665200006 ], [ -16.969073040600001, -44.618557916800007 ], [ -17.254743512344575, -44.666704068244762 ], [ -17.447230671864297, -43.989852585268061 ] ] ] ] } },
{ "type": "Feature", "properties": { "STATE": "NOVA", "County": "Chylesten", "Longitude": -15.38, "Latitude": -42.49 }, "geometry": { "type": "MultiPolygon", "coordinates": [ [ [ [ -16.256184391920087, -42.133614830106445 ], [ -16.151594861900001, -42.060402159100008 ], [ -16.142240383099999, -42.032338722600002 ], [ -16.136527934746177, -42.015201377538546 ], [ -16.1210697205, -41.968826734800004 ], [ -16.117449634777358, -41.951177456219611 ], [ -16.060019437499999, -41.968826734800004 ], [ -15.876868588799999, -41.923039022600001 ], [ -14.671125501, -41.892513881100001 ], [ -14.610880873136121, -41.872696522610077 ], [ -14.6558629303, -41.923039022600001 ], [ -14.6936457977, -42.458296310800002 ], [ -14.665186298109862, -43.120202463435682 ], [ -14.665148201886362, -43.121097317366726 ], [ -14.710264086282013, -43.130629399533483 ], [ -15.88580122766796, -43.083867968868418 ], [ -16.0447568668, -42.701430129800002 ], [ -16.265174628632334, -42.250596099794663 ], [ -16.256184391920087, -42.133614830106445 ] ] ] ] } },
{ "type": "Feature", "properties": { "STATE": "NOVA", "County": "Chylesten", "Longitude": -10.68, "Latitude": -42.47 }, "geometry": { "type": "MultiPolygon", "coordinates": [ [ [ [ -10.294478851341397, -43.608984138390383 ], [ -11.643191073420482, -42.389691211655084 ], [ -11.6566277438, -42.446212982500008 ], [ -11.6906019071, -42.417408800600008 ], [ -11.6737657606, -42.131194310100007 ], [ -11.358982018900001, -41.827911909800001 ], [ -10.79879471459239, -41.594500533005167 ], [ -10.594176923992347, -41.73343853898416 ], [ -9.5305002415, -42.517200305 ], [ -9.5080130005, -42.520323532900001 ], [ -9.798062991, -42.659120743600006 ], [ -10.192624562, -43.013793545400006 ], [ -10.233307394899999, -43.610475094 ], [ -10.257188980320482, -43.642695071655083 ], [ -10.257188980318402, -43.642695071657897 ], [ -10.257188980320384, -43.642695071686973 ], [ -10.257188980338547, -43.642695071662395 ], [ -10.257189024570955, -43.642695719909455 ], [ -10.26240711245276, -43.637978347632988 ], [ -10.287588371550278, -43.614648651705366 ], [ -10.294074149286562, -43.608639769391118 ], [ -10.294478851341397, -43.608984138390383 ] ], [ [ -10.293270288088891, -43.60814649092891 ], [ -10.293270288088893, -43.60814649092891 ], [ -10.287588371550278, -43.614648651705366 ], [ -10.293270288088891, -43.60814649092891 ] ] ] ] } },
{ "type": "Feature", "properties": { "STATE": "HAMPTON", "County": "Oasis", "Longitude": -13.29, "Latitude": -44.79 }, "geometry": { "type": "MultiPolygon", "coordinates": [ [ [ [ -14.447236244132993, -44.43758435912148 ], [ -14.3407872448, -44.206944860400007 ], [ -14.299880272, -44.239670438600001 ], [ -14.286229681690633, -44.250590910852267 ], [ -14.213769358033627, -44.30855916980321 ], [ -14.1417634454974, -44.410472063790046 ], [ -14.000409331880796, -44.355883984309607 ], [ -13.918820605721166, -44.363909116423166 ], [ -13.844091144114991, -44.371259565809908 ], [ -13.254128664897195, -44.402430373539012 ], [ -13.065797288399999, -44.355693688700001 ], [ -12.990284450351856, -44.370917634074821 ], [ -12.990284450351785, -44.370917634074807 ], [ -12.69767864804038, -44.15179716887512 ], [ -12.694503142199999, -44.149419163 ], [ -12.065390802483279, -44.844064038047307 ], [ -12.281993654625813, -44.976017499679834 ], [ -12.320834568914096, -45.005972389937412 ], [ -12.980845286006527, -45.514985860953814 ], [ -13.436861844844355, -45.30083440838866 ], [ -13.851377610283116, -45.106172281412178 ], [ -14.568864071742272, -44.769826468270786 ], [ -14.570656353409149, -44.772813604381938 ], [ -14.582893640858028, -44.766297422951538 ], [ -14.58289364085803, -44.766297422951538 ], [ -14.595548941401479, -44.759558655496591 ], [ -14.465429381027015, -44.47700282239586 ], [ -14.447700829199999, -44.438590960100001 ], [ -14.447242103400001, -44.437597054200005 ], [ -14.447236244132993, -44.43758435912148 ] ] ] ] } },
{ "type": "Feature", "properties": { "STATE": "BAYBAR", "County": "New Hartford", "Longitude": -7.75, "Latitude": -43.37 }, "geometry": { "type": "MultiPolygon", "coordinates": [ [ [ [ -7.26146721252081, -43.651546278501833 ], [ -7.266920517520811, -43.655691218401834 ], [ -7.26146721252081, -43.650902950601832 ], [ -7.26146721252081, -43.651546278501833 ] ] ], [ [ [ -7.510506081246642, -43.356739098510161 ], [ -7.277652557362166, -43.60681193844762 ], [ -7.277652557362096, -43.606811938447699 ], [ -7.277652557362098, -43.606811938447692 ], [ -7.26146721252081, -43.650902950601832 ], [ -7.4907888094, -43.827004196200001 ], [ -7.65946100438833, -43.950002750390205 ], [ -7.792452053392895, -43.827375906212183 ], [ -8.022815429171914, -43.716676420747945 ], [ -8.529615673201112, -43.574894373564661 ], [ -8.717328837313097, -43.58588146808146 ], [ -7.1323831603, -42.644113547300009 ], [ -6.958225830762685, -42.779629149386103 ], [ -7.459456478946642, -43.101491086810164 ], [ -7.510506081246642, -43.356739098510161 ] ] ] ] } },
{ "type": "Feature", "properties": { "STATE": "BAYBAR", "County": "North Horward", "Longitude": -5.28, "Latitude": -42.26 }, "geometry": { "type": "MultiPolygon", "coordinates": [ [ [ [ -5.342488661977487, -42.182441943517652 ], [ -5.408372365787276, -42.119852424898355 ], [ -5.376054825305648, -42.130672056346107 ], [ -5.335900291596509, -42.136323350850802 ], [ -5.302958439691615, -42.165971017565212 ], [ -5.267935863843344, -42.250005416826724 ], [ -5.237074735881826, -42.277973314041851 ], [ -5.151425920929103, -42.248325647327441 ], [ -5.154720106119592, -42.340562832661149 ], [ -5.197544513595955, -42.370210499375553 ], [ -5.240368921072317, -42.320797721518211 ], [ -5.299664254501126, -42.307620980756255 ], [ -5.362253773120424, -42.294444239994299 ], [ -5.38531306945385, -42.251619832517932 ], [ -5.368842143501403, -42.208795425041572 ], [ -5.342488661977487, -42.182441943517652 ] ] ] ] } },
{ "type": "Feature", "properties": { "STATE": "PORTLAND", "County": "Aguerro St", "Longitude": 1.31, "Latitude": -32.62 }, "geometry": { "type": "MultiPolygon", "coordinates": [ [ [ [ 0.937457163836541, -32.598920582190125 ], [ 1.1896956649, -32.461991110200003 ], [ 1.119440876957209, -32.305852284347829 ], [ 1.125261630310129, -32.304201686210135 ], [ 1.1427464324, -32.321686488300003 ], [ 1.676973899747242, -32.147751964110071 ], [ 1.7574222512, -32.121559477600002 ], [ 1.5425063513, -32.897124290200004 ], [ 1.2837785146, -33.061769277200007 ], [ 1.254395188901047, -33.048057058547229 ], [ 1.2538557962, -33.044251246800002 ], [ 1.224882704015277, -33.034284565607301 ], [ 0.976256828065702, -32.948757800771624 ], [ 0.970511284500001, -32.918430392300003 ], [ 0.966267241301555, -32.919555792464081 ], [ 0.9638417363, -32.912465447400002 ], [ 0.9309678281, -32.897124290200004 ], [ 0.781919379100001, -32.690749514600007 ], [ 0.7780831973, -32.685437878300007 ], [ 0.937457163836541, -32.598920582190125 ] ] ] ] } },
{ "type": "Feature", "properties": { "STATE": "PORTLAND", "County": "Allenia", "Longitude": 0.42, "Latitude": -31.34 }, "geometry": { "type": "MultiPolygon", "coordinates": [ [ [ [ 0.8940287112, -30.695991398300002 ], [ 0.93627523854739, -30.995171531256474 ], [ 1.0569777135, -31.849958534400002 ], [ 0.342907905060043, -31.748877579431451 ], [ -0.3847576654, -31.605549512500005 ], [ -0.2253975774, -31.087629226300002 ], [ -0.172373924, -31.078040064400007 ], [ 0.0557616237, -31.052691670200005 ], [ 0.0590910423, -31.057045525400007 ], [ 0.0590910423, -31.052321734800003 ], [ 0.0737921849, -31.050688274500004 ], [ 0.0849322327, -31.049450491400002 ], [ 0.8940287112, -30.695991398300002 ] ] ] ] } },
{ "type": "Feature", "properties": { "STATE": "PORTLAND", "County": "Valleon", "Longitude": -2.19, "Latitude": -30.17 }, "geometry": { "type": "MultiPolygon", "coordinates": [ [ [ [ -1.852651059386884, -29.97723513492322 ], [ -1.7925646212, -30.430194438100003 ], [ -2.5655940787, -30.666650507400007 ], [ -2.674727649199999, -30.357438724400005 ], [ -2.442981841, -30.054386513700003 ], [ -2.377662666799999, -30.054386513700003 ], [ -2.3676335841, -30.030567442500001 ], [ -2.3655158662, -30.030038013 ], [ -2.281513052799999, -29.826031180500003 ], [ -2.2405263201, -29.728687690400001 ], [ -2.2321512395, -29.726985802300007 ], [ -2.2321512395, -29.717469492300005 ], [ -1.9107926559, -29.538936945900005 ], [ -1.852651059386884, -29.97723513492322 ] ] ], [ [ [ -2.238193367299999, -29.72082623 ], [ -2.236917869399999, -29.720117620100005 ], [ -2.2405263201, -29.728687690400001 ], [ -2.241512998599999, -29.728888191900005 ], [ -2.238193367299999, -29.72082623 ] ] ] ] } },
{ "type": "Feature", "properties": { "STATE": "PORTLAND", "County": "Las Carvas", "Longitude": -0.5, "Latitude": -30.85 }, "geometry": { "type": "MultiPolygon", "coordinates": [ [ [ [ -0.2253975774, -31.087629226300002 ], [ -0.2237924401, -31.082412530200003 ], [ -0.374234020899999, -31.015549605400004 ], [ -0.6751171824, -31.090770395800007 ], [ -0.833074901699999, -31.022546842100006 ], [ -0.838428258, -31.022087983 ], [ -0.9105663277, -30.781627750700004 ], [ -0.8856874418, -30.632354435 ], [ -0.7428115539, -30.537103843100006 ], [ -0.7364141261, -30.557717777200004 ], [ -0.7186836476, -30.564809968600002 ], [ -0.487625266699999, -30.657233321 ], [ -0.4378674948, -30.682112206900001 ], [ -0.3452989668, -30.682112206900001 ], [ -0.234265435899999, -30.673425515300003 ], [ -0.087587196799999, -30.865235520300004 ], [ 0.0557616237, -31.052691670200005 ], [ -0.172373924, -31.078040064400007 ], [ -0.2253975774, -31.087629226300002 ] ] ] ] } },
{ "type": "Feature", "properties": { "STATE": "PORTLAND", "County": "Detritus", "Longitude": 1.29, "Latitude": -30.66 }, "geometry": { "type": "MultiPolygon", "coordinates": [ [ [ [ 1.7288326782, -30.992271345500001 ], [ 1.028388140500001, -31.020860918400004 ], [ 0.95533495384739, -31.00946631775647 ], [ 0.93627523854739, -30.995171531256474 ], [ 0.8940287112, -30.695991398300002 ], [ 1.1091450917, -30.220258097400006 ], [ 1.2014451468, -30.206058088900001 ], [ 1.457231735, -30.206058088900001 ], [ 1.743127464700001, -30.992271345500001 ], [ 1.7288326782, -30.992271345500001 ] ] ] ] } },
{ "type": "Feature", "properties": { "STATE": "PORTLAND", "County": "Banbas", "Longitude": -1.86, "Latitude": -31.38 }, "geometry": { "type": "MultiPolygon", "coordinates": [ [ [ [ -1.8336453472, -31.685729381400002 ], [ -1.8733028195, -31.606414436800002 ], [ -1.8866882265, -31.579643622900001 ], [ -1.8936719171, -31.577897700300007 ], [ -2.028135904499999, -31.544281703400003 ], [ -2.0811787838, -31.561962663100005 ], [ -2.2894967338, -31.520299073100006 ], [ -2.3463931801, -31.508919783900005 ], [ -2.3287122203, -31.349791146100003 ], [ -2.399436059299999, -31.119938669300005 ], [ -2.3829560704, -31.116469197900003 ], [ -2.287456647599999, -31.096364056300004 ], [ -2.166306473813549, -31.070858756563624 ], [ -2.1306854711, -31.063359598100007 ], [ -2.1078670249, -31.058555714700006 ], [ -1.9423397719, -31.023707871900001 ], [ -1.7471923427, -30.982624202600007 ], [ -1.746222824, -30.982420093400002 ], [ -1.7452405484, -31.013852910800004 ], [ -1.7452405484, -31.090470403 ], [ -1.7806024679, -31.314429226600005 ], [ -1.621473830199999, -31.332110186300007 ], [ -1.4800261521, -31.296748266800002 ], [ -1.2855355948, -31.296748266800002 ], [ -1.461689214744242, -31.789978402473345 ], [ -1.4623451924, -31.791815139900002 ], [ -1.6391547899, -31.756453220400005 ], [ -1.8336453472, -31.685729381400002 ] ] ] ] } },
{ "type": "Feature", "properties": { "STATE": "PORTLAND", "County": "West Bahia", "Longitude": -1.59, "Latitude": -32.11 }, "geometry": { "type": "MultiPolygon", "coordinates": [ [ [ [ -0.6751171824, -32.595186203500006 ], [ -0.821325248, -32.571331203300005 ], [ -1.1135932657, -32.523645368800004 ], [ -2.2631116461, -32.336092369900001 ], [ -2.3132588397, -31.517021541300004 ], [ -2.2894967338, -31.520299073100006 ], [ -2.0811787838, -31.561962663100005 ], [ -2.028135904499999, -31.544281703400003 ], [ -1.8936719171, -31.577897700300007 ], [ -1.8733028195, -31.606414436800002 ], [ -1.8336453472, -31.685729381400002 ], [ -1.6391547899, -31.756453220400005 ], [ -1.4623451924, -31.791815139900002 ], [ -1.461689214744242, -31.789978402473345 ], [ -1.158240766028952, -31.961832756494061 ], [ -1.157328434047829, -31.961188296385068 ], [ -1.153937976028952, -31.963095506494057 ], [ -0.6919613297, -32.250304698400001 ], [ -0.6839571806, -32.255729732699997 ], [ -0.67564665, -32.574536968700002 ], [ -0.680427134199999, -32.573262172900002 ], [ -0.6802009735, -32.579594672400006 ], [ -0.675541348399999, -32.578643728500005 ], [ -0.6751171824, -32.595186203500006 ] ] ] ] } },
{ "type": "Feature", "properties": { "STATE": "PORTLAND", "County": "Pentagon", "Longitude": -0.3, "Latitude": -30.11 }, "geometry": { "type": "MultiPolygon", "coordinates": [ [ [ [ -0.487625266699999, -30.657233321 ], [ -0.7186836476, -30.564809968600002 ], [ -0.7364141261, -30.557717777200004 ], [ -0.7428115539, -30.537103843100006 ], [ -0.7364141261, -30.532838891300003 ], [ -0.763618141599999, -30.470060394 ], [ -0.9513898128, -29.865018342300004 ], [ -0.9603240996, -29.836230084900002 ], [ -0.5887580463, -29.935314365700002 ], [ -0.5871408104, -29.935745628600003 ], [ -0.5867365015, -29.935314365700002 ], [ -0.2636279648, -29.590665259900007 ], [ -0.2600399291, -29.475609412100006 ], [ 0.1387302539, -29.583463297100003 ], [ 0.2621839888, -30.041580793 ], [ 0.1493545741, -30.176976090600007 ], [ 0.1042228082, -30.380069037100007 ], [ -0.234265435899999, -30.673425515300003 ], [ -0.3452989668, -30.682112206900001 ], [ -0.4378674948, -30.682112206900001 ], [ -0.487625266699999, -30.657233321 ] ] ] ] } },
{ "type": "Feature", "properties": { "STATE": "PORTLAND", "County": "Rio de Valley", "Longitude": -1.58, "Latitude": -32.74 }, "geometry": { "type": "MultiPolygon", "coordinates": [ [ [ [ -1.8866149896, -33.150395208900001 ], [ -1.8953655597, -33.163521064100003 ], [ -2.229680183699999, -32.728912053 ], [ -2.271469511699999, -32.344450235500005 ], [ -1.1135932657, -32.523645368800004 ], [ -0.821325248, -32.571331203300005 ], [ -0.821325248, -32.720718947 ], [ -0.8918873853, -32.833448191070239 ], [ -0.896797525589676, -32.841292573685529 ], [ -0.9258531503, -32.887711499400005 ], [ -0.9258531503, -32.979224604100004 ], [ -0.9258531503, -33.021437349 ], [ -1.1598733871, -33.029795214600007 ], [ -1.352104295899999, -33.029795214600007 ], [ -1.444040817399999, -33.063226677 ], [ -1.4628172742, -33.063226677 ], [ -1.5109037422, -33.063226677 ], [ -1.661345323, -33.079942408200004 ], [ -1.744923979, -33.113373870600007 ], [ -1.8619340974, -33.113373870600007 ], [ -1.8778602144, -33.137263046100003 ], [ -1.8866149896, -33.150395208900001 ] ] ] ] } },
{ "type": "Feature", "properties": { "STATE": "PORTLAND", "County": "Las Encrossas", "Longitude": -3.0, "Latitude": -30.08 }, "geometry": { "type": "MultiPolygon", "coordinates": [ [ [ [ -2.442981841, -30.054386513700003 ], [ -2.4504183804, -30.054386513700003 ], [ -2.6777799856, -30.345409368300004 ], [ -3.5690374778, -30.290842583100002 ], [ -3.932816046, -30.072575442200005 ], [ -2.241512998599999, -29.728888191900005 ], [ -2.2405263201, -29.728687690400001 ], [ -2.281513052799999, -29.826031180500003 ], [ -2.3676335841, -30.030567442500001 ], [ -2.377662666799999, -30.054386513700003 ], [ -2.442981841, -30.054386513700003 ] ] ], [ [ [ -2.2405263201, -29.728687690400001 ], [ -2.236917869399999, -29.720117620100005 ], [ -2.2321512395, -29.708796873900006 ], [ -2.2321512395, -29.717469492300005 ], [ -2.2321512395, -29.726985802300007 ], [ -2.2405263201, -29.728687690400001 ] ] ] ] } },
{ "type": "Feature", "properties": { "STATE": "PORTLAND", "County": "Luz de Plata", "Longitude": -1.54, "Latitude": -30.12 }, "geometry": { "type": "MultiPolygon", "coordinates": [ [ [ [ -1.3781624327, -30.395812122600006 ], [ -1.3739403936, -30.412700279100001 ], [ -1.7925646212, -30.430194438100003 ], [ -1.852651059386884, -29.97723513492322 ], [ -1.3739403936, -29.855750046800004 ], [ -1.136911024380267, -29.806331073460534 ], [ -1.132490277037819, -29.789207036675641 ], [ -1.119230064680268, -29.788650113760532 ], [ -1.127139653122716, -29.804469290645429 ], [ -1.2501736753, -30.059081084 ], [ -1.3916213533, -30.129804923 ], [ -1.4093023131, -30.271252601100002 ], [ -1.382358009, -30.379029817500005 ], [ -1.3781624327, -30.395812122600006 ] ] ] ] } },
{ "type": "Feature", "properties": { "STATE": "PORTLAND", "County": "Luna Isla", "Longitude": -2.29, "Latitude": -33.43 }, "geometry": { "type": "MultiPolygon", "coordinates": [ [ [ [ -2.516196455899999, -33.324046702 ], [ -2.2542522002, -33.284755063600002 ], [ -2.1232800724, -33.330595308300005 ], [ -2.1232800724, -33.481213255400007 ], [ -2.1756689235, -33.585990957600004 ], [ -2.2411549875, -33.644928415200006 ], [ -2.3131896578, -33.585990957600004 ], [ -2.3262868706, -33.664574234300005 ], [ -2.3459326897, -33.474664649 ], [ -2.3852243281, -33.468116042600002 ], [ -2.4703562112, -33.481213255400007 ], [ -2.476904817599999, -33.448470223400001 ], [ -2.4441617856, -33.415727191400002 ], [ -2.463807604799999, -33.402629978700006 ], [ -2.516196455899999, -33.376435553100002 ], [ -2.503099243099999, -33.337143914700007 ], [ -2.516196455899999, -33.324046702 ] ] ] ] } },
{ "type": "Feature", "properties": { "STATE": "PORTLAND", "County": "Perellia", "Longitude": -1.51, "Latitude": -29.63 }, "geometry": { "type": "MultiPolygon", "coordinates": [ [ [ [ -1.136911024380267, -29.806331073460534 ], [ -1.3739403936, -29.855750046800004 ], [ -1.852651059386884, -29.97723513492322 ], [ -1.9107926559, -29.538936945900005 ], [ -1.2148117558, -29.210395015800003 ], [ -1.1794498363, -29.528652291400007 ], [ -1.132490277037819, -29.789207036675641 ], [ -1.136911024380267, -29.806331073460534 ] ] ] ] } },
{ "type": "Feature", "properties": { "STATE": "PORTLAND", "County": "West Arlans", "Longitude": 0.93, "Latitude": -29.8 }, "geometry": { "type": "MultiPolygon", "coordinates": [ [ [ [ 1.1091450917, -30.220258097400006 ], [ 0.8263310623, -30.263767948100003 ], [ 0.802664404600001, -30.265588460200007 ], [ 0.781199296400001, -30.267239622400005 ], [ 0.7459965191, -30.180586631900006 ], [ 0.454652615100001, -29.493199765300005 ], [ 0.5900479127, -29.470633882300007 ], [ 0.454652615100001, -29.132145638200001 ], [ 1.3002146041, -29.657960783 ], [ 1.457231735, -30.206058088900001 ], [ 1.2014451468, -30.206058088900001 ], [ 1.1091450917, -30.220258097400006 ] ] ] ] } },
{ "type": "Feature", "properties": { "STATE": "PORTLAND", "County": "West Alexia", "Longitude": -0.06, "Latitude": -32.05 }, "geometry": { "type": "MultiPolygon", "coordinates": [ [ [ [ 1.028388140500001, -32.207328196500001 ], [ 1.032862906497485, -32.211802962497487 ], [ 1.0328629065, -32.211802962500002 ], [ -0.3038695746, -32.502792346100001 ], [ -0.6668771017, -32.576875514900003 ], [ -0.67564665, -32.574536968700002 ], [ -0.6839571806, -32.255729732699997 ], [ -0.6919613297, -32.250304698400001 ], [ -1.153937976028952, -31.963095506494057 ], [ -1.0481382933, -31.884057721700003 ], [ -0.5743577675, -31.568204037800001 ], [ -0.3847576654, -31.605549512500005 ], [ 0.342907905060043, -31.748877579431451 ], [ 1.0569777135, -31.849958534400002 ], [ 1.028388140500001, -31.864253320900005 ], [ 1.028388140500001, -32.125867737400007 ], [ 1.028388140500001, -32.207328196500001 ] ] ] ] } },
{ "type": "Feature", "properties": { "STATE": "PORTLAND", "County": "Edramar", "Longitude": 0.41, "Latitude": -30.37 }, "geometry": { "type": "MultiPolygon", "coordinates": [ [ [ [ -0.087587196799999, -30.865235520300004 ], [ -0.234265435899999, -30.673425515300003 ], [ 0.1042228082, -30.380069037100007 ], [ 0.1493545741, -30.176976090600007 ], [ 0.2621839888, -30.041580793 ], [ 0.1387302539, -29.583463297100003 ], [ 0.171460749089491, -29.574111727042904 ], [ 0.454652615100001, -29.493199765300005 ], [ 0.7459965191, -30.180586631900006 ], [ 0.781199296400001, -30.267239622400005 ], [ 0.802664404600001, -30.265588460200007 ], [ 0.8263310623, -30.263767948100003 ], [ 1.1091450917, -30.220258097400006 ], [ 0.8940287112, -30.695991398300002 ], [ 0.0737921849, -31.050688274500004 ], [ 0.0590910423, -31.052321734800003 ], [ 0.0557616237, -31.052691670200005 ], [ -0.087587196799999, -30.865235520300004 ] ] ] ] } },
{ "type": "Feature", "properties": { "STATE": "PORTLAND", "County": "Ariella", "Longitude": 0.13, "Latitude": -29.32 }, "geometry": { "type": "MultiPolygon", "coordinates": [ [ [ [ -0.224005955700001, -29.050880803300004 ], [ 0.454652615100001, -29.132145638200001 ], [ 0.5900479127, -29.470633882300007 ], [ 0.454652615100001, -29.493199765300005 ], [ 0.293591693748105, -29.53921717141511 ], [ 0.171460749089491, -29.574111727042904 ], [ 0.1387302539, -29.583463297100003 ], [ -0.2600399291, -29.475609412100006 ], [ -0.224005955700001, -29.050880803300004 ] ] ] ] } },
{ "type": "Feature", "properties": { "STATE": "PORTLAND", "County": "Santa Verde", "Longitude": -1.07, "Latitude": -30.41 }, "geometry": { "type": "MultiPolygon", "coordinates": [ [ [ [ -0.9361671475, -31.013710363900003 ], [ -1.110199736672193, -30.984704932385931 ], [ -1.134476301199999, -30.980658838300002 ], [ -1.1579467187, -30.924329836300004 ], [ -1.1617688765, -30.907767152200002 ], [ -1.2726114545, -30.649134470400007 ], [ -1.3781624327, -30.395812122600006 ], [ -1.382358009, -30.379029817500005 ], [ -1.4093023131, -30.271252601100002 ], [ -1.3916213533, -30.129804923 ], [ -1.2501736753, -30.059081084 ], [ -1.127139653122716, -29.804469290645429 ], [ -0.9513898128, -29.865018342300004 ], [ -0.763618141599999, -30.470060394 ], [ -0.7364141261, -30.532838891300003 ], [ -0.7428115539, -30.537103843100006 ], [ -0.8856874418, -30.632354435 ], [ -0.9105663277, -30.781627750700004 ], [ -0.838428258, -31.022087983 ], [ -0.8359296699, -31.030416610100005 ], [ -0.9361671475, -31.013710363900003 ] ] ], [ [ [ -1.130377598537819, -29.79660141137564 ], [ -1.132490277037819, -29.789207036675641 ], [ -1.120101482680268, -29.798936698760535 ], [ -1.127139653122716, -29.804469290645429 ], [ -1.130377598537819, -29.79660141137564 ] ] ] ] } },
{ "type": "Feature", "properties": { "STATE": "PORTLAND", "County": "San Pedro", "Longitude": 0.14, "Latitude": -32.6 }, "geometry": { "type": "MultiPolygon", "coordinates": [ [ [ [ -0.8915414925, -32.841089651800004 ], [ -0.903647741599999, -32.861843221600004 ], [ -0.896797525589676, -32.841292573685529 ], [ -0.8918873853, -32.833448191070239 ], [ -0.8918873853, -32.838322509100003 ], [ -0.8915414925, -32.841089651800004 ] ] ], [ [ [ -0.3038695746, -32.502792346100001 ], [ 1.0328629065, -32.211802962500002 ], [ 1.032862906497485, -32.211802962497487 ], [ 1.0450448167, -32.209151118100003 ], [ 1.0720921027, -32.203263273500006 ], [ 1.1130368614, -32.291976917300005 ], [ 1.119440876957209, -32.305852284347829 ], [ 1.1896956649, -32.461991110200003 ], [ 0.937457163836541, -32.598920582190125 ], [ 0.7780831973, -32.685437878300007 ], [ 0.781919379100001, -32.690749514600007 ], [ -0.9258531503, -32.979224604100004 ], [ -0.8915414925, -32.841089651800004 ], [ -0.821325248, -32.720718947 ], [ -0.821325248, -32.571331203300005 ], [ -0.6751171824, -32.595186203500006 ], [ -0.675541348399999, -32.578643728500005 ], [ -0.6802009735, -32.579594672400006 ], [ -0.680427134199999, -32.573262172900002 ], [ -0.67564665, -32.574536968700002 ], [ -0.6668771017, -32.576875514900003 ], [ -0.656680261, -32.579594672400006 ], [ -0.3038695746, -32.502792346100001 ] ] ] ] } },
{ "type": "Feature", "properties": { "STATE": "PORTLAND", "County": "Arandor", "Longitude": -0.73, "Latitude": -29.67 }, "geometry": { "type": "MultiPolygon", "coordinates": [ [ [ [ -1.1794498363, -29.528652291400007 ], [ -0.2600399291, -29.475609412100006 ], [ -0.2636279648, -29.590665259900007 ], [ -0.5867365015, -29.935314365700002 ], [ -0.5887580463, -29.935314365700002 ], [ -0.9603240996, -29.836230084900002 ], [ -0.9513898128, -29.865018342300004 ], [ -1.127139653122716, -29.804469290645429 ], [ -1.119230064680268, -29.788650113760532 ], [ -1.132490277037819, -29.789207036675641 ], [ -1.1794498363, -29.528652291400007 ] ] ] ] } },
{ "type": "Feature", "properties": { "STATE": "PORTLAND", "County": "Hughes", "Longitude": -2.11, "Latitude": -30.79 }, "geometry": { "type": "MultiPolygon", "coordinates": [ [ [ [ -1.9423397719, -31.023707871900001 ], [ -2.1078670249, -31.058555714700006 ], [ -2.1306854711, -31.063359598100007 ], [ -2.166306473813549, -31.070858756563624 ], [ -2.2403074216, -31.084576749800007 ], [ -2.287456647599999, -31.096364056300004 ], [ -2.3829560704, -31.116469197900003 ], [ -2.5408837374, -30.660233715700002 ], [ -1.7925646212, -30.430194438100003 ], [ -1.7471923427, -30.982624202600007 ], [ -1.9423397719, -31.023707871900001 ] ] ] ] } },
{ "type": "Feature", "properties": { "STATE": "PORTLAND", "County": "Nueva Costa", "Longitude": 1.41, "Latitude": -31.6 }, "geometry": { "type": "MultiPolygon", "coordinates": [ [ [ [ 1.028388140500001, -31.864253320900005 ], [ 1.0569777135, -31.849958534400002 ], [ 0.93627523854739, -30.995171531256474 ], [ 0.95533495384739, -31.00946631775647 ], [ 1.028388140500001, -31.020860918400004 ], [ 1.7288326782, -30.992271345500001 ], [ 1.9146649025, -31.535473231800005 ], [ 1.7574222512, -32.121559477600002 ], [ 1.676973899747242, -32.147751964110071 ], [ 1.1427464324, -32.321686488300003 ], [ 1.125261630310129, -32.304201686210135 ], [ 1.1130368614, -32.291976917300005 ], [ 1.0720921027, -32.203263273500006 ], [ 1.0450448167, -32.209151118100003 ], [ 1.032862906497485, -32.211802962497487 ], [ 1.028388140500001, -32.207328196500001 ], [ 1.028388140500001, -32.125867737400007 ], [ 1.028388140500001, -31.864253320900005 ] ] ] ] } },
{ "type": "Feature", "properties": { "STATE": "PORTLAND", "County": "Augustia", "Longitude": -0.71, "Latitude": -29.27 }, "geometry": { "type": "MultiPolygon", "coordinates": [ [ [ [ -1.1794498363, -29.528652291400007 ], [ -1.2148117558, -29.210395015800003 ], [ -0.7904687217, -28.998223498800002 ], [ -0.224005955700001, -29.050880803300004 ], [ -0.2600399291, -29.475609412100006 ], [ -1.1794498363, -29.528652291400007 ] ] ] ] } },
{ "type": "Feature", "properties": { "STATE": "PORTLAND", "County": "Los Aves", "Longitude": -0.46, "Latitude": -33.05 }, "geometry": { "type": "MultiPolygon", "coordinates": [ [ [ [ -1.7739141015, -33.120571058300001 ], [ -1.4916655523, -33.073529633500002 ], [ -1.4628172742, -33.063226677 ], [ -1.444040817399999, -33.063226677 ], [ -1.352104295899999, -33.029795214600007 ], [ -1.1598733871, -33.029795214600007 ], [ -0.9258531503, -33.021437349 ], [ -0.9258531503, -32.979224604100004 ], [ 0.781919379100001, -32.690749514600007 ], [ 0.9309678281, -32.897124290200004 ], [ 0.9638417363, -32.912465447400002 ], [ -0.0921831627, -33.179372839400003 ], [ -0.7154820421, -33.167612483200003 ], [ -1.3387809215, -33.402819607500007 ], [ -1.7268726767, -33.355778182600005 ], [ -1.8866149896, -33.150395208900001 ], [ -1.8778602144, -33.137263046100003 ], [ -1.8444762388, -33.120571058300001 ], [ -1.7739141015, -33.120571058300001 ] ] ] ] } },
{ "type": "Feature", "properties": { "STATE": "PORTLAND", "County": "Santa Valerio", "Longitude": -0.87, "Latitude": -31.43 }, "geometry": { "type": "MultiPolygon", "coordinates": [ [ [ [ -0.3847576654, -31.605549512500005 ], [ -0.5743577675, -31.568204037800001 ], [ -1.0481382933, -31.884057721700003 ], [ -1.157328434047829, -31.961188296385068 ], [ -1.158240766028952, -31.961832756494061 ], [ -1.461689214744242, -31.789978402473345 ], [ -1.2855355948, -31.296748266800002 ], [ -1.2601677743, -31.283001304500004 ], [ -1.206500376, -31.262876030200005 ], [ -1.160546477595323, -31.245643318319772 ], [ -1.1264419247, -31.232854111 ], [ -1.0930104623, -31.099128261400004 ], [ -1.110199736672193, -30.984704932385931 ], [ -0.9361671475, -31.013710363900003 ], [ -0.8359296699, -31.030416610100005 ], [ -0.838428258, -31.022087983 ], [ -0.833074901699999, -31.022546842100006 ], [ -0.6751171824, -31.090770395800007 ], [ -0.374234020899999, -31.015549605400004 ], [ -0.2237924401, -31.082412530200003 ], [ -0.2253975774, -31.087629226300002 ], [ -0.3847576654, -31.605549512500005 ] ] ] ] } },
{ "type": "Feature", "properties": { "STATE": "PORTLAND", "County": "Valle Rica", "Longitude": -1.48, "Latitude": -30.89 }, "geometry": { "type": "MultiPolygon", "coordinates": [ [ [ [ -1.746222824, -30.982420093400002 ], [ -1.7925646212, -30.430194438100003 ], [ -1.3739403936, -30.412700279100001 ], [ -1.2726114545, -30.649134470400007 ], [ -1.1617688765, -30.907767152200002 ], [ -1.1579467187, -30.924329836300004 ], [ -1.134476301199999, -30.980658838300002 ], [ -1.110199736672193, -30.984704932385931 ], [ -1.0930104623, -31.099128261400004 ], [ -1.1264419247, -31.232854111 ], [ -1.160546477595323, -31.245643318319772 ], [ -1.206500376, -31.262876030200005 ], [ -1.2601677743, -31.283001304500004 ], [ -1.2855355948, -31.296748266800002 ], [ -1.4800261521, -31.296748266800002 ], [ -1.621473830199999, -31.332110186300007 ], [ -1.7806024679, -31.314429226600005 ], [ -1.7452405484, -31.090470403 ], [ -1.7452405484, -31.013852910800004 ], [ -1.746222824, -30.982420093400002 ] ] ] ] } },
{ "type": "Feature", "properties": { "STATE": "DENBURG", "County": "Verdantia", "Longitude": -29.88, "Latitude": -47.66 }, "geometry": { "type": "MultiPolygon", "coordinates": [ [ [ [ -30.605548513700001, -48.254315550700007 ], [ -30.605548513700001, -48.217999503900003 ], [ -30.605548513700001, -47.403052499500006 ], [ -30.585621052, -47.400561566800008 ], [ -29.798069371909584, -47.298401813884702 ], [ -28.916414742800001, -47.186816961400005 ], [ -28.916414742799383, -47.186816961399927 ], [ -28.937767842, -47.194579915600002 ], [ -28.939313653450377, -47.219312898806088 ], [ -28.9394441086, -47.221400181200003 ], [ -28.974751376107328, -47.218737548615756 ], [ -28.984712575638454, -47.684134412242287 ], [ -28.986570077605528, -47.745431977271963 ], [ -28.986736921499997, -47.750937825800001 ], [ -29.545812878600003, -47.767879521500006 ], [ -30.014876192499997, -48.132706543400005 ], [ -30.023028087885656, -48.13438487481119 ], [ -30.05844914, -48.141677444400003 ], [ -30.059959387004248, -48.141988377605053 ], [ -30.076680579300003, -48.145430976 ], [ -30.588307985829921, -48.250766030257125 ], [ -30.605548513700001, -48.254315550700007 ] ] ] ] } },
{ "type": "Feature", "properties": { "STATE": "DENBURG", "County": "Greynor", "Longitude": -32.78, "Latitude": -45.66 }, "geometry": { "type": "MultiPolygon", "coordinates": [ [ [ [ -32.149069852984987, -46.011525068176695 ], [ -32.160217132832948, -46.013355218600005 ], [ -32.1781642698, -46.013355218600005 ], [ -32.201774697251089, -46.02017810231235 ], [ -32.506002261, -46.070125911300003 ], [ -32.561754633716603, -46.054591924495632 ], [ -32.7097555446, -46.002140224200005 ], [ -33.000311086799996, -45.986768547700002 ], [ -33.004241812229495, -45.995095022869776 ], [ -33.006867889216501, -45.994899270432093 ], [ -33.009807144199996, -45.845571704800001 ], [ -33.019956873579751, -45.831523901221068 ], [ -33.031115679192837, -45.81607947865934 ], [ -33.076535563972897, -45.758729709780383 ], [ -33.085705410883357, -45.750869840999982 ], [ -33.096232395299999, -45.741846711500003 ], [ -33.179176000200002, -45.719225728300003 ], [ -33.33109055335396, -45.698923437943733 ], [ -33.358117420885982, -45.688112690886321 ], [ -33.343115270299997, -45.674515018300006 ], [ -33.367854612899997, -45.667767924900005 ], [ -33.417240470700001, -45.544303280500003 ], [ -33.354582462370601, -45.34240525365442 ], [ -33.313908287567756, -45.20084046300299 ], [ -33.311395428436363, -45.197952655104032 ], [ -33.306355103708455, -45.198038012681927 ], [ -33.306278407512515, -45.198037539248475 ], [ -33.30818420783492, -45.192899766855696 ], [ -33.306274746999605, -45.186747059864899 ], [ -33.306139438834983, -45.186311066900309 ], [ -33.291809072507093, -45.189062325166589 ], [ -33.170986515400003, -45.212753022600005 ], [ -32.714854984488028, -45.308125775822376 ], [ -32.702220455380569, -45.302125570294173 ], [ -32.7192470241, -45.329411969500001 ], [ -32.524576469909931, -45.524082523690069 ], [ -32.462113577799997, -45.588233602100004 ], [ -32.458174476437456, -45.590484517162544 ], [ -32.457012676, -45.591646317600002 ], [ -32.455178254246924, -45.59219664412722 ], [ -32.402809936959592, -45.627996157923256 ], [ -32.37520025458587, -45.64377311926728 ], [ -32.104093480826513, -45.682107767137438 ], [ -32.118268171057743, -45.960999242115726 ], [ -32.149069852984987, -46.011525068176695 ] ] ] ] } },
{ "type": "Feature", "properties": { "STATE": "DENBURG", "County": "Lanver", "Longitude": -29.64, "Latitude": -46.86 }, "geometry": { "type": "MultiPolygon", "coordinates": [ [ [ [ -28.908039225700001, -47.185429812 ], [ -28.908037543763754, -47.185416634039626 ], [ -28.916265886686091, -47.185429812 ], [ -28.916414742800001, -47.186816961400005 ], [ -29.798069371909584, -47.298401813884702 ], [ -30.585738669425183, -47.398091601096247 ], [ -30.585904663154643, -47.394605733095332 ], [ -30.5859344964, -47.392756071883383 ], [ -30.5859344964, -47.043961878700003 ], [ -30.584082552699996, -47.040257991300003 ], [ -30.414085718027088, -46.714156446678707 ], [ -30.238582948662952, -46.378091013069024 ], [ -30.236925605100978, -46.378179044594873 ], [ -30.2359171401, -46.382817983600006 ], [ -29.454713844968111, -46.420018140451837 ], [ -29.37408737897217, -46.426409071371857 ], [ -28.485830358899999, -46.518935844300003 ], [ -28.368776430924115, -46.510156799771082 ], [ -28.429268837400002, -46.532020435600003 ], [ -28.49645696354245, -46.565614498671231 ], [ -28.541740412199999, -46.587159248600003 ], [ -28.542777001, -46.588774517400005 ], [ -28.519553348599999, -46.577162691200002 ], [ -28.5610915828, -46.624931660500003 ], [ -28.561091582831494, -46.624931660604197 ], [ -28.585182594199999, -46.652636323700001 ], [ -28.619316217155777, -46.817551430691744 ], [ -28.622278926500002, -46.827352718400007 ], [ -28.654744897566374, -46.844300310209803 ], [ -28.699739343160871, -46.861684527825865 ], [ -28.721694792335427, -46.87924888716551 ], [ -28.729144783700001, -46.883137864100007 ], [ -28.739135532388154, -46.893483587235032 ], [ -28.849048628299997, -46.988839619900006 ], [ -28.881604502499997, -47.026821473200002 ], [ -28.884463428494541, -47.043975029090802 ], [ -28.8844634286, -47.043975029200006 ], [ -28.904040818640318, -47.161439369441887 ], [ -28.907572831665441, -47.185415889787997 ], [ -28.908039225700001, -47.185429812 ] ] ] ] } },
{ "type": "Feature", "properties": { "STATE": "DENBURG", "County": "New Arden", "Longitude": -33.37, "Latitude": -47.75 }, "geometry": { "type": "MultiPolygon", "coordinates": [ [ [ [ -34.576255377174888, -47.972942116479679 ], [ -34.575798486994394, -47.97366237695897 ], [ -34.576136765464931, -47.973970084672274 ], [ -34.576255377174888, -47.972942116479679 ] ] ], [ [ [ -34.111472186067822, -47.204064730488433 ], [ -34.165775571799998, -47.169507049800004 ], [ -34.152413242583414, -47.154456709423137 ], [ -34.129240776455283, -47.122850569487262 ], [ -34.127556101453983, -47.120416590966705 ], [ -34.127154250431083, -47.119835093955359 ], [ -34.126646318996841, -47.118873483842115 ], [ -34.126569194512307, -47.118276965503341 ], [ -34.118277055299998, -47.116008230200002 ], [ -34.105574805399996, -47.101701354400006 ], [ -33.543870655437082, -46.982778069365295 ], [ -33.228200588484178, -46.915944806068865 ], [ -33.116519761721037, -46.892299884102485 ], [ -32.830294451100002, -46.831700627 ], [ -32.826795054100003, -46.832943682 ], [ -32.724929451199998, -46.810616974500007 ], [ -32.617160679796775, -46.900424284135717 ], [ -32.623731995800064, -46.90392146085486 ], [ -32.62332434427497, -46.904071978341051 ], [ -32.624612211600002, -46.904763029100003 ], [ -32.581008154099997, -46.920252053300004 ], [ -32.424033797882046, -47.297891655496656 ], [ -32.389120540238181, -47.393357594366599 ], [ -32.3867933808, -47.402020747800002 ], [ -32.41055969415261, -47.426631485715454 ], [ -32.521097685334546, -47.536880938004408 ], [ -32.48522921729662, -47.680087135021502 ], [ -32.463441799615907, -47.772508165967572 ], [ -32.496874179835636, -47.758690016492189 ], [ -32.5045016981, -47.755041241 ], [ -32.498204876876308, -47.768859270799119 ], [ -32.496965057761876, -47.772796117861262 ], [ -32.399686135073686, -47.99201622532761 ], [ -32.452693729700002, -48.288468034300003 ], [ -32.4138029123, -48.444031303700001 ], [ -32.390291526332959, -48.441092380454442 ], [ -32.389239471, -48.444638579100001 ], [ -33.864010467199996, -48.521993433 ], [ -34.914733945199998, -48.055175153500002 ], [ -34.931818959048172, -48.030492118687135 ], [ -34.832528682300001, -48.022217928900005 ], [ -34.569979567099999, -47.982835561700007 ], [ -34.575798486994394, -47.97366237695897 ], [ -34.289964893473602, -47.713660014681054 ], [ -34.077550896699996, -47.524435764800003 ], [ -34.049003390973091, -47.390068234250244 ], [ -34.048934382, -47.389743422500004 ], [ -33.968000455499997, -47.295427980800007 ], [ -34.029709927510687, -47.256304476234888 ], [ -34.071373674786848, -47.230560124578354 ], [ -34.111472186067822, -47.204064730488433 ] ] ] ] } },
{ "type": "Feature", "properties": { "STATE": "DENBURG", "County": "Calvorn", "Longitude": -33.1, "Latitude": -46.47 }, "geometry": { "type": "MultiPolygon", "coordinates": [ [ [ [ -33.228200588484178, -46.915944806068865 ], [ -33.543870655437082, -46.982778069365295 ], [ -34.105574805399996, -47.101701354400006 ], [ -34.118277055299998, -47.116008230200002 ], [ -34.126569194512307, -47.118276965503341 ], [ -34.126883233665971, -47.118362886843578 ], [ -34.110649132470883, -46.956021875037791 ], [ -34.079811588200002, -46.669870633300008 ], [ -34.015763634099997, -46.029391092200001 ], [ -34.015558652292832, -46.027341274210222 ], [ -33.994000500925907, -46.025381442291319 ], [ -33.986539566300003, -46.026624931400001 ], [ -33.986617715337452, -46.024710279973156 ], [ -33.983892684499999, -46.024462549900001 ], [ -33.984683260812631, -46.01599747498549 ], [ -33.977633898390927, -46.016141339524815 ], [ -32.941336227500003, -46.037290271600007 ], [ -32.961275533837473, -46.027140502460618 ], [ -33.005275032974836, -45.997283699498375 ], [ -33.004241812229495, -45.995095022869776 ], [ -33.000311086799996, -45.986768547700002 ], [ -32.7097555446, -46.002140224200005 ], [ -32.561754633716603, -46.054591924495632 ], [ -32.503602102199999, -46.075201251400003 ], [ -32.217432784300001, -46.024702938100006 ], [ -32.201774697251089, -46.02017810231235 ], [ -32.1781642698, -46.013355218600005 ], [ -32.160217132832948, -46.013355218600005 ], [ -32.149285164799998, -46.013355218600005 ], [ -31.966558512699997, -46.013355218600005 ], [ -31.9598489814, -46.046902875200004 ], [ -31.953046551683492, -46.080915023758102 ], [ -31.881152116199999, -46.457948311300001 ], [ -31.869552325656407, -46.498386153908434 ], [ -31.8693314693, -46.499490435700004 ], [ -32.5397561276, -46.859230496200006 ], [ -32.617160679796775, -46.900424284135717 ], [ -32.724929451199998, -46.810616974500007 ], [ -32.826795054100003, -46.832943682 ], [ -32.830294451100002, -46.831700627 ], [ -33.116519761721037, -46.892299884102485 ], [ -33.228200588484178, -46.915944806068865 ] ] ] ] } },
{ "type": "Feature", "properties": { "STATE": "DENBURG", "County": "Tarlon", "Longitude": -31.49, "Latitude": -47.38 }, "geometry": { "type": "MultiPolygon", "coordinates": [ [ [ [ -30.414085718027088, -46.714156446678707 ], [ -30.584082552699996, -47.040257991300003 ], [ -30.5859344964, -47.043961878700003 ], [ -30.5859344964, -47.392756071883383 ], [ -30.5859344964, -47.393979235 ], [ -30.585904663154643, -47.394605733095332 ], [ -30.585738669425183, -47.398091601096247 ], [ -30.585621052, -47.400561566800008 ], [ -30.605548513700001, -47.403052499500006 ], [ -30.605548513700001, -48.217999503900003 ], [ -32.390291526332959, -48.441092380454442 ], [ -32.4138029123, -48.444031303700001 ], [ -32.452693729700002, -48.288468034300003 ], [ -32.399686135073686, -47.99201622532761 ], [ -32.496965057761876, -47.772796117861262 ], [ -32.498204876876308, -47.768859270799119 ], [ -32.5020858189108, -47.756535960834796 ], [ -32.496874179835636, -47.758690016492189 ], [ -32.463441799615907, -47.772508165967572 ], [ -32.461923605306858, -47.77313566050303 ], [ -32.48522921729662, -47.680087135021502 ], [ -32.521097685334546, -47.536880938004408 ], [ -32.41055969415261, -47.426631485715454 ], [ -32.385934192393506, -47.402070264254377 ], [ -32.389120540238181, -47.393357594366599 ], [ -32.424033797882046, -47.297891655496656 ], [ -32.439767044160007, -47.254871060205375 ], [ -32.580893493950803, -46.919738753845358 ], [ -32.62332434427497, -46.904071978341051 ], [ -32.623731995800064, -46.90392146085486 ], [ -32.617160679796775, -46.900424284135717 ], [ -32.5397561276, -46.859230496200006 ], [ -31.8693314693, -46.499490435700004 ], [ -31.869327430108662, -46.49961292480922 ], [ -31.867972888526175, -46.500064438670044 ], [ -31.867705722062155, -46.500723415459632 ], [ -31.844806901200002, -46.588666864100006 ], [ -31.771896184399999, -46.541795689 ], [ -31.748554604180676, -46.531170546522915 ], [ -31.743873011497804, -46.541060402763293 ], [ -31.409365729163262, -46.310301498630949 ], [ -31.342182430491746, -46.281597208618265 ], [ -31.21412303868415, -46.220116167033119 ], [ -31.11633506762, -46.39461938406231 ], [ -31.12432612392913, -46.405341858792603 ], [ -30.812696412793251, -46.477930305563206 ], [ -30.701623573984783, -46.455402856565435 ], [ -30.666580875543801, -46.4716726808416 ], [ -30.235436802936142, -46.37206654501243 ], [ -30.238582948662952, -46.378091013069024 ], [ -30.414085718027088, -46.714156446678707 ] ] ] ] } },
{ "type": "Feature", "properties": { "STATE": "DENBURG", "County": "Obsidian Bay", "Longitude": -32.72, "Latitude": -44.19 }, "geometry": { "type": "MultiPolygon", "coordinates": [ [ [ [ -32.771532210899998, -44.164693709900007 ], [ -32.647195630500001, -44.277726964900005 ], [ -32.540344602499999, -44.313343974200002 ], [ -32.380068060500001, -44.438003506900003 ], [ -32.3889723128, -44.509237525500005 ], [ -32.291025537199999, -44.624992805800005 ], [ -32.317738294199998, -44.705131076800001 ], [ -32.629387125800001, -44.589375796500001 ], [ -32.736238153800002, -44.482524768500006 ], [ -32.985557219100002, -44.455812011500001 ], [ -33.154738013399999, -44.233205703200007 ], [ -33.128025256400001, -43.698950563300002 ], [ -32.949940209700003, -43.752376077300006 ], [ -32.843089181799996, -43.779088834300005 ], [ -32.816376424799998, -43.841418600600001 ], [ -32.665004135099998, -43.966078133300002 ], [ -32.469110583800003, -43.894844114600005 ], [ -32.362259555800001, -44.081833413600002 ], [ -32.299929789499998, -44.179780189200002 ], [ -32.228695770899996, -44.277726964900005 ], [ -32.0238979672, -44.420195002200003 ], [ -31.934855443899998, -44.473620516200008 ], [ -32.771532210899998, -44.164693709900007 ] ] ] ] } },
{ "type": "Feature", "properties": { "STATE": "DENBURG", "County": "New Quails", "Longitude": -34.92, "Latitude": -47.72 }, "geometry": { "type": "MultiPolygon", "coordinates": [ [ [ [ -34.815707593217525, -47.592509551160155 ], [ -34.626810083664054, -47.792641461629493 ], [ -34.594463957199999, -47.893059464900006 ], [ -34.576255377174888, -47.972942116479679 ], [ -34.575798486994394, -47.97366237695897 ], [ -34.569979567099999, -47.982835561700007 ], [ -34.832528682300001, -48.022217928900005 ], [ -34.931818959048172, -48.030492118687135 ], [ -34.946420183500003, -48.031708887400001 ], [ -35.347075812408896, -47.219854060192269 ], [ -35.351703110700001, -47.210477692600001 ], [ -35.30904175, -47.263804393600005 ], [ -34.815707593217525, -47.592509551160155 ] ] ] ] } },
{ "type": "Feature", "properties": { "STATE": "DENBURG", "County": "Brindale", "Longitude": -33.61, "Latitude": -44.92 }, "geometry": { "type": "MultiPolygon", "coordinates": [ [ [ [ -33.925943667885484, -44.796141787980858 ], [ -33.925286062700003, -44.788120186400008 ], [ -33.820631286100003, -44.700049534100003 ], [ -33.439684631600002, -44.469476286200006 ], [ -33.418289075, -44.685530394300002 ], [ -33.2968742945, -44.991568622400003 ], [ -33.233782328, -45.152947486800002 ], [ -33.172476037099997, -45.211972835100006 ], [ -33.291809072507093, -45.189062325166589 ], [ -33.306139438834983, -45.186311066900309 ], [ -33.306274746999605, -45.186747059864899 ], [ -33.30818420783492, -45.192899766855696 ], [ -33.306278407512515, -45.198037539248475 ], [ -33.306355103708455, -45.198038012681927 ], [ -33.31139542843637, -45.197952655104032 ], [ -33.348560901849226, -45.197323260181491 ], [ -33.34856090184946, -45.197323260181484 ], [ -33.409953660950158, -45.194728396500004 ], [ -33.434517435099998, -45.194850784900005 ], [ -33.702031183499997, -45.194728396500004 ], [ -33.96470637209557, -45.196773875796389 ], [ -33.965132435900003, -45.196777193600006 ], [ -33.964193957442554, -45.187580104819183 ], [ -33.963380465699998, -45.185548939700006 ], [ -33.950296022810605, -45.070020027231102 ], [ -33.945222036700002, -45.031303245300002 ], [ -33.943416034276403, -45.009273261023779 ], [ -33.933077373400003, -44.917988193900001 ], [ -33.925943667885484, -44.796141787980858 ] ] ] ] } },
{ "type": "Feature", "properties": { "STATE": "DENBURG", "County": "Noirfield", "Longitude": -32.08, "Latitude": -45.33 }, "geometry": { "type": "MultiPolygon", "coordinates": [ [ [ [ -32.103817884926514, -45.682190445937437 ], [ -32.104093480826513, -45.682107767137438 ], [ -32.103812672126516, -45.682161254537441 ], [ -32.103817884926514, -45.682190445937437 ] ] ], [ [ [ -32.7192470241, -45.329411969500001 ], [ -32.702220455380569, -45.302125570294173 ], [ -32.573707939341581, -45.241094288271555 ], [ -32.50055465837027, -45.20986695083964 ], [ -32.298724546270272, -45.122713038839642 ], [ -32.040345032041785, -44.989960973469174 ], [ -32.019955429200003, -44.979766172 ], [ -31.408075283599999, -45.137106780900005 ], [ -31.449494511899999, -45.168171202100005 ], [ -31.469519281099998, -45.162732375900006 ], [ -31.502857271300002, -45.208193271700004 ], [ -31.537963674, -45.250629024700004 ], [ -31.703119427577967, -45.496891536298435 ], [ -31.703286698039349, -45.496700104546832 ], [ -31.703306752518429, -45.497141302885616 ], [ -31.703331939139353, -45.497174885046832 ], [ -31.703345440404377, -45.497181129381907 ], [ -31.703345493739349, -45.497180443646833 ], [ -31.703360846505809, -45.497188254703815 ], [ -31.704878124503175, -45.497889995777534 ], [ -31.704913849739349, -45.497855389046833 ], [ -31.707363624505945, -45.499039539528717 ], [ -31.976143718839353, -45.623350333146831 ], [ -32.092242027899999, -45.666290355700006 ], [ -32.109439692599999, -45.674668705100004 ], [ -32.104093480826513, -45.682107767137438 ], [ -32.374854120422661, -45.643970910217526 ], [ -32.37520025458587, -45.64377311926728 ], [ -32.402809936959592, -45.627996157923256 ], [ -32.455178254246924, -45.59219664412722 ], [ -32.458174476437456, -45.590484517162544 ], [ -32.462113577799997, -45.588233602100004 ], [ -32.524576469909931, -45.524082523690069 ], [ -32.7192470241, -45.329411969500001 ] ] ] ] } },
{ "type": "Feature", "properties": { "STATE": "DENBURG", "County": "San Novelas", "Longitude": -29.33, "Latitude": -47.96 }, "geometry": { "type": "MultiPolygon", "coordinates": [ [ [ [ -28.955065461195908, -47.754911391096726 ], [ -28.968471498853042, -47.785745277708138 ], [ -28.969788689888361, -47.788774817089362 ], [ -28.969948414078445, -47.789142182726565 ], [ -28.969901543100001, -47.790556016900005 ], [ -28.4390825881, -47.982232718800006 ], [ -28.438814816932599, -47.982187599244703 ], [ -28.438173932292997, -47.982420534692316 ], [ -30.588307985829921, -48.250766030257125 ], [ -30.076680579300003, -48.145430976 ], [ -30.059959387004248, -48.141988377605053 ], [ -30.023155876799997, -48.134483821900005 ], [ -30.023028087885656, -48.13438487481119 ], [ -30.014876192499997, -48.132706543400005 ], [ -29.545812878600003, -47.767879521500006 ], [ -28.986736921499997, -47.750937825800001 ], [ -28.986570077605528, -47.745431977271963 ], [ -28.963333721598588, -47.750186879828469 ], [ -28.955065461195908, -47.754911391096726 ] ] ] ] } },
{ "type": "Feature", "properties": { "STATE": "DENBURG", "County": "Harnell", "Longitude": -28.96, "Latitude": -46.13 }, "geometry": { "type": "MultiPolygon", "coordinates": [ [ [ [ -28.337966776400002, -46.507846075700002 ], [ -28.368776430924115, -46.510156799771082 ], [ -28.485830358899999, -46.518935844300003 ], [ -29.37408737897217, -46.426409071371857 ], [ -29.419209975500003, -46.421708800900007 ], [ -29.454713844968111, -46.420018140451837 ], [ -30.2359171401, -46.382817983600006 ], [ -30.236925605100978, -46.378179044594873 ], [ -30.333144183499996, -45.935573583900002 ], [ -29.983126827299998, -45.527220001600007 ], [ -29.108083436599998, -45.741119497100001 ], [ -28.6802844457, -45.916128175200001 ], [ -27.299660429299998, -46.168918488100005 ], [ -26.921831092600002, -46.461871284700003 ], [ -26.975176512241219, -46.461592057356107 ], [ -27.672574420700002, -46.457941649 ], [ -28.337966776400002, -46.507846075700002 ] ] ] ] } },
{ "type": "Feature", "properties": { "STATE": "DENBURG", "County": "Valtoria", "Longitude": -27.45, "Latitude": -46.84 }, "geometry": { "type": "MultiPolygon", "coordinates": [ [ [ [ -28.721694792335427, -46.87924888716551 ], [ -28.699739343160871, -46.861684527825865 ], [ -28.654744897566374, -46.844300310209803 ], [ -28.622254406923652, -46.831747166097841 ], [ -28.619316217155777, -46.817551430691744 ], [ -28.585182594199999, -46.652636323700001 ], [ -28.561091582831494, -46.624931660604197 ], [ -28.519553348599999, -46.577162691200002 ], [ -28.49645696354245, -46.565614498671231 ], [ -28.429268837400002, -46.532020435600003 ], [ -28.368776430924115, -46.510156799771082 ], [ -28.337966776400002, -46.507846075700002 ], [ -27.672574420700002, -46.457941649 ], [ -26.975176512241219, -46.461592057356107 ], [ -26.7007638159, -46.507327506700001 ], [ -25.601928480799998, -47.025879013200004 ], [ -25.7253931252, -47.161690122 ], [ -25.752973365120575, -47.156424803470138 ], [ -25.7471637678, -47.150314705700005 ], [ -27.0765439965, -46.897223624700004 ], [ -27.081012217397166, -46.902890113510502 ], [ -27.083504213499999, -46.902414368800002 ], [ -27.18402430709542, -47.033527534321856 ], [ -27.347858693991398, -47.241298309645352 ], [ -27.343859596647043, -47.242008346721036 ], [ -27.344287270663941, -47.242566182395088 ], [ -27.3523149862, -47.253037115700003 ], [ -27.357303989800002, -47.259134786900006 ], [ -27.357040390599998, -47.259200686700005 ], [ -27.367472895600002, -47.272808301900007 ], [ -27.370902728833421, -47.272226974233746 ], [ -27.400317792892945, -47.267241370159489 ], [ -28.095914297500002, -47.149343657600006 ], [ -28.907572831665441, -47.185415889787997 ], [ -28.904040818640318, -47.161439369441887 ], [ -28.884463428494541, -47.043975029090802 ], [ -28.881604502499997, -47.026821473200002 ], [ -28.849048628299997, -46.988839619900006 ], [ -28.739135532388154, -46.893483587235032 ], [ -28.734959768723247, -46.889860868275761 ], [ -28.721694792335427, -46.87924888716551 ] ] ] ] } },
{ "type": "Feature", "properties": { "STATE": "DENBURG", "County": "Orcliff", "Longitude": -30.51, "Latitude": -45.7 }, "geometry": { "type": "MultiPolygon", "coordinates": [ [ [ [ -30.3760282812, -45.982453689600007 ], [ -30.5965633064, -45.961282900900002 ], [ -30.869100247699997, -45.975907812 ], [ -30.995383239200002, -45.728393056700007 ], [ -31.000495031699998, -45.717439215600002 ], [ -30.999961602, -45.716309612 ], [ -30.989117673899997, -45.710526183700004 ], [ -30.8698344648, -45.659198257300005 ], [ -30.747659541600001, -45.606424473900006 ], [ -30.738837814599997, -45.602309997100001 ], [ -30.720872757099997, -45.573974526700006 ], [ -30.591123847600002, -45.374454977100001 ], [ -29.9814933758, -45.523227113600001 ], [ -30.3760282812, -45.982453689600007 ] ] ] ] } },
{ "type": "Feature", "properties": { "STATE": "DENBURG", "County": "Olive Islands", "Longitude": -33.54, "Latitude": -44.12 }, "geometry": { "type": "MultiPolygon", "coordinates": [ [ [ [ -33.641997896200003, -43.941206982300002 ], [ -33.649003722799996, -43.927195329300005 ], [ -33.747085294, -43.871148717200008 ], [ -33.824149385699997, -43.787078799 ], [ -33.529904672, -43.871148717200008 ], [ -33.438828927199999, -43.983241941500005 ], [ -33.438828927199999, -43.913183676300001 ], [ -33.3897881416, -43.913183676300001 ], [ -33.333741529500003, -43.962224461900007 ], [ -33.354759009, -44.067311859700006 ], [ -33.3897881416, -44.172399257400002 ], [ -33.291706570400002, -44.20742839 ], [ -33.403799794699999, -44.277486655200001 ], [ -33.354759009, -44.277486655200001 ], [ -33.424817274200002, -44.298504134700003 ], [ -33.403799794699999, -44.354550746900003 ], [ -33.438828927199999, -44.438620665100004 ], [ -33.564933804500001, -44.403591532500002 ], [ -33.627986243199999, -44.361556573400001 ], [ -33.613974590200002, -44.298504134700003 ], [ -33.663015375800001, -44.270480828700002 ], [ -33.782114426600003, -44.214434216500003 ], [ -33.782114426600003, -44.165393430900004 ], [ -33.747085294, -44.158387604400005 ], [ -33.747085294, -44.116352645300005 ], [ -33.656009549300002, -44.067311859700006 ], [ -33.641997896200003, -43.941206982300002 ] ] ] ] } },
{ "type": "Feature", "properties": { "STATE": "DENBURG", "County": "Ashfield", "Longitude": -34.65, "Latitude": -46.82 }, "geometry": { "type": "MultiPolygon", "coordinates": [ [ [ [ -35.30904175, -47.263804393600005 ], [ -35.351703110700001, -47.210477692600001 ], [ -35.347075812408896, -47.219854060192269 ], [ -35.373033791099999, -47.189147012300005 ], [ -35.234384368599997, -46.335919797 ], [ -34.99976878584912, -45.897290663960277 ], [ -34.989081544199998, -45.877310168700006 ], [ -34.087910728679752, -46.018118108668439 ], [ -34.015763634099997, -46.029391092200001 ], [ -34.079811588200002, -46.669870633300008 ], [ -34.110649132470883, -46.956021875037791 ], [ -34.126883233665971, -47.118362886843578 ], [ -34.126569194512307, -47.118276965503341 ], [ -34.126646318996841, -47.118873483842115 ], [ -34.127154250431083, -47.119835093955359 ], [ -34.129240776455283, -47.122850569487262 ], [ -34.152413242583414, -47.154456709423137 ], [ -34.165775571799998, -47.169507049800004 ], [ -34.111472186067822, -47.204064730488433 ], [ -34.071373674786848, -47.230560124578354 ], [ -34.029709927510687, -47.256304476234888 ], [ -33.968000455499997, -47.295427980800007 ], [ -34.048934382, -47.389743422500004 ], [ -34.049003390973091, -47.390068234250244 ], [ -34.049333797400003, -47.390444743900005 ], [ -34.068099634500001, -47.478484468800005 ], [ -34.077682189599997, -47.524400878700007 ], [ -34.255558368599999, -47.682712674400001 ], [ -34.288298765199997, -47.711859612900007 ], [ -34.289964893473602, -47.713660014681054 ], [ -34.575798486994394, -47.97366237695897 ], [ -34.576255377174888, -47.972942116479679 ], [ -34.594463957199999, -47.893059464900006 ], [ -34.626810083664054, -47.792641461629493 ], [ -34.815707593217525, -47.592509551160155 ], [ -35.30904175, -47.263804393600005 ] ] ] ] } },
{ "type": "Feature", "properties": { "STATE": "DENBURG", "County": "Thaloria", "Longitude": -33.59, "Latitude": -45.66 }, "geometry": { "type": "MultiPolygon", "coordinates": [ [ [ [ -33.076535563972897, -45.758729709780383 ], [ -33.031115679192837, -45.81607947865934 ], [ -33.019956873579751, -45.831523901221068 ], [ -33.009807144199996, -45.845571704800001 ], [ -33.006867889216501, -45.994899270432093 ], [ -33.006841883500002, -45.996220479500003 ], [ -33.005275032974836, -45.997283699498375 ], [ -32.961275533837473, -46.027140502460618 ], [ -32.947476082, -46.036504416200003 ], [ -33.977633898377924, -46.016141339525078 ], [ -33.977633898390927, -46.016141339524815 ], [ -33.977633898390934, -46.016141339524815 ], [ -33.988751184099996, -45.972440294200005 ], [ -33.989420919099999, -45.956031787500002 ], [ -33.990287957, -45.955985339100003 ], [ -33.99176952799003, -45.93228020315243 ], [ -33.993082589786333, -45.645695716750019 ], [ -34.006073978799996, -45.490551253400007 ], [ -33.970550269938705, -45.224123437030343 ], [ -33.966863973400002, -45.198196484700006 ], [ -33.964749218900003, -45.197139107500007 ], [ -33.96470637209557, -45.196773875796389 ], [ -33.702031183499997, -45.194728396500004 ], [ -33.434517435099998, -45.194850784900005 ], [ -33.409953660950158, -45.194728396500004 ], [ -33.34856090184946, -45.197323260181484 ], [ -33.348560901849226, -45.197323260181491 ], [ -33.31139542843637, -45.197952655104032 ], [ -33.313908287567756, -45.20084046300299 ], [ -33.354582462370601, -45.34240525365442 ], [ -33.417240470700001, -45.544303280500003 ], [ -33.367854612899997, -45.667767924900005 ], [ -33.343115270299997, -45.674515018300006 ], [ -33.358117420885982, -45.688112690886321 ], [ -33.33109055335396, -45.698923437943733 ], [ -33.179176000200002, -45.719225728300003 ], [ -33.096232395299999, -45.741846711500003 ], [ -33.085705410883357, -45.750869840999982 ], [ -33.076535563972897, -45.758729709780383 ] ] ] ] } },
{ "type": "Feature", "properties": { "STATE": "DENBURG", "County": "Greenport", "Longitude": -31.18, "Latitude": -45.46 }, "geometry": { "type": "MultiPolygon", "coordinates": [ [ [ [ -31.703286698039349, -45.496700104546832 ], [ -31.703119427577967, -45.496891536298435 ], [ -31.702707223342649, -45.496684974624706 ], [ -31.502857271300002, -45.208193271700004 ], [ -31.469519281099998, -45.162732375900006 ], [ -31.449494511899999, -45.168171202100005 ], [ -30.605626725599997, -45.397369860100007 ], [ -30.738837814599997, -45.602309997100001 ], [ -31.000649973400002, -45.715922839900003 ], [ -31.020222233, -45.724543954300003 ], [ -31.065235117100002, -45.714285628700004 ], [ -31.144034327900002, -45.694043629600003 ], [ -31.494575258700003, -45.621277384600006 ], [ -31.532851259, -45.621277384600006 ], [ -31.548402492500003, -45.609102272500003 ], [ -31.689572178799999, -45.506122313 ], [ -31.700409196, -45.494960185200007 ], [ -31.700999043209492, -45.495828980151344 ], [ -31.700158907, -45.495407975400006 ], [ -31.70341644293935, -45.49955449104683 ], [ -31.703306752518429, -45.497141302885616 ], [ -31.703286698039349, -45.496700104546832 ] ] ] ] } },
{ "type": "Feature", "properties": { "STATE": "DENBURG", "County": "New Orland", "Longitude": -31.69, "Latitude": -45.79 }, "geometry": { "type": "MultiPolygon", "coordinates": [ [ [ [ -32.118268171057743, -45.960999242115726 ], [ -32.104093480826513, -45.682107767137438 ], [ -32.109439692599999, -45.674668705100004 ], [ -32.092242027899999, -45.666290355700006 ], [ -31.707363624505945, -45.499039539528717 ], [ -31.704913849739349, -45.497855389046833 ], [ -31.704878124503175, -45.497889995777534 ], [ -31.704811454166695, -45.497926283197295 ], [ -31.703360846505809, -45.497188254703815 ], [ -31.703345440404377, -45.497181129381907 ], [ -31.703345493739349, -45.497180443646833 ], [ -31.703220117908089, -45.498792417820965 ], [ -31.689859001499997, -45.506064624100006 ], [ -31.532594373099997, -45.622048042300001 ], [ -31.495155699500003, -45.620933132900007 ], [ -31.400486485899997, -45.638834220600003 ], [ -31.301584989200002, -45.656131059700002 ], [ -31.019675084699998, -45.725398241100002 ], [ -31.696649328, -46.045422428800002 ], [ -31.943578616700002, -46.045422428800002 ], [ -31.943157705799997, -46.047737439 ], [ -31.9598489814, -46.046902875200004 ], [ -31.966558512699997, -46.013355218600005 ], [ -32.149285164799998, -46.013355218600005 ], [ -32.149069852984987, -46.011525068176695 ], [ -32.118268171057743, -45.960999242115726 ] ] ], [ [ [ -31.002823295200002, -45.729988122700007 ], [ -31.009614335, -45.727425466200003 ], [ -31.004783469300001, -45.725299885300004 ], [ -31.0024353166, -45.729782722300001 ], [ -31.002823295200002, -45.729988122700007 ] ] ] ] } },
{ "type": "Feature", "properties": { "STATE": "DENBURG", "County": "Velvetia", "Longitude": -26.54, "Latitude": -47.21 }, "geometry": { "type": "MultiPolygon", "coordinates": [ [ [ [ -27.0765439965, -46.897223624700004 ], [ -25.7471637678, -47.150314705700005 ], [ -25.752973365120575, -47.156424803470138 ], [ -26.141803366, -47.565366971100005 ], [ -26.360421187500002, -47.631977391 ], [ -26.383088893699998, -47.412592546500001 ], [ -27.343859596647043, -47.242008346721036 ], [ -27.347858693991398, -47.241298309645352 ], [ -27.18402430709542, -47.033527534321856 ], [ -27.081012217397166, -46.902890113510502 ], [ -27.0765439965, -46.897223624700004 ] ] ] ] } },
{ "type": "Feature", "properties": { "STATE": "DENBURG", "County": "Caldoria", "Longitude": -32.88, "Latitude": -44.95 }, "geometry": { "type": "MultiPolygon", "coordinates": [ [ [ [ -32.50055465837027, -45.20986695083964 ], [ -32.573707939341581, -45.241094288271555 ], [ -32.702220455380569, -45.302125570294173 ], [ -32.714854984488028, -45.308125775822376 ], [ -33.170986515400003, -45.212753022600005 ], [ -33.233782328, -45.152947486800002 ], [ -33.2968742945, -44.991568622400003 ], [ -33.418289075, -44.685530394300002 ], [ -33.4393800498, -44.470402450900004 ], [ -32.491970968, -44.880946386400005 ], [ -32.040345032041785, -44.989960973469174 ], [ -32.298724546270272, -45.122713038839642 ], [ -32.50055465837027, -45.20986695083964 ] ] ] ] } },
{ "type": "Feature", "properties": { "STATE": "DENBURG", "County": "Cresthaven", "Longitude": -34.41, "Latitude": -45.44 }, "geometry": { "type": "MultiPolygon", "coordinates": [ [ [ [ -33.983892684499999, -46.024462549900001 ], [ -33.986617715337452, -46.024710279973156 ], [ -33.994000500925907, -46.025381442291319 ], [ -34.015558652292832, -46.027341274210222 ], [ -34.0171878138, -46.027489379800002 ], [ -34.087910728679752, -46.018118108668439 ], [ -34.989081544199998, -45.877310168700006 ], [ -34.99976878584912, -45.897290663960277 ], [ -35.036808159786332, -45.892382692954001 ], [ -34.434483854299998, -44.576138665400002 ], [ -33.965312300666596, -45.184838667096528 ], [ -33.966418357400002, -45.193134093100007 ], [ -33.964193957442554, -45.187580104819183 ], [ -33.965132435900003, -45.196777193600006 ], [ -33.96470637209557, -45.196773875796389 ], [ -33.964749218900003, -45.197139107500007 ], [ -33.966863973400002, -45.198196484700006 ], [ -33.970550269938705, -45.224123437030343 ], [ -33.998585290299999, -45.421303080300007 ], [ -34.006073978799996, -45.490551253400007 ], [ -34.0078702466, -45.504023262 ], [ -33.993082589786333, -45.645695716750019 ], [ -33.99176952799003, -45.93228020315243 ], [ -33.990287957, -45.955985339100003 ], [ -33.989420919099999, -45.956031787500002 ], [ -33.988751184099996, -45.972440294200005 ], [ -33.977633898390934, -46.016141339524815 ], [ -33.984683260812631, -46.01599747498549 ], [ -33.983892684499999, -46.024462549900001 ] ] ] ] } },
{ "type": "Feature", "properties": { "STATE": "DENBURG", "County": "Cinderbrook", "Longitude": -27.88, "Latitude": -47.54 }, "geometry": { "type": "MultiPolygon", "coordinates": [ [ [ [ -28.38941782524833, -48.018877531047046 ], [ -28.382514774809657, -48.028656852501825 ], [ -28.365525871074546, -48.025782827354483 ], [ -28.387500311237588, -48.036710411346945 ], [ -28.394598645499023, -48.034504659681822 ], [ -28.394598645499023, -48.02287554991203 ], [ -28.38941782524833, -48.018877531047046 ] ] ], [ [ [ -28.9394441086, -47.221400181200003 ], [ -28.939313653450377, -47.219312898806088 ], [ -28.937767842, -47.194579915600002 ], [ -28.916414742799375, -47.186816961399927 ], [ -28.916265886686091, -47.185429812 ], [ -28.908039225700001, -47.185429812 ], [ -28.907572831665441, -47.185415889787997 ], [ -28.095914297500002, -47.149343657600006 ], [ -27.400317792892945, -47.267241370159489 ], [ -27.371400554399997, -47.272857511700003 ], [ -27.370902728833421, -47.272226974233746 ], [ -27.367472895600002, -47.272808301900007 ], [ -27.357040390599998, -47.259200686700005 ], [ -27.357303989800002, -47.259134786900006 ], [ -27.3523149862, -47.253037115700003 ], [ -27.344287270663941, -47.242566182395088 ], [ -26.384568288716856, -47.413599529266349 ], [ -26.360421187500002, -47.631977391 ], [ -28.438814816932599, -47.982187599244703 ], [ -28.4390825881, -47.982232718800006 ], [ -28.969901543100001, -47.790556016900005 ], [ -28.969948414078445, -47.789142182726565 ], [ -28.969788689888361, -47.788774817089362 ], [ -28.968471498853042, -47.785745277708138 ], [ -28.955065461195908, -47.754911391096726 ], [ -28.963333721598588, -47.750186879828469 ], [ -28.986570077605528, -47.745431977271963 ], [ -28.984712575638454, -47.684134412242287 ], [ -28.974751376107328, -47.218737548615756 ], [ -28.9394441086, -47.221400181200003 ] ] ] ] } },
{ "type": "Feature", "properties": { "STATE": "DENBURG", "County": "Ebony St", "Longitude": -34.02, "Latitude": -44.72 }, "geometry": { "type": "MultiPolygon", "coordinates": [ [ [ [ -33.966418357400002, -45.193134093100007 ], [ -33.965312300666596, -45.184838667096528 ], [ -33.965208885899997, -45.184063056300005 ], [ -34.434483854299998, -44.576138665400002 ], [ -33.442322080399997, -44.468517213900007 ], [ -33.677966148899998, -44.612521922400006 ], [ -33.792515348899997, -44.683013737800003 ], [ -33.820132439, -44.699145541 ], [ -33.858356939899998, -44.730779610700004 ], [ -33.882961216399998, -44.752088671500005 ], [ -33.9000474379, -44.766702582500002 ], [ -33.925479697900002, -44.788217004 ], [ -33.925943667885484, -44.796141787980858 ], [ -33.933077373400003, -44.917988193900001 ], [ -33.943416034276403, -45.009273261023779 ], [ -33.950296022810605, -45.070020027231102 ], [ -33.963380465699998, -45.185548939700006 ], [ -33.964193957442554, -45.187580104819183 ], [ -33.966418357400002, -45.193134093100007 ] ] ] ] } },
{ "type": "Feature", "properties": { "STATE": "DENBURG", "County": "Haverly", "Longitude": -31.1, "Latitude": -46.17 }, "geometry": { "type": "MultiPolygon", "coordinates": [ [ [ [ -31.959857859663884, -46.045194737159626 ], [ -31.696662610399997, -46.046152462600006 ], [ -31.0012855067, -45.716233609400007 ], [ -30.870643355200002, -45.976248671300006 ], [ -30.5985186427, -45.961410431100006 ], [ -30.376203862, -45.982750626500007 ], [ -30.3365671623, -45.941705622300006 ], [ -30.2433612349, -46.368830850700007 ], [ -30.665267818700002, -46.472033972 ], [ -30.700830121199999, -46.457522285700001 ], [ -30.816457994399997, -46.479717149200006 ], [ -31.1254652947, -46.404404605800003 ], [ -31.115556119799997, -46.394143354800001 ], [ -31.214358289899998, -46.224367095500007 ], [ -31.409523619600002, -46.313524147800003 ], [ -31.743505417500003, -46.541296108 ], [ -31.748724062, -46.531298914 ], [ -31.844753320000137, -46.589055453634664 ], [ -31.861982122313876, -46.522302679691698 ], [ -31.869189713631698, -46.499650249835675 ], [ -31.869552325656407, -46.498386153908434 ], [ -31.881152116199999, -46.457948311300001 ], [ -31.953046551683492, -46.080915023758102 ], [ -31.959857859663884, -46.045194737159626 ] ] ] ] } },
{ "type": "Feature", "properties": { "STATE": "TURNIPS", "County": "New Arshelle", "Longitude": -0.56, "Latitude": -50.76 }, "geometry": { "type": "MultiPolygon", "coordinates": [ [ [ [ -1.4282632555, -50.401034524600007 ], [ -0.7466541355, -49.919932376600002 ], [ 0.3822251249, -51.344641927800005 ], [ -0.6189949856, -51.435719014 ], [ -0.913422200199999, -50.907253009800002 ], [ -1.4282632555, -50.401034524600007 ] ] ] ] } },
{ "type": "Feature", "properties": { "STATE": "PINELAND", "County": "Ardentia", "Longitude": -3.44, "Latitude": -44.93 }, "geometry": { "type": "MultiPolygon", "coordinates": [ [ [ [ -3.5676208026, -45.441859166 ], [ -3.589756216, -45.429043926600002 ], [ -3.930806546299999, -44.652860416400003 ], [ -3.9380938407, -44.634642180200004 ], [ -3.977847971099999, -44.535256854200007 ], [ -3.9882973368, -44.263573346400001 ], [ -3.9884544811, -44.259487595600007 ], [ -3.989608327399999, -44.229487592600002 ], [ -3.8500180123, -44.132848143700002 ], [ -3.8367236966, -44.123644386700008 ], [ -3.1075816112, -44.699901841200003 ], [ -2.8176351935, -45.703562517900004 ], [ -3.0439657171, -45.590397256100005 ], [ -3.3544896129, -45.559344866500005 ], [ -3.4839682008, -45.490289619700008 ], [ -3.5024512037, -45.479588933800002 ], [ -3.5190107321, -45.470001838400002 ], [ -3.5676208026, -45.441859166 ] ] ] ] } },
{ "type": "Feature", "properties": { "STATE": "PINELAND", "County": "Velkraeth", "Longitude": -4.86, "Latitude": -45.54 }, "geometry": { "type": "MultiPolygon", "coordinates": [ [ [ [ -3.0723005425, -45.593688913600005 ], [ -3.3663094479, -45.558407845 ], [ -3.4839682008, -45.490289619700008 ], [ -3.3544896129, -45.559344866500005 ], [ -3.0439657171, -45.590397256100005 ], [ -2.8176351935, -45.703562517900004 ], [ -2.8018123496, -45.758333900700002 ], [ -3.0723005425, -45.593688913600005 ] ] ], [ [ [ -4.3616903182, -44.901579833700005 ], [ -4.3630453494, -44.912420083600004 ], [ -4.4019902213, -45.223979059100003 ], [ -4.4102708586, -45.290224156800001 ], [ -4.409243334199999, -45.291070353400002 ], [ -4.062980085416424, -45.685895409425839 ], [ -4.091488559422858, -45.812635868575512 ], [ -4.0893961663, -45.973376727600005 ], [ -4.0479929802, -46.428811774700002 ], [ -4.358516875899999, -46.387408588600003 ], [ -5.6109632556, -45.890570355400001 ], [ -5.7041204243, -45.279873360300002 ], [ -5.2176329876, -44.534616010400001 ], [ -5.1803339525, -44.560259097100001 ], [ -5.1068421679, -44.641100060200003 ], [ -5.0245196743, -44.688141485 ], [ -4.883395399799999, -44.770463978500004 ], [ -4.6717089879, -44.888067540700007 ], [ -4.4717829322, -44.911588253100007 ], [ -4.3616903182, -44.901579833700005 ] ] ] ] } },
{ "type": "Feature", "properties": { "STATE": "PINELAND", "County": "Holenst", "Longitude": -4.01, "Latitude": -45.19 }, "geometry": { "type": "MultiPolygon", "coordinates": [ [ [ [ -4.052060873116423, -45.689990114025839 ], [ -4.062980085416424, -45.685895409425839 ], [ -4.409243334199999, -45.291070353400002 ], [ -4.4019902213, -45.223979059100003 ], [ -4.3630453494, -44.912420083600004 ], [ -4.349615103, -44.900482086800004 ], [ -4.3424190138, -44.899827896900007 ], [ -4.2012947392, -44.770463978500004 ], [ -3.942566902499999, -44.652860416400003 ], [ -3.9467813692, -44.638812193900002 ], [ -3.9380938407, -44.634642180200004 ], [ -3.930806546299999, -44.652860416400003 ], [ -3.589756216, -45.429043926600002 ], [ -3.5676208026, -45.441859166 ], [ -3.561505543399999, -45.455836901300003 ], [ -3.5190107321, -45.470001838400002 ], [ -3.5024512037, -45.479588933800002 ], [ -3.503001041299999, -45.480138771400007 ], [ -3.5442542159, -45.521391945900007 ], [ -3.626567693, -45.603705423100003 ], [ -3.644311915599999, -45.621449645700004 ], [ -3.7307185649, -45.545843827600002 ], [ -3.799573863499999, -45.507590883900001 ], [ -3.817168271384705, -45.531050094394054 ], [ -3.860368032694282, -45.568389155869262 ], [ -3.885830501199999, -45.590397256100005 ], [ -3.8927310323, -45.600748052600004 ], [ -4.0278598029, -45.617354941100004 ], [ -4.052060873116423, -45.689990114025839 ] ] ] ] } },
{ "type": "Feature", "properties": { "STATE": "PINELAND", "County": "Gharytzan", "Longitude": -4.55, "Latitude": -44.44 }, "geometry": { "type": "MultiPolygon", "coordinates": [ [ [ [ -3.942566902499999, -44.652860416400003 ], [ -4.2012947392, -44.770463978500004 ], [ -4.3424190138, -44.899827896900007 ], [ -4.349615103, -44.900482086800004 ], [ -4.3616903182, -44.901579833700005 ], [ -4.4717829322, -44.911588253100007 ], [ -4.6717089879, -44.888067540700007 ], [ -4.883395399799999, -44.770463978500004 ], [ -5.0245196743, -44.688141485 ], [ -5.1068421679, -44.641100060200003 ], [ -5.1803339525, -44.560259097100001 ], [ -5.22444573, -44.511736141800007 ], [ -4.6671244422, -43.838306252400002 ], [ -4.589386494399999, -43.935478687200003 ], [ -4.565865781899999, -43.970759755900005 ], [ -4.559451042199999, -43.972898002400001 ], [ -4.5423450695, -43.994280468300005 ], [ -4.3659397263, -44.076602961800006 ], [ -4.248336164099999, -44.111884030500001 ], [ -4.2248154517, -44.123644386700008 ], [ -4.1072118895, -44.194206524 ], [ -3.9882973368, -44.263573346400001 ], [ -3.977847971099999, -44.535256854200007 ], [ -3.9467813692, -44.638812193900002 ], [ -3.942566902499999, -44.652860416400003 ] ] ] ] } },
{ "type": "Feature", "properties": { "STATE": "PINELAND", "County": "Quenraal", "Longitude": -3.48, "Latitude": -45.99 }, "geometry": { "type": "MultiPolygon", "coordinates": [ [ [ [ -3.799573863499999, -45.507590883900001 ], [ -3.7307185649, -45.545843827600002 ], [ -3.644311915599999, -45.621449645700004 ], [ -3.626567693, -45.603705423100003 ], [ -3.6132595261, -45.611098849200005 ], [ -3.5442542159, -45.521391945900007 ], [ -3.503001041299999, -45.480138771400007 ], [ -3.4839682008, -45.490289619700008 ], [ -3.3663094479, -45.558407845 ], [ -3.0723005425, -45.593688913600005 ], [ -2.8018123496, -45.758333900700002 ], [ -2.8176351935, -45.703562517900004 ], [ -2.8162481935, -45.704256017900001 ], [ -2.7127402283, -45.994078320600003 ], [ -3.344138816399999, -46.480565757400001 ], [ -4.037642183599999, -46.428811774700002 ], [ -4.079045369699999, -46.004429117200004 ], [ -4.091488559422858, -45.812635868575512 ], [ -4.062980085416424, -45.685895409425839 ], [ -4.052060873116423, -45.689990114025839 ], [ -4.0278598029, -45.617354941100004 ], [ -3.8927310323, -45.600748052600004 ], [ -3.885830501199999, -45.590397256100005 ], [ -3.860368032694282, -45.568389155869262 ], [ -3.817168271384705, -45.531050094394054 ], [ -3.799573863499999, -45.507590883900001 ] ] ] ] } },
{ "type": "Feature", "properties": { "STATE": "PINELAND", "County": "Trankurste", "Longitude": -4.3, "Latitude": -43.88 }, "geometry": { "type": "MultiPolygon", "coordinates": [ [ [ [ -4.2248154517, -44.123644386700008 ], [ -4.248336164099999, -44.111884030500001 ], [ -4.3659397263, -44.076602961800006 ], [ -4.5423450695, -43.994280468300005 ], [ -4.559451042199999, -43.972898002400001 ], [ -4.589386494399999, -43.935478687200003 ], [ -4.6671244422, -43.838306252400002 ], [ -4.6834693441, -43.817875125100002 ], [ -4.307137945199999, -43.429783369900001 ], [ -4.0954515333, -43.958999399600003 ], [ -3.8500180123, -44.132848143700002 ], [ -3.989608327399999, -44.229487592600002 ], [ -3.9884544811, -44.259487595600007 ], [ -3.9882973368, -44.263573346400001 ], [ -4.1072118895, -44.194206524 ], [ -4.2248154517, -44.123644386700008 ] ] ] ] } },
{ "type": "Feature", "properties": { "STATE": "GUAVA", "County": "New Rico", "Longitude": -0.74, "Latitude": -34.96 }, "geometry": { "type": "MultiPolygon", "coordinates": [ [ [ [ -0.98793233, -34.966421584200006 ], [ -0.8528369202, -34.839835166200004 ], [ -0.7346123194, -34.870463211 ], [ -0.648613055, -34.927807081400005 ], [ -0.5573324644, -34.913137107600001 ], [ -0.521570268, -35.089047855500006 ], [ -0.98793233, -34.966421584200006 ] ] ] ] } },
{ "type": "Feature", "properties": { "STATE": "GUAVA", "County": "Guavas", "Longitude": 1.1, "Latitude": -34.12 }, "geometry": { "type": "MultiPolygon", "coordinates": [ [ [ [ 1.005510133, -34.277448470200007 ], [ 0.950589105300001, -34.072997808100006 ], [ 1.0064433368, -33.910629837900004 ], [ 1.1298380259, -33.835115506900003 ], [ 1.2807386757, -34.074571072800005 ], [ 1.0967161861, -34.459257634300002 ], [ 1.0977402835, -34.517928133500007 ], [ 1.005510133, -34.277448470200007 ] ] ] ] } },
{ "type": "Feature", "properties": { "STATE": "GUAVA", "County": "Arenablanca", "Longitude": -1.35, "Latitude": -35.25 }, "geometry": { "type": "MultiPolygon", "coordinates": [ [ [ [ -1.5337226958, -35.067590645900005 ], [ -1.1829657248, -35.203996134600004 ], [ -1.1829657248, -35.216987133600007 ], [ -1.1829657248, -35.288437627600004 ], [ -1.1829657248, -35.340401623300004 ], [ -1.1829657248, -35.418347616900007 ], [ -1.3323622125, -35.444329614700003 ], [ -1.338857711899999, -35.366383621200001 ], [ -1.338857711899999, -35.340401623300004 ], [ -1.4557767022, -35.262455629800002 ], [ -1.5597046936, -35.197500635200001 ], [ -1.5532091942, -35.132545640600007 ], [ -1.5337226958, -35.067590645900005 ] ] ] ] } },
{ "type": "Feature", "properties": { "STATE": "GUAVA", "County": "Bravón", "Longitude": -1.56, "Latitude": -33.63 }, "geometry": { "type": "MultiPolygon", "coordinates": [ [ [ [ -1.349445441499999, -33.412028581600005 ], [ -1.299979128099999, -33.844341244400006 ], [ -1.774077374, -33.901523639200008 ], [ -1.7911810147, -33.321925146500007 ], [ -1.7419231829, -33.342025481800007 ], [ -1.363414608, -33.412272414300006 ], [ -1.349445441499999, -33.412028581600005 ] ] ] ] } },
{ "type": "Feature", "properties": { "STATE": "GUAVA", "County": "Cresta", "Longitude": 0.02, "Latitude": -34.6 }, "geometry": { "type": "MultiPolygon", "coordinates": [ [ [ [ -0.5237173826, -35.100924226200007 ], [ -0.596075820399999, -34.531498555300004 ], [ 0.9742855809, -34.076071276100002 ], [ 1.0219690469, -34.253579174300008 ], [ 0.9326704991, -34.246220875500001 ], [ 0.8626009374, -34.318780030700005 ], [ 0.7384232084, -34.356615604300003 ], [ 0.4185977923, -34.424617253400001 ], [ 0.394188901800001, -34.558798474400007 ], [ 0.4396939734, -34.611506245300006 ], [ 0.2438906867, -34.632758026 ], [ -0.0219821617, -34.726568962 ], [ -0.0170029747, -35.011826396 ], [ -0.0434346599, -35.030121784400002 ], [ -0.2464406459, -35.149586407600005 ], [ -0.4436443289, -35.090609535 ], [ -0.5237173826, -35.100924226200007 ] ] ] ] } },
{ "type": "Feature", "properties": { "STATE": "GUAVA", "County": "San Braviel", "Longitude": 0.61, "Latitude": -33.44 }, "geometry": { "type": "MultiPolygon", "coordinates": [ [ [ [ 0.0203128078, -33.170396140900003 ], [ 0.966267241301555, -32.919555792464081 ], [ 0.970511284500001, -32.918430392300003 ], [ 0.976256828065702, -32.948757800771624 ], [ 1.1433563866, -33.830779929600006 ], [ 0.2219604786, -33.859939620100008 ], [ 0.0203128078, -33.170396140900003 ] ] ] ] } },
{ "type": "Feature", "properties": { "STATE": "GUAVA", "County": "Rocablanca", "Longitude": -0.6, "Latitude": -33.54 }, "geometry": { "type": "MultiPolygon", "coordinates": [ [ [ [ -1.3424583919, -33.389610973200007 ], [ -0.7156095577, -33.159619511800003 ], [ -0.067113926599999, -33.165823960400004 ], [ 0.0373863615, -33.128951937200007 ], [ 0.1874736615, -33.695861566900007 ], [ -1.0777354307, -33.998329584900006 ], [ -1.282104837299999, -33.835419037700007 ], [ -1.3424583919, -33.389610973200007 ] ] ] ] } },
{ "type": "Feature", "properties": { "STATE": "GUAVA", "County": "Peacock", "Longitude": 0.73, "Latitude": -34.52 }, "geometry": { "type": "MultiPolygon", "coordinates": [ [ [ [ 0.605103514900001, -34.802611552500004 ], [ 0.4434054907, -34.615319408800005 ], [ 0.3981742766, -34.565411697700007 ], [ 0.3960732238, -34.445042462700002 ], [ 0.6863876597, -34.376603474400007 ], [ 0.8882301385, -34.322383075900007 ], [ 0.9067934803, -34.296710439200005 ], [ 0.9635893229, -34.283044757800006 ], [ 0.9952654373, -34.282491849200007 ], [ 1.0816042771, -34.509122311 ], [ 0.605103514900001, -34.802611552500004 ] ] ] ] } },
{ "type": "Feature", "properties": { "STATE": "GUAVA", "County": "Luzverde", "Longitude": -1.19, "Latitude": -34.43 }, "geometry": { "type": "MultiPolygon", "coordinates": [ [ [ [ -1.2845248467, -33.844700661600001 ], [ -0.5879750848, -34.517350947800004 ], [ -0.552231551299999, -34.913195183300004 ], [ -0.6242947117, -34.914453050500001 ], [ -0.689906276399999, -34.872347234600007 ], [ -0.8273294281, -34.845911918 ], [ -0.9910621096, -34.964106069100005 ], [ -0.9762721174, -34.985473443800004 ], [ -1.2800694716, -34.925899641500003 ], [ -1.5800567511, -34.671629519200003 ], [ -1.7628196998, -34.112555749 ], [ -1.7663417278, -33.910778899800007 ], [ -1.2845248467, -33.844700661600001 ] ] ] ] } },
{ "type": "Feature", "properties": { "STATE": "GUAVA", "County": "San Juan", "Longitude": -0.06, "Latitude": -34.08 }, "geometry": { "type": "MultiPolygon", "coordinates": [ [ [ [ 0.1949913905, -33.703645466400005 ], [ 0.2211316624, -33.855833963100004 ], [ 1.112834916300001, -33.816785413100007 ], [ 1.0207723202, -33.924069524800004 ], [ 0.9768924018, -34.100964040200004 ], [ -0.5892822696, -34.515784615700007 ], [ -1.114988965399999, -33.996575094400001 ], [ 0.1949913905, -33.703645466400005 ] ] ] ] } },
{ "type": "Feature", "properties": { "STATE": "GUAVA", "County": "Nova Ardiente", "Longitude": 1.18, "Latitude": -33.45 }, "geometry": { "type": "MultiPolygon", "coordinates": [ [ [ [ 0.9644313124, -32.944689848900005 ], [ 0.976256828065702, -32.948757800771624 ], [ 1.224882704015277, -33.034284565607301 ], [ 1.2538557962, -33.044251246800002 ], [ 1.254395188901047, -33.048057058547229 ], [ 1.3657060756, -33.833437133900006 ], [ 1.2844986861, -34.050619588900005 ], [ 1.1305118889, -33.844080796300005 ], [ 0.9441377357, -32.905814079200006 ], [ 0.9644313124, -32.944689848900005 ] ] ] ] } },
{ "type": "Feature", "properties": { "STATE": "GUAVA", "County": "Corval", "Longitude": 0.24, "Latitude": -34.81 }, "geometry": { "type": "MultiPolygon", "coordinates": [ [ [ [ -0.0128337861, -35.042459671800003 ], [ -0.0152532161, -34.903850617400003 ], [ -0.040774155199999, -34.765644801300006 ], [ 0.257394858200001, -34.637194654500007 ], [ 0.442072518, -34.626268244800002 ], [ 0.6068745754, -34.800557145900001 ], [ -0.0128337861, -35.042459671800003 ] ] ] ] } },
{ "type": "Feature", "properties": { "STATE": "TURNIPS", "County": "Chartia", "Longitude": -0.2, "Latitude": -49.96 }, "geometry": { "type": "MultiPolygon", "coordinates": [ [ [ [ -0.389083666699999, -49.849290327200002 ], [ -0.4366755009, -49.758120140500004 ], [ -0.354542063199999, -49.719886133900005 ], [ -0.27144539, -49.736835857100004 ], [ -0.2338535405, -49.782180141600001 ], [ -0.1775460358, -49.845597924100005 ], [ -0.1025228761, -49.927089204600001 ], [ -0.0181418887, -50.017617234300005 ], [ 0.0118580651, -50.155094940900007 ], [ -0.051720256599999, -50.202205157300007 ], [ -0.1344958513, -50.203650010700002 ], [ -0.1724087794, -50.139911149600003 ], [ -0.389083666699999, -49.849290327200002 ] ] ] ] } },
{ "type": "Feature", "properties": { "STATE": "TURNIPS", "County": "Belmarque", "Longitude": -1.23, "Latitude": -49.97 }, "geometry": { "type": "MultiPolygon", "coordinates": [ [ [ [ -1.4008319298, -50.391355618500008 ], [ -1.4190659672, -50.400873985400004 ], [ -1.6839748457, -49.982293823 ], [ -1.0748202573, -49.566857007200007 ], [ -0.7376173865, -49.910574549 ], [ -1.4008319298, -50.391355618500008 ] ] ] ] } },
{ "type": "Feature", "properties": { "STATE": "TURNIPS", "County": "Arvenia", "Longitude": -1.76, "Latitude": -51.14 }, "geometry": { "type": "MultiPolygon", "coordinates": [ [ [ [ -1.326321216899999, -51.408590647100006 ], [ -1.9416912004, -51.806814865 ], [ -2.0163051143, -50.222959958300002 ], [ -1.9924186687, -50.246026830700004 ], [ -1.326321216899999, -51.408590647100006 ] ] ] ] } },
{ "type": "Feature", "properties": { "STATE": "TURNIPS", "County": "Arlatria", "Longitude": -2.5, "Latitude": -50.39 }, "geometry": { "type": "MultiPolygon", "coordinates": [ [ [ [ -2.0586913683, -49.812733106400003 ], [ -2.028248337, -50.211426522100005 ], [ -3.4091278676, -51.151398524700006 ], [ -2.0586913683, -49.812733106400003 ] ] ] ] } },
{ "type": "Feature", "properties": { "STATE": "TURNIPS", "County": "Aurstyn", "Longitude": -1.63, "Latitude": -50.54 }, "geometry": { "type": "MultiPolygon", "coordinates": [ [ [ [ -2.0165100076, -50.211221628800004 ], [ -1.6919346482, -49.970718026700006 ], [ -1.449996792899999, -50.377461692500006 ], [ -1.3382644397, -51.397057210900002 ], [ -2.0165100076, -50.211221628800004 ] ] ] ] } },
{ "type": "Feature", "properties": { "STATE": "FRELANDIA", "County": "Orvornia", "Longitude": -11.51, "Latitude": -50.29 }, "geometry": { "type": "MultiPolygon", "coordinates": [ [ [ [ -10.9553311782, -50.101364346300002 ], [ -10.611093882799999, -50.452779178700006 ], [ -12.311764157799999, -50.424503918500001 ], [ -12.345118337900001, -50.173923646600002 ], [ -10.9553311782, -50.101364346300002 ] ] ] ] } },
{ "type": "Feature", "properties": { "STATE": "FRELANDIA", "County": "Orlester", "Longitude": -11.69, "Latitude": -49.49 }, "geometry": { "type": "MultiPolygon", "coordinates": [ [ [ [ -11.9931978067, -49.858657809300006 ], [ -12.5505667267, -49.472322823 ], [ -10.9533791942, -49.106340484300006 ], [ -11.119116764099999, -49.572918006600005 ], [ -11.9931978067, -49.858657809300006 ] ] ] ] } },
{ "type": "Feature", "properties": { "STATE": "FRELANDIA", "County": "Ortarne", "Longitude": -9.73, "Latitude": -49.59 }, "geometry": { "type": "MultiPolygon", "coordinates": [ [ [ [ -10.383824628099999, -49.637364195 ], [ -9.108188761, -49.112772945600007 ], [ -9.304246318800001, -49.502598945 ], [ -9.7971471174, -50.042507788100004 ], [ -10.383824628099999, -49.637364195 ] ] ] ] } },
{ "type": "Feature", "properties": { "STATE": "FRELANDIA", "County": "Orvatar", "Longitude": -12.79, "Latitude": -49.84 }, "geometry": { "type": "MultiPolygon", "coordinates": [ [ [ [ -12.3457926028, -50.135295035700004 ], [ -13.3904507581, -50.056928661200004 ], [ -13.567987964, -49.847505493600003 ], [ -13.579330779, -49.751102532700003 ], [ -12.849095629699999, -49.525834139700002 ], [ -12.5505667267, -49.472322823 ], [ -12.002517827, -49.878140681 ], [ -12.3457926028, -50.135295035700004 ] ] ] ] } },
{ "type": "Feature", "properties": { "STATE": "FRELANDIA", "County": "Orlaviare", "Longitude": -8.95, "Latitude": -49.3 }, "geometry": { "type": "MultiPolygon", "coordinates": [ [ [ [ -8.9562310302, -49.092453465 ], [ -8.812019899499999, -49.144726927500002 ], [ -8.9067949238, -49.268606588400004 ], [ -8.8475133719, -49.284430494900008 ], [ -8.8671093929, -49.369065894200006 ], [ -8.7938638818, -49.460510073400002 ], [ -9.038240138699999, -49.464775676900004 ], [ -9.064329434899999, -49.418869725 ], [ -9.0397110365, -49.380508002 ], [ -9.099433857699999, -49.339403793 ], [ -8.9562310302, -49.092453465 ] ] ] ] } },
{ "type": "Feature", "properties": { "STATE": "FRELANDIA", "County": "Arlornia", "Longitude": -13.3, "Latitude": -50.18 }, "geometry": { "type": "MultiPolygon", "coordinates": [ [ [ [ -13.588819365500001, -49.760928251600006 ], [ -13.587302269399999, -49.847842626 ], [ -13.390787890599999, -50.037614355800002 ], [ -13.013316103599999, -50.079326036500007 ], [ -12.354944056800001, -50.164435060100004 ], [ -12.330741330799999, -50.444155356400003 ], [ -12.920501911199999, -50.415809285400002 ], [ -14.0624058586, -50.300499962300002 ], [ -14.0694856402, -49.894899548300003 ], [ -13.588819365500001, -49.760928251600006 ] ] ] ] } },
{ "type": "Feature", "properties": { "STATE": "FRELANDIA", "County": "Arlentar", "Longitude": -10.41, "Latitude": -50.05 }, "geometry": { "type": "MultiPolygon", "coordinates": [ [ [ [ -10.3931446483, -49.656847066700003 ], [ -9.796978551199999, -50.052164940800004 ], [ -10.6017738625, -50.433296307 ], [ -10.945674025500001, -50.10119578 ], [ -10.3931446483, -49.656847066700003 ] ] ] ] } },
{ "type": "Feature", "properties": { "STATE": "FRELANDIA", "County": "Arlornis", "Longitude": -11.33, "Latitude": -49.86 }, "geometry": { "type": "MultiPolygon", "coordinates": [ [ [ [ -11.269922750599999, -49.788072426 ], [ -11.273286363699999, -49.775550939 ], [ -11.465295486, -49.766322271700005 ], [ -11.472022712199999, -49.741279297800006 ], [ -11.39396922, -49.708466371400007 ], [ -11.2844199293, -49.678248733600007 ], [ -11.1395721843, -49.688300605900004 ], [ -11.064184774099999, -49.863107500200002 ], [ -11.2571427752, -49.979697386 ], [ -11.292825391699999, -49.917419233200008 ], [ -11.3741327364, -49.943998856200004 ], [ -11.278437973599999, -50.020954741900006 ], [ -11.397584180799999, -50.041904745300002 ], [ -11.423285718599999, -50.010902869700004 ], [ -11.492181337, -50.027830696 ], [ -11.5608025538, -50.060478981300001 ], [ -11.6332264263, -50.055453045200004 ], [ -11.637523005, -49.989481997300004 ], [ -11.549049391400001, -50.013098082800006 ], [ -11.4992927256, -49.980779079300007 ], [ -11.5686822669, -49.969410079200003 ], [ -11.5761778177, -49.900349819900001 ], [ -11.4015355643, -49.815530134300005 ], [ -11.269922750599999, -49.788072426 ] ] ] ] } },
{ "type": "Feature", "properties": { "STATE": "FRELANDIA", "County": "Orlentar", "Longitude": -14.89, "Latitude": -50.09 }, "geometry": { "type": "MultiPolygon", "coordinates": [ [ [ [ -14.069317074, -49.904556701 ], [ -14.0718944451, -50.310325681200005 ], [ -16.646259752500001, -50.036478258200006 ], [ -15.3813413132, -50.004738929700004 ], [ -14.069317074, -49.904556701 ] ] ] ] } },
{ "type": "Feature", "properties": { "STATE": "BRYT CITY", "County": "Orlencourt", "Longitude": 1.01, "Latitude": -42.9 }, "geometry": { "type": "MultiPolygon", "coordinates": [ [ [ [ 1.249266907200001, -43.319722354 ], [ 1.2038726308, -43.342419492200001 ], [ 1.107977221800001, -43.390367196700005 ], [ 1.0313743803, -43.224394373500004 ], [ 0.7590087218, -43.047356695500007 ], [ 0.7463055014, -42.755182625400003 ], [ 0.8057845632, -42.618380783300005 ], [ 0.8786852147, -42.478654534500002 ], [ 1.1811754925, -42.570716793 ], [ 1.2084120584, -42.938410432100007 ], [ 1.2487404272, -43.314808540600005 ], [ 1.249266907200001, -43.319722354 ] ] ] ] } },
{ "type": "Feature", "properties": { "STATE": "BRYT CITY", "County": "Draymere", "Longitude": 0.44, "Latitude": -42.85 }, "geometry": { "type": "MultiPolygon", "coordinates": [ [ [ [ 0.7590087218, -43.047356695500007 ], [ 1.0313743803, -43.224394373500004 ], [ 1.107977221800001, -43.390367196700005 ], [ 1.1119544507, -43.398984526100001 ], [ 1.0970197927, -43.408175084900002 ], [ 0.0100031608, -43.864453671100001 ], [ 0.1734225559, -42.883937300400007 ], [ -0.058088253799999, -42.107695173500005 ], [ 0.2551322535, -41.780856383200003 ], [ 0.908809834, -42.420915680800007 ], [ 0.8786852147, -42.478654534500002 ], [ 0.8057845632, -42.618380783300005 ], [ 0.7453904389, -42.734136188200004 ], [ 0.7463055014, -42.755182625400003 ], [ 0.7590087218, -43.047356695500007 ] ] ] ] } },
{ "type": "Feature", "properties": { "STATE": "BRYT CITY", "County": "Lorendale", "Longitude": 1.26, "Latitude": -41.87 }, "geometry": { "type": "MultiPolygon", "coordinates": [ [ [ [ 1.1952573766, -42.562198122400005 ], [ 0.9224281169, -42.475388812500007 ], [ 0.908809834, -42.420915680800007 ], [ 0.2823688193, -41.740001534500003 ], [ 0.8543367023, -41.168033651500004 ], [ 1.9846541852, -41.358689612500001 ], [ 1.957417619400001, -42.557098510100005 ], [ 1.9165548881, -42.557855227300003 ], [ 1.2220303413, -42.570716793 ], [ 1.1952573766, -42.562198122400005 ] ] ] ] } },
{ "type": "Feature", "properties": { "STATE": "BRYT CITY", "County": "Orshawrn", "Longitude": 1.27, "Latitude": -43.53 }, "geometry": { "type": "MultiPolygon", "coordinates": [ [ [ [ 0.050858009600001, -43.864453671100001 ], [ 1.0858475121, -43.415050334500002 ], [ 1.0970197927, -43.408175084900002 ], [ 1.1119544507, -43.398984526100001 ], [ 1.2038726308, -43.342419492200001 ], [ 1.249266907200001, -43.319722354 ], [ 1.2487404272, -43.314808540600005 ], [ 1.2628851901, -43.306104071100002 ], [ 1.1952573766, -42.562198122400005 ], [ 1.2220303413, -42.570716793 ], [ 1.9165548881, -42.557855227300003 ], [ 1.902944487700001, -43.864453671100001 ], [ 0.9769012486, -44.381948422300006 ], [ 0.050858009600001, -43.864453671100001 ] ] ] ] } }
]
}
